{
"type": "FeatureCollection",
"name": "CommunesSico2",
"crs": { "type": "name", "properties": { "name": "urn:ogc:def:crs:OGC:1.3:CRS84" } },
"features": [
{ "type": "Feature", "properties": { "id": "relation/36996", "ID_COMM": "310254", "NOMCOM": "LABEGE", "Commune": "LABEGE", "median": 790.67414115276188, "q1": 623.29502767627127 }, "geometry": { "type": "Polygon", "coordinates": [ [ [ 1.5388116, 43.5271862 ], [ 1.5412052, 43.5283483 ], [ 1.5412957, 43.5283332 ], [ 1.5435152, 43.529549 ], [ 1.544706, 43.5312811 ], [ 1.5462889, 43.5335128 ], [ 1.5465582, 43.5339541 ], [ 1.5468183, 43.5349623 ], [ 1.5471158, 43.5356765 ], [ 1.5454641, 43.5360543 ], [ 1.5439779, 43.5364603 ], [ 1.5431681, 43.5370225 ], [ 1.5430741, 43.5370926 ], [ 1.5428027, 43.5374169 ], [ 1.5425536, 43.5376679 ], [ 1.5423529, 43.5378596 ], [ 1.5420626, 43.5380853 ], [ 1.5418856, 43.53821 ], [ 1.5416513, 43.5383963 ], [ 1.5413819, 43.5385633 ], [ 1.5411701, 43.5386669 ], [ 1.5409698, 43.5387785 ], [ 1.5406882, 43.5389038 ], [ 1.5404062, 43.5390262 ], [ 1.5400701, 43.5391801 ], [ 1.5399751, 43.5392249 ], [ 1.5398748, 43.5392721 ], [ 1.5397184, 43.5393099 ], [ 1.5395222, 43.539332 ], [ 1.5394177, 43.5393075 ], [ 1.5393707, 43.5393429 ], [ 1.5390609, 43.5394804 ], [ 1.5386069, 43.5397009 ], [ 1.5386332, 43.5397331 ], [ 1.5377586, 43.5412164 ], [ 1.5375468, 43.541493 ], [ 1.5374607, 43.541576 ], [ 1.537325, 43.541762 ], [ 1.5372324, 43.5419347 ], [ 1.5373102, 43.5421982 ], [ 1.5345193, 43.542441 ], [ 1.5342024, 43.5425564 ], [ 1.5337665, 43.5425805 ], [ 1.5336328, 43.542655 ], [ 1.5329776, 43.5426352 ], [ 1.5331985, 43.543177 ], [ 1.5332049, 43.5433158 ], [ 1.5332879, 43.5433164 ], [ 1.533907, 43.5447874 ], [ 1.5344607, 43.5455699 ], [ 1.5335818, 43.5461554 ], [ 1.5322897, 43.5469003 ], [ 1.5318203, 43.5471455 ], [ 1.5317264, 43.5471581 ], [ 1.531658, 43.5472145 ], [ 1.5307738, 43.5476409 ], [ 1.5307492, 43.5476166 ], [ 1.5296222, 43.5481246 ], [ 1.529018, 43.5483195 ], [ 1.528458, 43.5483155 ], [ 1.527498, 43.548462 ], [ 1.5274022, 43.5484648 ], [ 1.5273411, 43.5483799 ], [ 1.524106, 43.5486132 ], [ 1.5233409, 43.5487435 ], [ 1.523269, 43.5487481 ], [ 1.5224855, 43.5487947 ], [ 1.5218064, 43.549001 ], [ 1.5200953, 43.5491335 ], [ 1.5166211, 43.5492563 ], [ 1.5161777, 43.5492168 ], [ 1.5160734, 43.5492583 ], [ 1.5155058, 43.5497145 ], [ 1.5153514, 43.5497487 ], [ 1.5152952, 43.5498185 ], [ 1.5150742, 43.5499988 ], [ 1.5128805, 43.5515406 ], [ 1.5115559, 43.5525268 ], [ 1.5099448, 43.5535169 ], [ 1.5100618, 43.5543567 ], [ 1.509963, 43.5545973 ], [ 1.507697, 43.5558331 ], [ 1.5070747, 43.556429 ], [ 1.5062894, 43.5575416 ], [ 1.5062099, 43.5574921 ], [ 1.5061472, 43.5574469 ], [ 1.5060073, 43.5573585 ], [ 1.5055858, 43.557048 ], [ 1.5052372, 43.5567822 ], [ 1.5045543, 43.5562616 ], [ 1.5044256, 43.556211 ], [ 1.504097, 43.5558764 ], [ 1.5033092, 43.5554628 ], [ 1.5034241, 43.5553426 ], [ 1.5031968, 43.5552236 ], [ 1.5032087, 43.5552095 ], [ 1.5026924, 43.554918 ], [ 1.5022469, 43.5546792 ], [ 1.501658, 43.5543758 ], [ 1.5006285, 43.5538469 ], [ 1.4992094, 43.5535592 ], [ 1.4985619, 43.5535383 ], [ 1.498597, 43.5534478 ], [ 1.4977334, 43.5535013 ], [ 1.4976479, 43.5536095 ], [ 1.4975685, 43.5535847 ], [ 1.4974226, 43.5535626 ], [ 1.497197, 43.5535188 ], [ 1.4959638, 43.5535522 ], [ 1.4966044, 43.5519254 ], [ 1.496747, 43.5519012 ], [ 1.4971264, 43.5516627 ], [ 1.4971923, 43.5512426 ], [ 1.4975482, 43.5508797 ], [ 1.4975501, 43.5507464 ], [ 1.4974731, 43.5506034 ], [ 1.4973232, 43.5504758 ], [ 1.4987986, 43.5489261 ], [ 1.4988301, 43.5487034 ], [ 1.4989137, 43.5486029 ], [ 1.4988507, 43.5485863 ], [ 1.4987255, 43.5480498 ], [ 1.4986741, 43.5474311 ], [ 1.4985417, 43.546959 ], [ 1.498416, 43.5469098 ], [ 1.4985058, 43.5468139 ], [ 1.4984716, 43.5466238 ], [ 1.4984617, 43.5465264 ], [ 1.4984667, 43.5464719 ], [ 1.4984827, 43.5464322 ], [ 1.4985228, 43.5463899 ], [ 1.4990069, 43.5460085 ], [ 1.4991432, 43.5459751 ], [ 1.4997488, 43.5460554 ], [ 1.5001056, 43.5458466 ], [ 1.5001549, 43.5457136 ], [ 1.5001034, 43.545557 ], [ 1.4998652, 43.5454173 ], [ 1.4996014, 43.5450526 ], [ 1.4995079, 43.5448984 ], [ 1.4994978, 43.5448724 ], [ 1.4994941, 43.5448399 ], [ 1.4995105, 43.5447941 ], [ 1.4995618, 43.5447482 ], [ 1.4996281, 43.5447264 ], [ 1.4996711, 43.5447216 ], [ 1.4998198, 43.5447078 ], [ 1.5001261, 43.5448007 ], [ 1.5004477, 43.5449122 ], [ 1.500515, 43.544911 ], [ 1.500562, 43.5448974 ], [ 1.5005811, 43.5448725 ], [ 1.5005809, 43.544832 ], [ 1.5005248, 43.5447378 ], [ 1.5004666, 43.5446415 ], [ 1.500427, 43.5445365 ], [ 1.500362, 43.5444145 ], [ 1.50034, 43.5443187 ], [ 1.5003283, 43.5442674 ], [ 1.5003238, 43.5442459 ], [ 1.5002921, 43.5441752 ], [ 1.5001311, 43.5440298 ], [ 1.5000661, 43.543944 ], [ 1.5000694, 43.5438996 ], [ 1.500087, 43.5438649 ], [ 1.5001566, 43.543796 ], [ 1.5001759, 43.5437759 ], [ 1.5002046, 43.5437606 ], [ 1.5002405, 43.5437509 ], [ 1.50055, 43.543778 ], [ 1.5008108, 43.5435371 ], [ 1.5009177, 43.5435268 ], [ 1.5010642, 43.5436188 ], [ 1.5011582, 43.5438678 ], [ 1.501356, 43.5438937 ], [ 1.5016265, 43.5438347 ], [ 1.5016963, 43.5437465 ], [ 1.5016395, 43.5436696 ], [ 1.5016566, 43.5435356 ], [ 1.5018265, 43.5434815 ], [ 1.5020773, 43.5435265 ], [ 1.5021982, 43.5434886 ], [ 1.5021971, 43.5433512 ], [ 1.5019573, 43.5431687 ], [ 1.5019731, 43.5430236 ], [ 1.5020463, 43.5427958 ], [ 1.5023142, 43.5426027 ], [ 1.5029608, 43.5424512 ], [ 1.5033147, 43.5426489 ], [ 1.5036753, 43.5425729 ], [ 1.5039914, 43.5426373 ], [ 1.5041123, 43.542596 ], [ 1.5042195, 43.5424483 ], [ 1.5041347, 43.5423024 ], [ 1.5039709, 43.542248 ], [ 1.5035933, 43.5422253 ], [ 1.503112, 43.5419901 ], [ 1.5030724, 43.5417748 ], [ 1.5031438, 43.54168 ], [ 1.5033001, 43.5416135 ], [ 1.5038263, 43.5415819 ], [ 1.5041825, 43.5412753 ], [ 1.5044408, 43.5412206 ], [ 1.506148, 43.5411789 ], [ 1.5069353, 43.5407767 ], [ 1.5071218, 43.5409466 ], [ 1.5079533, 43.5401014 ], [ 1.5076716, 43.5399796 ], [ 1.5078717, 43.5395022 ], [ 1.5080809, 43.5384784 ], [ 1.5079295, 43.5383033 ], [ 1.50797, 43.5382371 ], [ 1.5081367, 43.5381906 ], [ 1.5081739, 43.5383683 ], [ 1.5084443, 43.5382029 ], [ 1.5086378, 43.5379881 ], [ 1.5087109, 43.5377714 ], [ 1.5086767, 43.537269 ], [ 1.5088834, 43.5368649 ], [ 1.5092656, 43.5365518 ], [ 1.5100363, 43.5361295 ], [ 1.5104351, 43.5358232 ], [ 1.510755, 43.5349454 ], [ 1.511412, 43.5341455 ], [ 1.5112147, 43.5335399 ], [ 1.5110995, 43.5333905 ], [ 1.5116629, 43.5330765 ], [ 1.5122707, 43.5325345 ], [ 1.5122654, 43.5320345 ], [ 1.5124286, 43.5317963 ], [ 1.5126974, 43.5316522 ], [ 1.5127945, 43.5315178 ], [ 1.512779, 43.5312596 ], [ 1.5129368, 43.5312088 ], [ 1.5131174, 43.5314058 ], [ 1.5133498, 43.5314664 ], [ 1.5136615, 43.5309629 ], [ 1.5147413, 43.5308515 ], [ 1.5143847, 43.5305323 ], [ 1.513748, 43.5305664 ], [ 1.5133689, 43.5304168 ], [ 1.5134211, 43.5302867 ], [ 1.5137342, 43.5303461 ], [ 1.5140623, 43.5297163 ], [ 1.5137265, 43.5294712 ], [ 1.5136938, 43.5293923 ], [ 1.513739, 43.5293261 ], [ 1.5143287, 43.5294437 ], [ 1.5152619, 43.5289845 ], [ 1.5154755, 43.5287817 ], [ 1.5153603, 43.5287117 ], [ 1.5151897, 43.5284492 ], [ 1.515054, 43.5279546 ], [ 1.5146764, 43.5275754 ], [ 1.514573, 43.5272251 ], [ 1.5145682, 43.5269985 ], [ 1.515183, 43.5266864 ], [ 1.5156421, 43.5266304 ], [ 1.5155404, 43.5265232 ], [ 1.517478, 43.5256968 ], [ 1.5175559, 43.5256832 ], [ 1.5176633, 43.5257801 ], [ 1.5183235, 43.525228 ], [ 1.5186405, 43.5253434 ], [ 1.5189633, 43.5253174 ], [ 1.5191094, 43.5251404 ], [ 1.5191044, 43.5249425 ], [ 1.5190241, 43.5248458 ], [ 1.5189968, 43.5245686 ], [ 1.5188446, 43.5243329 ], [ 1.5188533, 43.5242651 ], [ 1.5193242, 43.5242091 ], [ 1.5196363, 43.5241068 ], [ 1.5194788, 43.5239813 ], [ 1.5204219, 43.5240447 ], [ 1.5207313, 43.5238575 ], [ 1.5206647, 43.5233341 ], [ 1.5218747, 43.5220538 ], [ 1.5226531, 43.5215314 ], [ 1.5230318, 43.5217363 ], [ 1.5231617, 43.5216406 ], [ 1.5234949, 43.5216256 ], [ 1.5257004, 43.522736 ], [ 1.5267962, 43.5232768 ], [ 1.5270585, 43.5233905 ], [ 1.5286882, 43.524016 ], [ 1.5292375, 43.5242269 ], [ 1.5301237, 43.5237672 ], [ 1.5302064, 43.5238111 ], [ 1.5308324, 43.5240598 ], [ 1.5313115, 43.5243172 ], [ 1.5323569, 43.5249155 ], [ 1.5324572, 43.5250074 ], [ 1.5320633, 43.5254569 ], [ 1.533037, 43.5258515 ], [ 1.533241, 43.5256162 ], [ 1.5340333, 43.5252905 ], [ 1.5349329, 43.5258722 ], [ 1.5356475, 43.5255866 ], [ 1.5364723, 43.5260952 ], [ 1.5365917, 43.5261681 ], [ 1.5373941, 43.5266515 ], [ 1.5382852, 43.5269876 ], [ 1.5387464, 43.5271613 ], [ 1.5388116, 43.5271862 ] ] ] } },
{ "type": "Feature", "properties": { "id": "relation/115053", "ID_COMM": "310284", "NOMCOM": "LAUZERVILLE", "Commune": "LAUZERVILLE", "median": 951.20499311760068, "q1": 588.89621986239308 }, "geometry": { "type": "Polygon", "coordinates": [ [ [ 1.5743037, 43.5499124 ], [ 1.5746673, 43.550543 ], [ 1.576401, 43.5500329 ], [ 1.57644, 43.5500415 ], [ 1.5768304, 43.5508189 ], [ 1.5767888, 43.5508488 ], [ 1.5752178, 43.5515559 ], [ 1.5752058, 43.5515751 ], [ 1.5767387, 43.552801 ], [ 1.578122, 43.5543942 ], [ 1.5781903, 43.5544571 ], [ 1.5783347, 43.5545842 ], [ 1.5793472, 43.5553973 ], [ 1.5803658, 43.5561723 ], [ 1.5808453, 43.5566181 ], [ 1.5815559, 43.5571485 ], [ 1.5819176, 43.5574185 ], [ 1.5819754, 43.5573786 ], [ 1.5828941, 43.5581511 ], [ 1.5819543, 43.5584624 ], [ 1.5812301, 43.5588102 ], [ 1.5802975, 43.5593395 ], [ 1.5792319, 43.5598757 ], [ 1.5782148, 43.5604252 ], [ 1.5781969, 43.5604488 ], [ 1.5782106, 43.5604884 ], [ 1.5795722, 43.5620872 ], [ 1.5795224, 43.5621073 ], [ 1.5795145, 43.5621349 ], [ 1.5804166, 43.5632082 ], [ 1.5789242, 43.563786 ], [ 1.5788424, 43.5637533 ], [ 1.5777282, 43.5642485 ], [ 1.5775393, 43.5640455 ], [ 1.5769598, 43.5633297 ], [ 1.5768829, 43.5633624 ], [ 1.5765183, 43.563586 ], [ 1.5748546, 43.5646916 ], [ 1.5735872, 43.565364 ], [ 1.5734713, 43.5654089 ], [ 1.5733467, 43.5654333 ], [ 1.5730942, 43.5650784 ], [ 1.5724203, 43.5651991 ], [ 1.5720003, 43.5651406 ], [ 1.5719333, 43.5650669 ], [ 1.5719087, 43.5650655 ], [ 1.5712698, 43.5653013 ], [ 1.5712462, 43.5653334 ], [ 1.5712948, 43.5654081 ], [ 1.5709151, 43.5654782 ], [ 1.5708975, 43.5655011 ], [ 1.5717023, 43.5668539 ], [ 1.571674, 43.5668811 ], [ 1.570908, 43.567168 ], [ 1.57042, 43.5673315 ], [ 1.5692867, 43.5676708 ], [ 1.568787, 43.5667218 ], [ 1.5683186, 43.5659137 ], [ 1.5673981, 43.5660535 ], [ 1.5673789, 43.5660774 ], [ 1.5675383, 43.5664857 ], [ 1.5675127, 43.5665076 ], [ 1.5666508, 43.5667658 ], [ 1.5658812, 43.5670375 ], [ 1.5658072, 43.5670231 ], [ 1.5656069, 43.5668482 ], [ 1.5654608, 43.566693 ], [ 1.5654101, 43.5666634 ], [ 1.564559, 43.5663772 ], [ 1.56438, 43.5663167 ], [ 1.5642584, 43.5663046 ], [ 1.5633194, 43.5663288 ], [ 1.5631677, 43.5663716 ], [ 1.5628115, 43.5665459 ], [ 1.5619903, 43.5668125 ], [ 1.5606779, 43.5672679 ], [ 1.560122, 43.5674446 ], [ 1.5593135, 43.5661408 ], [ 1.5593285, 43.5661236 ], [ 1.559659, 43.566006 ], [ 1.5590634, 43.565052 ], [ 1.5590282, 43.5650464 ], [ 1.5588287, 43.5650926 ], [ 1.5587026, 43.5650835 ], [ 1.5586413, 43.5650054 ], [ 1.5585955, 43.5650047 ], [ 1.5585592, 43.5649646 ], [ 1.5585193, 43.5649525 ], [ 1.5573441, 43.563125 ], [ 1.5573804, 43.5630795 ], [ 1.5568639, 43.5622178 ], [ 1.5567883, 43.5621442 ], [ 1.5567263, 43.5621145 ], [ 1.5565823, 43.5620898 ], [ 1.5561294, 43.5620536 ], [ 1.5562003, 43.5619843 ], [ 1.5569262, 43.5615756 ], [ 1.5565018, 43.5612129 ], [ 1.5564794, 43.5611726 ], [ 1.5568855, 43.5608808 ], [ 1.5568756, 43.5608472 ], [ 1.556542, 43.5605414 ], [ 1.5565297, 43.5605111 ], [ 1.5567488, 43.5603779 ], [ 1.5568215, 43.560299 ], [ 1.5568073, 43.5602157 ], [ 1.5562397, 43.559618 ], [ 1.5554212, 43.5601388 ], [ 1.5550678, 43.5603637 ], [ 1.5547418, 43.5600604 ], [ 1.5544359, 43.5602451 ], [ 1.5540567, 43.5597929 ], [ 1.5537682, 43.5598884 ], [ 1.5530078, 43.5601548 ], [ 1.5523016, 43.5604309 ], [ 1.5521795, 43.5604356 ], [ 1.5521166, 43.5604192 ], [ 1.5516411, 43.560595 ], [ 1.550785, 43.5590452 ], [ 1.5507012, 43.5589853 ], [ 1.5502941, 43.5587737 ], [ 1.5501514, 43.5586553 ], [ 1.5498559, 43.5583481 ], [ 1.5487678, 43.5573383 ], [ 1.5485909, 43.5571288 ], [ 1.5482904, 43.5566958 ], [ 1.5482812, 43.5566307 ], [ 1.5491229, 43.5562261 ], [ 1.5493084, 43.5560528 ], [ 1.5495946, 43.5556316 ], [ 1.5496916, 43.5555505 ], [ 1.549832, 43.555501 ], [ 1.550221, 43.5554257 ], [ 1.5504604, 43.5553953 ], [ 1.5507043, 43.5553887 ], [ 1.5510385, 43.5554405 ], [ 1.5513631, 43.5553952 ], [ 1.5516548, 43.5553752 ], [ 1.5520622, 43.5552506 ], [ 1.553441, 43.5546609 ], [ 1.5538753, 43.5544305 ], [ 1.5538765, 43.5544026 ], [ 1.5537018, 43.5540273 ], [ 1.5535132, 43.5537621 ], [ 1.5529923, 43.5532856 ], [ 1.5530295, 43.5532557 ], [ 1.553819, 43.5529843 ], [ 1.5560317, 43.5523167 ], [ 1.5563117, 43.5522163 ], [ 1.5572465, 43.5518587 ], [ 1.5573574, 43.5518088 ], [ 1.5574671, 43.551776 ], [ 1.5574824, 43.5518212 ], [ 1.5575058, 43.551956 ], [ 1.5579991, 43.5531766 ], [ 1.5581169, 43.5534769 ], [ 1.5581989, 43.5535957 ], [ 1.5583115, 43.5535803 ], [ 1.5585367, 43.5534902 ], [ 1.5588957, 43.5532127 ], [ 1.5591013, 43.5532495 ], [ 1.5591508, 43.553237 ], [ 1.5594619, 43.5531518 ], [ 1.5599782, 43.5529893 ], [ 1.5601459, 43.5528928 ], [ 1.560233, 43.5528164 ], [ 1.5602938, 43.5527347 ], [ 1.5603749, 43.5526016 ], [ 1.5604202, 43.5525182 ], [ 1.5604841, 43.5524538 ], [ 1.5608287, 43.5523238 ], [ 1.5611438, 43.5521952 ], [ 1.5611949, 43.5521406 ], [ 1.5612557, 43.5519687 ], [ 1.561321, 43.5519269 ], [ 1.5614971, 43.5518494 ], [ 1.5617026, 43.5518317 ], [ 1.5621158, 43.5515958 ], [ 1.5622637, 43.5515238 ], [ 1.5624513, 43.5513118 ], [ 1.5625297, 43.5512222 ], [ 1.5625915, 43.5511446 ], [ 1.5627506, 43.5510748 ], [ 1.5629391, 43.5510429 ], [ 1.5630997, 43.5510443 ], [ 1.5632254, 43.5510871 ], [ 1.5633456, 43.551141 ], [ 1.5634996, 43.5511595 ], [ 1.5636102, 43.5511385 ], [ 1.5636519, 43.551066 ], [ 1.5636559, 43.5506793 ], [ 1.5636984, 43.5506393 ], [ 1.5638642, 43.5505932 ], [ 1.564001, 43.5505336 ], [ 1.5643483, 43.5503789 ], [ 1.5643827, 43.5503206 ], [ 1.5644489, 43.5502153 ], [ 1.5645125, 43.5501473 ], [ 1.5645826, 43.5500844 ], [ 1.5647971, 43.5499329 ], [ 1.5648852, 43.5498603 ], [ 1.5649153, 43.549784 ], [ 1.5649441, 43.5496329 ], [ 1.5651349, 43.5494112 ], [ 1.5652288, 43.5493207 ], [ 1.5655688, 43.5490491 ], [ 1.5659625, 43.5487648 ], [ 1.5663376, 43.5484489 ], [ 1.5665955, 43.5482015 ], [ 1.5667212, 43.5484781 ], [ 1.5667775, 43.5486583 ], [ 1.5668137, 43.5486589 ], [ 1.566909, 43.5486667 ], [ 1.5671994, 43.5485807 ], [ 1.5677642, 43.5483344 ], [ 1.5681987, 43.5482168 ], [ 1.5690125, 43.5480352 ], [ 1.5702755, 43.5490983 ], [ 1.57087, 43.5496223 ], [ 1.570976, 43.5496537 ], [ 1.5715085, 43.5500035 ], [ 1.5715481, 43.5500755 ], [ 1.5717405, 43.5501507 ], [ 1.5718404, 43.5502009 ], [ 1.573411, 43.5501386 ], [ 1.573365, 43.5500507 ], [ 1.5741093, 43.5499666 ], [ 1.5743037, 43.5499124 ] ] ] } },
{ "type": "Feature", "properties": { "id": "relation/115056", "ID_COMM": "310036", "NOMCOM": "AUZIELLE", "Commune": "AUZIELLE", "median": 963.57533304905519, "q1": 853.35326853854872 }, "geometry": { "type": "Polygon", "coordinates": [ [ [ 1.5855421, 43.5363711 ], [ 1.585388, 43.5365444 ], [ 1.5851594, 43.5367318 ], [ 1.5849021, 43.5368825 ], [ 1.5847044, 43.5369612 ], [ 1.5843948, 43.5370568 ], [ 1.5841115, 43.5371352 ], [ 1.5838036, 43.5372445 ], [ 1.583456, 43.5374064 ], [ 1.5830122, 43.537622 ], [ 1.5827668, 43.5377668 ], [ 1.5835748, 43.5378 ], [ 1.5836893, 43.5378883 ], [ 1.5838599, 43.5380627 ], [ 1.5840309, 43.5382956 ], [ 1.5838864, 43.5384509 ], [ 1.5837466, 43.5386071 ], [ 1.5835303, 43.5387343 ], [ 1.5833773, 43.5388373 ], [ 1.5832051, 43.5389586 ], [ 1.5830511, 43.5390748 ], [ 1.5828326, 43.5392153 ], [ 1.5823031, 43.5396732 ], [ 1.5819209, 43.5401238 ], [ 1.5828312, 43.540684 ], [ 1.5834905, 43.5404066 ], [ 1.5845123, 43.5396733 ], [ 1.5862032, 43.5414381 ], [ 1.5860608, 43.5415591 ], [ 1.5859064, 43.5416577 ], [ 1.5833727, 43.5431875 ], [ 1.5832854, 43.5432372 ], [ 1.5830903, 43.5432329 ], [ 1.5827745, 43.5431356 ], [ 1.5823953, 43.5429591 ], [ 1.5821604, 43.5428566 ], [ 1.5817683, 43.5425891 ], [ 1.581606, 43.5424325 ], [ 1.5811262, 43.5421506 ], [ 1.5809775, 43.542285 ], [ 1.5808982, 43.5423618 ], [ 1.5805348, 43.5427001 ], [ 1.5803249, 43.5428469 ], [ 1.5799135, 43.5430785 ], [ 1.5797708, 43.5430506 ], [ 1.5796311, 43.542981 ], [ 1.5794129, 43.5429764 ], [ 1.5790887, 43.5430708 ], [ 1.5787513, 43.5431869 ], [ 1.5778697, 43.5434941 ], [ 1.5778195, 43.5434985 ], [ 1.5778054, 43.5435158 ], [ 1.5776961, 43.5435746 ], [ 1.5769299, 43.5438735 ], [ 1.5767812, 43.5439634 ], [ 1.5766255, 43.5440905 ], [ 1.5761014, 43.5444746 ], [ 1.5756477, 43.5448271 ], [ 1.5753939, 43.5449442 ], [ 1.5752312, 43.5450066 ], [ 1.57605, 43.5458267 ], [ 1.5757652, 43.5460999 ], [ 1.5749137, 43.5465058 ], [ 1.5755343, 43.547129 ], [ 1.5754101, 43.5472427 ], [ 1.5762849, 43.5482919 ], [ 1.5751372, 43.5490843 ], [ 1.5741783, 43.5497208 ], [ 1.5741196, 43.5496121 ], [ 1.5729761, 43.5497741 ], [ 1.5730668, 43.5499398 ], [ 1.5717405, 43.5501507 ], [ 1.5715481, 43.5500755 ], [ 1.5715085, 43.5500035 ], [ 1.570976, 43.5496537 ], [ 1.57087, 43.5496223 ], [ 1.5702755, 43.5490983 ], [ 1.5690125, 43.5480352 ], [ 1.5681987, 43.5482168 ], [ 1.5677642, 43.5483344 ], [ 1.5671994, 43.5485807 ], [ 1.566909, 43.5486667 ], [ 1.5668137, 43.5486589 ], [ 1.5667775, 43.5486583 ], [ 1.5667212, 43.5484781 ], [ 1.5665955, 43.5482015 ], [ 1.5663376, 43.5484489 ], [ 1.5659625, 43.5487648 ], [ 1.5655688, 43.5490491 ], [ 1.5652288, 43.5493207 ], [ 1.5651349, 43.5494112 ], [ 1.5649441, 43.5496329 ], [ 1.5649153, 43.549784 ], [ 1.5648852, 43.5498603 ], [ 1.5647971, 43.5499329 ], [ 1.5645826, 43.5500844 ], [ 1.5645125, 43.5501473 ], [ 1.5644489, 43.5502153 ], [ 1.5643827, 43.5503206 ], [ 1.5643483, 43.5503789 ], [ 1.564001, 43.5505336 ], [ 1.5638642, 43.5505932 ], [ 1.5636984, 43.5506393 ], [ 1.5636559, 43.5506793 ], [ 1.5636519, 43.551066 ], [ 1.5636102, 43.5511385 ], [ 1.5634996, 43.5511595 ], [ 1.5633456, 43.551141 ], [ 1.5632254, 43.5510871 ], [ 1.5630997, 43.5510443 ], [ 1.5629391, 43.5510429 ], [ 1.5627506, 43.5510748 ], [ 1.5625915, 43.5511446 ], [ 1.5625297, 43.5512222 ], [ 1.5624513, 43.5513118 ], [ 1.5622637, 43.5515238 ], [ 1.5621158, 43.5515958 ], [ 1.5617026, 43.5518317 ], [ 1.5614971, 43.5518494 ], [ 1.561321, 43.5519269 ], [ 1.5612557, 43.5519687 ], [ 1.5611949, 43.5521406 ], [ 1.5611438, 43.5521952 ], [ 1.5608287, 43.5523238 ], [ 1.5604841, 43.5524538 ], [ 1.5604202, 43.5525182 ], [ 1.5603749, 43.5526016 ], [ 1.5602938, 43.5527347 ], [ 1.560233, 43.5528164 ], [ 1.5601459, 43.5528928 ], [ 1.5599782, 43.5529893 ], [ 1.5594619, 43.5531518 ], [ 1.5591508, 43.553237 ], [ 1.5591013, 43.5532495 ], [ 1.5588957, 43.5532127 ], [ 1.5585367, 43.5534902 ], [ 1.5583115, 43.5535803 ], [ 1.5581989, 43.5535957 ], [ 1.5581169, 43.5534769 ], [ 1.5579991, 43.5531766 ], [ 1.5575058, 43.551956 ], [ 1.5574824, 43.5518212 ], [ 1.5574671, 43.551776 ], [ 1.5574613, 43.5517126 ], [ 1.5574167, 43.5516293 ], [ 1.5573951, 43.5515716 ], [ 1.5573678, 43.5514888 ], [ 1.557075, 43.5509187 ], [ 1.5567189, 43.5502258 ], [ 1.556444, 43.5496898 ], [ 1.5564104, 43.5496173 ], [ 1.5562393, 43.5495158 ], [ 1.5561812, 43.5494652 ], [ 1.5559784, 43.5493045 ], [ 1.55583, 43.549176 ], [ 1.5558088, 43.5491533 ], [ 1.5556959, 43.5490187 ], [ 1.5555463, 43.5487728 ], [ 1.5554859, 43.5486403 ], [ 1.5555013, 43.5485623 ], [ 1.5555238, 43.5484843 ], [ 1.5555294, 43.5484218 ], [ 1.5555207, 43.5483557 ], [ 1.5554763, 43.5482807 ], [ 1.5554749, 43.5482077 ], [ 1.5554283, 43.5481171 ], [ 1.5553631, 43.5479881 ], [ 1.5553069, 43.5479008 ], [ 1.5552732, 43.5477425 ], [ 1.5552359, 43.547671 ], [ 1.5551651, 43.5476063 ], [ 1.5551446, 43.5475262 ], [ 1.5551035, 43.5473852 ], [ 1.5550239, 43.5472648 ], [ 1.5548206, 43.5471054 ], [ 1.5548301, 43.546923 ], [ 1.5548621, 43.5467896 ], [ 1.5548991, 43.5467129 ], [ 1.5549282, 43.5465495 ], [ 1.5549299, 43.5464203 ], [ 1.5550238, 43.5462917 ], [ 1.5550451, 43.5462133 ], [ 1.5550774, 43.5461497 ], [ 1.5550776, 43.5459599 ], [ 1.5550916, 43.545924 ], [ 1.5552502, 43.5456617 ], [ 1.5552698, 43.5455407 ], [ 1.555332, 43.5454299 ], [ 1.5554099, 43.5453143 ], [ 1.5554217, 43.5452751 ], [ 1.555407, 43.5451948 ], [ 1.5552813, 43.5450445 ], [ 1.5551817, 43.5448847 ], [ 1.5551012, 43.5448194 ], [ 1.5550594, 43.54471 ], [ 1.5549209, 43.5446037 ], [ 1.5548941, 43.5445166 ], [ 1.5549292, 43.5443615 ], [ 1.5549302, 43.5442838 ], [ 1.5549234, 43.544219 ], [ 1.5549045, 43.5441098 ], [ 1.5549028, 43.5440413 ], [ 1.5549471, 43.543964 ], [ 1.5549507, 43.5438845 ], [ 1.5549302, 43.543789 ], [ 1.5549299, 43.543719 ], [ 1.5549052, 43.5436751 ], [ 1.5548772, 43.5436058 ], [ 1.5548397, 43.5435329 ], [ 1.5547734, 43.5434545 ], [ 1.5547402, 43.5434184 ], [ 1.5546791, 43.5433051 ], [ 1.5546471, 43.5432673 ], [ 1.5545962, 43.5432048 ], [ 1.5545358, 43.5431318 ], [ 1.5544618, 43.5430831 ], [ 1.5542746, 43.5429576 ], [ 1.5541685, 43.5428851 ], [ 1.5540906, 43.5428609 ], [ 1.5539977, 43.5428493 ], [ 1.5539651, 43.5428511 ], [ 1.5538887, 43.5428423 ], [ 1.5538549, 43.5428287 ], [ 1.5538077, 43.5427521 ], [ 1.5537403, 43.5427094 ], [ 1.553708, 43.5426896 ], [ 1.5536603, 43.5426553 ], [ 1.5535999, 43.5426209 ], [ 1.5535182, 43.5425832 ], [ 1.5534888, 43.5425562 ], [ 1.5534441, 43.5425096 ], [ 1.553368, 43.5424843 ], [ 1.5533272, 43.5424614 ], [ 1.553271, 43.5424218 ], [ 1.5531885, 43.5423471 ], [ 1.5531339, 43.5422983 ], [ 1.5530833, 43.542267 ], [ 1.5530069, 43.5422583 ], [ 1.5529169, 43.5422133 ], [ 1.5528694, 43.5421605 ], [ 1.55286, 43.5421254 ], [ 1.5527971, 43.5419529 ], [ 1.5527667, 43.5418939 ], [ 1.5526598, 43.5417294 ], [ 1.5526264, 43.5416807 ], [ 1.5526313, 43.5416354 ], [ 1.5526133, 43.5416013 ], [ 1.5525151, 43.5415337 ], [ 1.5524607, 43.5414684 ], [ 1.5524146, 43.5414176 ], [ 1.5522784, 43.5413301 ], [ 1.552158, 43.5412142 ], [ 1.5521279, 43.5411877 ], [ 1.5520431, 43.541145 ], [ 1.5519786, 43.5410982 ], [ 1.5518899, 43.5410186 ], [ 1.5516991, 43.5408825 ], [ 1.5516291, 43.5408125 ], [ 1.5515741, 43.5407069 ], [ 1.551546, 43.5406361 ], [ 1.5513508, 43.5405105 ], [ 1.5511895, 43.5404494 ], [ 1.5512777, 43.5403458 ], [ 1.5513337, 43.5402724 ], [ 1.5513493, 43.5400746 ], [ 1.5514252, 43.5399128 ], [ 1.551499, 43.5397472 ], [ 1.5515668, 43.5396448 ], [ 1.5516993, 43.5395477 ], [ 1.5517598, 43.53948 ], [ 1.5518409, 43.5394012 ], [ 1.5518653, 43.5393592 ], [ 1.5518677, 43.5393084 ], [ 1.551841, 43.5392648 ], [ 1.5517248, 43.5391586 ], [ 1.5516721, 43.538965 ], [ 1.5515261, 43.5387851 ], [ 1.5514478, 43.5386334 ], [ 1.5513119, 43.538335 ], [ 1.5512769, 43.5382582 ], [ 1.5512664, 43.5382351 ], [ 1.5515401, 43.5381504 ], [ 1.5522007, 43.5379749 ], [ 1.5524682, 43.5377871 ], [ 1.5525246, 43.5377439 ], [ 1.5525792, 43.5376873 ], [ 1.5526441, 43.5375875 ], [ 1.5528002, 43.5374052 ], [ 1.5531777, 43.5370667 ], [ 1.5531615, 43.5370518 ], [ 1.5531901, 43.5370553 ], [ 1.5536025, 43.5366567 ], [ 1.5539865, 43.5362677 ], [ 1.5540637, 43.5361796 ], [ 1.5541561, 43.5360466 ], [ 1.5542083, 43.5359671 ], [ 1.5542409, 43.5359003 ], [ 1.5542253, 43.5358895 ], [ 1.5542459, 43.5358823 ], [ 1.5542749, 43.5357657 ], [ 1.554401, 43.5353896 ], [ 1.5545548, 43.5351225 ], [ 1.5546513, 43.5350134 ], [ 1.5547042, 43.5349649 ], [ 1.5548019, 43.5348563 ], [ 1.5550896, 43.5346106 ], [ 1.555397, 43.5343696 ], [ 1.5554913, 43.5342921 ], [ 1.5560479, 43.5339788 ], [ 1.5561855, 43.5337877 ], [ 1.5563851, 43.5335434 ], [ 1.556485, 43.533419 ], [ 1.5570714, 43.5331774 ], [ 1.5581322, 43.5328051 ], [ 1.5583852, 43.5327041 ], [ 1.5590157, 43.5320163 ], [ 1.5597958, 43.5307127 ], [ 1.5597851, 43.5306076 ], [ 1.5600574, 43.5304765 ], [ 1.5610272, 43.5303634 ], [ 1.5626672, 43.5309678 ], [ 1.5650691, 43.5318484 ], [ 1.5651714, 43.531895 ], [ 1.5653573, 43.5319312 ], [ 1.5653777, 43.532049 ], [ 1.5666058, 43.5320807 ], [ 1.5666777, 43.532052 ], [ 1.5672544, 43.5320058 ], [ 1.5675664, 43.5320377 ], [ 1.5682464, 43.5320414 ], [ 1.5685198, 43.5320477 ], [ 1.5685752, 43.5320461 ], [ 1.569227, 43.5319668 ], [ 1.5696697, 43.5318839 ], [ 1.5710605, 43.5316013 ], [ 1.5715535, 43.5315011 ], [ 1.5719968, 43.5314615 ], [ 1.5733593, 43.5312473 ], [ 1.5735056, 43.5314768 ], [ 1.5735428, 43.5314701 ], [ 1.573762, 43.5314175 ], [ 1.5741737, 43.5312964 ], [ 1.5749963, 43.5309821 ], [ 1.5757864, 43.5305864 ], [ 1.5764711, 43.5312582 ], [ 1.5764876, 43.5312743 ], [ 1.5765209, 43.531307 ], [ 1.5768284, 43.5312126 ], [ 1.5771516, 43.5311032 ], [ 1.5773562, 43.5310254 ], [ 1.5784864, 43.5305214 ], [ 1.5797259, 43.5299417 ], [ 1.5799412, 43.5297988 ], [ 1.5800896, 43.5296932 ], [ 1.5812601, 43.5286831 ], [ 1.581301, 43.5287047 ], [ 1.5813708, 43.5287548 ], [ 1.5815032, 43.5288896 ], [ 1.5817611, 43.5291741 ], [ 1.5822678, 43.5295496 ], [ 1.5825598, 43.5298261 ], [ 1.582603, 43.5298231 ], [ 1.5827611, 43.5297233 ], [ 1.5828891, 43.5298482 ], [ 1.5830397, 43.5299831 ], [ 1.5833833, 43.5303146 ], [ 1.5836713, 43.5305563 ], [ 1.5837314, 43.5306543 ], [ 1.5839591, 43.5309882 ], [ 1.5840329, 43.531078 ], [ 1.5841761, 43.5312642 ], [ 1.5843423, 43.5314274 ], [ 1.5847188, 43.5315616 ], [ 1.5847591, 43.5316229 ], [ 1.5846558, 43.5317172 ], [ 1.5845995, 43.531864 ], [ 1.5843532, 43.5321866 ], [ 1.5842454, 43.5323803 ], [ 1.584202, 43.5324552 ], [ 1.5841742, 43.5324963 ], [ 1.5841435, 43.5325888 ], [ 1.5841329, 43.5327144 ], [ 1.5841585, 43.5328452 ], [ 1.584227, 43.5329978 ], [ 1.584391, 43.5331577 ], [ 1.5845275, 43.5333273 ], [ 1.5846017, 43.5334254 ], [ 1.5846997, 43.533555 ], [ 1.5847893, 43.5336565 ], [ 1.5849309, 43.5337914 ], [ 1.5849459, 43.5338593 ], [ 1.5849344, 43.534056 ], [ 1.5851315, 43.5342906 ], [ 1.5853235, 43.5343844 ], [ 1.5855447, 43.5345149 ], [ 1.5856683, 43.5346266 ], [ 1.5857079, 43.534731 ], [ 1.5857252, 43.5349809 ], [ 1.5857412, 43.5353399 ], [ 1.5857647, 43.5354591 ], [ 1.5857185, 43.53552 ], [ 1.5856284, 43.5356352 ], [ 1.5856164, 43.5356814 ], [ 1.585668, 43.5357363 ], [ 1.5858124, 43.5358233 ], [ 1.5858818, 43.5359114 ], [ 1.5855119, 43.5363239 ], [ 1.5855421, 43.5363711 ] ] ] } },
{ "type": "Feature", "properties": { "id": "relation/126355", "ID_COMM": "310004", "NOMCOM": "AYGUESVIVES", "Commune": "AYGUESVIVES", "median": 950.6919648591429, "q1": 639.34278053542607 }, "geometry": { "type": "Polygon", "coordinates": [ [ [ 1.6225141, 43.4412213 ], [ 1.6217703, 43.4415322 ], [ 1.621149, 43.44179 ], [ 1.6202191, 43.4421886 ], [ 1.6192324, 43.4426027 ], [ 1.6185759, 43.4428872 ], [ 1.6187699, 43.4435974 ], [ 1.6180819, 43.4439642 ], [ 1.6171629, 43.4432699 ], [ 1.6170691, 43.4432836 ], [ 1.6169297, 43.4432907 ], [ 1.6168755, 43.443276 ], [ 1.6167562, 43.4432356 ], [ 1.6164947, 43.4430833 ], [ 1.6161656, 43.4429305 ], [ 1.6159314, 43.4428576 ], [ 1.6158053, 43.442841 ], [ 1.6156962, 43.442864 ], [ 1.6155541, 43.4429107 ], [ 1.6154706, 43.4429768 ], [ 1.6153779, 43.4430857 ], [ 1.6153205, 43.4431519 ], [ 1.6152425, 43.4432989 ], [ 1.6151801, 43.4434191 ], [ 1.615129, 43.4435076 ], [ 1.6150604, 43.4436039 ], [ 1.6149087, 43.4437266 ], [ 1.6147018, 43.4439141 ], [ 1.6145207, 43.4441255 ], [ 1.6144368, 43.4442264 ], [ 1.614263, 43.4443792 ], [ 1.6141535, 43.4444292 ], [ 1.6140401, 43.444446 ], [ 1.6139159, 43.4444547 ], [ 1.6137874, 43.4444665 ], [ 1.6136843, 43.4445246 ], [ 1.6135365, 43.4446854 ], [ 1.6133911, 43.4448336 ], [ 1.6132023, 43.4449656 ], [ 1.6130925, 43.445041 ], [ 1.6130395, 43.4451041 ], [ 1.6129198, 43.445281 ], [ 1.6128219, 43.4454612 ], [ 1.6127272, 43.445551 ], [ 1.6124905, 43.4456796 ], [ 1.6115597, 43.4461447 ], [ 1.6104693, 43.4466595 ], [ 1.6102767, 43.4467408 ], [ 1.6102348, 43.4467881 ], [ 1.6101453, 43.4468198 ], [ 1.6099591, 43.4468989 ], [ 1.6087573, 43.4474511 ], [ 1.6080769, 43.4479003 ], [ 1.6077697, 43.4480966 ], [ 1.60823, 43.4485564 ], [ 1.6073335, 43.4491777 ], [ 1.60772, 43.4493187 ], [ 1.6079602, 43.4494296 ], [ 1.6079827, 43.4494758 ], [ 1.6079922, 43.4495002 ], [ 1.6075262, 43.4498604 ], [ 1.6069811, 43.4502883 ], [ 1.6064382, 43.4507099 ], [ 1.6063805, 43.4507968 ], [ 1.6063527, 43.4509409 ], [ 1.6063429, 43.4512074 ], [ 1.6062848, 43.4513259 ], [ 1.6060356, 43.4514132 ], [ 1.6052883, 43.4516336 ], [ 1.6041946, 43.4518739 ], [ 1.6042842, 43.4522012 ], [ 1.6044065, 43.4527048 ], [ 1.6024309, 43.4536596 ], [ 1.6023935, 43.4536926 ], [ 1.6012686, 43.4545212 ], [ 1.6016296, 43.455093 ], [ 1.6016978, 43.4555613 ], [ 1.6028486, 43.4554673 ], [ 1.6036128, 43.456186 ], [ 1.6035875, 43.4562606 ], [ 1.60361, 43.4563031 ], [ 1.6033714, 43.4563415 ], [ 1.6023565, 43.4563635 ], [ 1.6015114, 43.4563802 ], [ 1.5997998, 43.4564023 ], [ 1.5981598, 43.4564329 ], [ 1.5970187, 43.456446 ], [ 1.5959356, 43.4564666 ], [ 1.5957616, 43.4563635 ], [ 1.5957105, 43.4563165 ], [ 1.5952277, 43.456151 ], [ 1.5950713, 43.4561759 ], [ 1.5949355, 43.4561635 ], [ 1.5946913, 43.4562484 ], [ 1.5945567, 43.4562221 ], [ 1.5937049, 43.4560832 ], [ 1.5928166, 43.4559092 ], [ 1.5926495, 43.4558622 ], [ 1.5919955, 43.45575 ], [ 1.5911828, 43.4556033 ], [ 1.5910946, 43.4555573 ], [ 1.5910122, 43.4553792 ], [ 1.5912249, 43.455312 ], [ 1.591155, 43.4551487 ], [ 1.5912989, 43.4551161 ], [ 1.5912211, 43.4545759 ], [ 1.590936, 43.453995 ], [ 1.5913487, 43.453798 ], [ 1.590212, 43.4524402 ], [ 1.5898075, 43.4524002 ], [ 1.5879235, 43.4521823 ], [ 1.5875918, 43.4520606 ], [ 1.587512, 43.451914 ], [ 1.5871207, 43.4511947 ], [ 1.5868254, 43.4506213 ], [ 1.5866544, 43.450157 ], [ 1.5864269, 43.4496961 ], [ 1.5862008, 43.449125 ], [ 1.5861543, 43.44874 ], [ 1.586061, 43.4484144 ], [ 1.585932, 43.4480737 ], [ 1.5858953, 43.4479352 ], [ 1.5859024, 43.4477765 ], [ 1.5859741, 43.4475753 ], [ 1.5861665, 43.4471527 ], [ 1.5862092, 43.4470166 ], [ 1.58619, 43.4469119 ], [ 1.5861477, 43.4468127 ], [ 1.5860671, 43.446702 ], [ 1.585834, 43.4464819 ], [ 1.5857201, 43.4463691 ], [ 1.5854202, 43.4461673 ], [ 1.5851039, 43.4460438 ], [ 1.5849977, 43.4459292 ], [ 1.5846912, 43.4456395 ], [ 1.5840047, 43.4451942 ], [ 1.5832951, 43.4447544 ], [ 1.5826368, 43.4441391 ], [ 1.5825987, 43.444101 ], [ 1.5824453, 43.4439769 ], [ 1.5822593, 43.4438436 ], [ 1.5817654, 43.4435397 ], [ 1.5814267, 43.4432241 ], [ 1.5813422, 43.4431271 ], [ 1.5811842, 43.4429575 ], [ 1.5811318, 43.4428742 ], [ 1.581118, 43.4428456 ], [ 1.5810609, 43.4428543 ], [ 1.5810213, 43.4428877 ], [ 1.5809205, 43.4429843 ], [ 1.5808432, 43.4430473 ], [ 1.5807088, 43.4431164 ], [ 1.5806614, 43.4430681 ], [ 1.5806252, 43.4429732 ], [ 1.5806544, 43.4429164 ], [ 1.5807342, 43.4427963 ], [ 1.5807437, 43.442751 ], [ 1.5807356, 43.4426887 ], [ 1.5807416, 43.4426369 ], [ 1.5807528, 43.4425955 ], [ 1.5807887, 43.4425698 ], [ 1.580877, 43.4424835 ], [ 1.580904, 43.4424526 ], [ 1.5808928, 43.442354 ], [ 1.580885, 43.4422683 ], [ 1.5808894, 43.4421997 ], [ 1.5809096, 43.4421531 ], [ 1.5809265, 43.4420871 ], [ 1.5809346, 43.4420042 ], [ 1.5809157, 43.4419483 ], [ 1.5808925, 43.4418198 ], [ 1.5808947, 43.4417809 ], [ 1.5809291, 43.4417358 ], [ 1.5809834, 43.4416648 ], [ 1.5810109, 43.4416015 ], [ 1.5810169, 43.441547 ], [ 1.5809396, 43.4413248 ], [ 1.5808671, 43.441148 ], [ 1.5808538, 43.4410766 ], [ 1.5808402, 43.4410285 ], [ 1.580563, 43.4408516 ], [ 1.5804869, 43.4408213 ], [ 1.5803978, 43.4408298 ], [ 1.5802571, 43.4408379 ], [ 1.5801063, 43.4408045 ], [ 1.5798497, 43.4406926 ], [ 1.5797066, 43.4406099 ], [ 1.5795816, 43.4405067 ], [ 1.5793831, 43.4403018 ], [ 1.5793224, 43.4401808 ], [ 1.5792957, 43.4400406 ], [ 1.5792742, 43.4399108 ], [ 1.579225, 43.4397238 ], [ 1.5791773, 43.4394162 ], [ 1.5791173, 43.4390903 ], [ 1.5790691, 43.4388203 ], [ 1.5790605, 43.4386582 ], [ 1.5790809, 43.4385961 ], [ 1.5791297, 43.4385316 ], [ 1.5795481, 43.4382297 ], [ 1.5799489, 43.4379095 ], [ 1.5802529, 43.4376497 ], [ 1.5803952, 43.4375119 ], [ 1.5795871, 43.4368349 ], [ 1.5790144, 43.4363954 ], [ 1.578093, 43.4356722 ], [ 1.5774748, 43.4351702 ], [ 1.5776123, 43.4349922 ], [ 1.5777259, 43.4348763 ], [ 1.5782976, 43.434403 ], [ 1.577643, 43.4338359 ], [ 1.5770396, 43.4332911 ], [ 1.5770345, 43.433273 ], [ 1.5776581, 43.4330645 ], [ 1.5778386, 43.432997 ], [ 1.5779514, 43.4329381 ], [ 1.5780701, 43.432843 ], [ 1.5782201, 43.4326573 ], [ 1.5782959, 43.4325735 ], [ 1.5786718, 43.4322519 ], [ 1.5790891, 43.431893 ], [ 1.5797597, 43.4313387 ], [ 1.5798683, 43.4311877 ], [ 1.57995, 43.431056 ], [ 1.580065, 43.4309647 ], [ 1.5803524, 43.4307488 ], [ 1.5806433, 43.4305329 ], [ 1.5808677, 43.4303737 ], [ 1.5809539, 43.4303146 ], [ 1.5810509, 43.4302375 ], [ 1.5811609, 43.4301189 ], [ 1.5812509, 43.4300339 ], [ 1.5812585, 43.4300029 ], [ 1.5810905, 43.4299175 ], [ 1.5810321, 43.4298938 ], [ 1.5808953, 43.4298825 ], [ 1.5807584, 43.4298712 ], [ 1.5806679, 43.4298563 ], [ 1.5806024, 43.4298273 ], [ 1.5804718, 43.4297422 ], [ 1.5803692, 43.4297026 ], [ 1.5802875, 43.4296917 ], [ 1.58022, 43.4296848 ], [ 1.5801024, 43.4296995 ], [ 1.5800259, 43.429699 ], [ 1.579877, 43.42965 ], [ 1.5797036, 43.4295763 ], [ 1.5793545, 43.4294741 ], [ 1.5782807, 43.4291298 ], [ 1.5776091, 43.428923 ], [ 1.576553, 43.4285905 ], [ 1.5760924, 43.4284422 ], [ 1.5754722, 43.4282474 ], [ 1.5753022, 43.4281827 ], [ 1.5751132, 43.4280777 ], [ 1.5750132, 43.4279655 ], [ 1.5749125, 43.4277768 ], [ 1.5744281, 43.4268349 ], [ 1.5740391, 43.426088 ], [ 1.5738725, 43.4257628 ], [ 1.5737805, 43.4255806 ], [ 1.5736739, 43.4254282 ], [ 1.5734965, 43.4253933 ], [ 1.5726395, 43.4252228 ], [ 1.5720983, 43.4251116 ], [ 1.5718925, 43.4250726 ], [ 1.5717803, 43.4250783 ], [ 1.5716376, 43.425111 ], [ 1.571523, 43.4251712 ], [ 1.5713438, 43.4252711 ], [ 1.5711539, 43.4251 ], [ 1.5708955, 43.4248532 ], [ 1.5707939, 43.4247306 ], [ 1.5705892, 43.4244621 ], [ 1.5704322, 43.4242186 ], [ 1.5704008, 43.4241743 ], [ 1.5704172, 43.4241394 ], [ 1.5704859, 43.4240595 ], [ 1.5705094, 43.4240246 ], [ 1.5705917, 43.423714 ], [ 1.5706401, 43.4235406 ], [ 1.5707095, 43.423261 ], [ 1.5707688, 43.4230786 ], [ 1.5708338, 43.4228625 ], [ 1.5708511, 43.4227576 ], [ 1.5712068, 43.4224891 ], [ 1.5720736, 43.4218856 ], [ 1.5725365, 43.4217137 ], [ 1.5734284, 43.4213826 ], [ 1.5738115, 43.4211868 ], [ 1.5743859, 43.4209158 ], [ 1.5749649, 43.4205723 ], [ 1.5756413, 43.4206741 ], [ 1.5757833, 43.4206958 ], [ 1.5758543, 43.4207027 ], [ 1.5759876, 43.4207166 ], [ 1.5760674, 43.4207314 ], [ 1.576168, 43.420793 ], [ 1.5762591, 43.4209103 ], [ 1.5772451, 43.4207238 ], [ 1.5773175, 43.4206192 ], [ 1.5774003, 43.4205446 ], [ 1.5775833, 43.4204188 ], [ 1.5777766, 43.4201828 ], [ 1.5778444, 43.420029 ], [ 1.5777963, 43.4193363 ], [ 1.5777021, 43.4182038 ], [ 1.5776629, 43.417786 ], [ 1.5777462, 43.4178125 ], [ 1.5780949, 43.4178019 ], [ 1.5782033, 43.4178117 ], [ 1.5789994, 43.4178741 ], [ 1.579019, 43.4178664 ], [ 1.5791854, 43.4170844 ], [ 1.5791572, 43.4162194 ], [ 1.5791599, 43.4158655 ], [ 1.5793127, 43.4158782 ], [ 1.5793348, 43.4156813 ], [ 1.579317, 43.4156773 ], [ 1.5792718, 43.4154565 ], [ 1.5791774, 43.4151862 ], [ 1.5791538, 43.4150849 ], [ 1.5790662, 43.4142688 ], [ 1.5790392, 43.4140197 ], [ 1.5790174, 43.4139106 ], [ 1.5789774, 43.4138429 ], [ 1.5788316, 43.4136981 ], [ 1.5787721, 43.4134759 ], [ 1.578732, 43.4133986 ], [ 1.5787567, 43.4132891 ], [ 1.5787191, 43.4128908 ], [ 1.5788487, 43.4121994 ], [ 1.5789232, 43.4117927 ], [ 1.5789532, 43.4116711 ], [ 1.5790414, 43.4114499 ], [ 1.5791231, 43.4113144 ], [ 1.5797512, 43.4104473 ], [ 1.5804476, 43.4095223 ], [ 1.5806322, 43.409263 ], [ 1.5812799, 43.4083895 ], [ 1.5820005, 43.407514 ], [ 1.5821827, 43.4073117 ], [ 1.5823089, 43.4071738 ], [ 1.5829, 43.4065528 ], [ 1.5830765, 43.4063725 ], [ 1.5833995, 43.4060051 ], [ 1.5836965, 43.405574 ], [ 1.5840066, 43.4050925 ], [ 1.5844015, 43.4046621 ], [ 1.5846502, 43.4043953 ], [ 1.5851607, 43.4038218 ], [ 1.5854566, 43.4034802 ], [ 1.5857201, 43.4031707 ], [ 1.585891, 43.4030085 ], [ 1.5859361, 43.4029621 ], [ 1.5862417, 43.4026932 ], [ 1.5868169, 43.402203 ], [ 1.5869736, 43.4020459 ], [ 1.5872498, 43.4017093 ], [ 1.5873977, 43.4015495 ], [ 1.5875132, 43.401409 ], [ 1.5877321, 43.4011083 ], [ 1.5880479, 43.4005957 ], [ 1.5881662, 43.4003826 ], [ 1.5884887, 43.3998972 ], [ 1.5886152, 43.3997347 ], [ 1.5887452, 43.3995761 ], [ 1.5890139, 43.399277 ], [ 1.5892931, 43.3989914 ], [ 1.5895953, 43.3986186 ], [ 1.5897323, 43.3984546 ], [ 1.5899501, 43.3982213 ], [ 1.5900641, 43.3981275 ], [ 1.5901219, 43.3980484 ], [ 1.5902486, 43.3977196 ], [ 1.590323, 43.3975826 ], [ 1.590408, 43.3975103 ], [ 1.5908407, 43.3970817 ], [ 1.5911643, 43.3967946 ], [ 1.5913746, 43.396576 ], [ 1.5916669, 43.3962493 ], [ 1.5918629, 43.3960172 ], [ 1.5919305, 43.3959296 ], [ 1.5919646, 43.3958622 ], [ 1.5921248, 43.3954972 ], [ 1.5924396, 43.394898 ], [ 1.592545, 43.3947157 ], [ 1.5926736, 43.3945425 ], [ 1.5927737, 43.3944452 ], [ 1.5928843, 43.3943392 ], [ 1.5930454, 43.3942051 ], [ 1.5931382, 43.3941004 ], [ 1.5932526, 43.3940012 ], [ 1.5934389, 43.3938729 ], [ 1.5934846, 43.3938437 ], [ 1.5936106, 43.3936768 ], [ 1.5936851, 43.393567 ], [ 1.5937541, 43.3934952 ], [ 1.5938204, 43.3934321 ], [ 1.5939437, 43.3933575 ], [ 1.5941816, 43.3932148 ], [ 1.5942203, 43.3931744 ], [ 1.5943919, 43.3929521 ], [ 1.5946991, 43.3926098 ], [ 1.5950306, 43.3922179 ], [ 1.5954098, 43.3917706 ], [ 1.5954921, 43.3916518 ], [ 1.5957176, 43.3913286 ], [ 1.5958166, 43.3912009 ], [ 1.595853, 43.3911351 ], [ 1.5959867, 43.3910612 ], [ 1.5965563, 43.3906933 ], [ 1.5966312, 43.3906431 ], [ 1.5967966, 43.3907078 ], [ 1.5970703, 43.3908637 ], [ 1.5973874, 43.3910366 ], [ 1.5976331, 43.3912224 ], [ 1.598031, 43.3915416 ], [ 1.5986041, 43.3920008 ], [ 1.5989414, 43.3922047 ], [ 1.5993257, 43.3924681 ], [ 1.6007815, 43.3928689 ], [ 1.6023776, 43.3934724 ], [ 1.6022346, 43.3937076 ], [ 1.6019537, 43.3941463 ], [ 1.6018908, 43.3942162 ], [ 1.601695, 43.3944544 ], [ 1.6016643, 43.3945212 ], [ 1.6014646, 43.3948917 ], [ 1.6011963, 43.3954141 ], [ 1.6010737, 43.3956729 ], [ 1.6009013, 43.396067 ], [ 1.6008029, 43.3962255 ], [ 1.6005936, 43.3966227 ], [ 1.6003055, 43.3970764 ], [ 1.6003085, 43.3971026 ], [ 1.6005623, 43.3975119 ], [ 1.6008402, 43.3979103 ], [ 1.6008419, 43.3979436 ], [ 1.6007054, 43.3984392 ], [ 1.6006003, 43.3986701 ], [ 1.6005182, 43.3987996 ], [ 1.6004072, 43.3989829 ], [ 1.6003768, 43.3991556 ], [ 1.6003356, 43.3993234 ], [ 1.6002332, 43.3995083 ], [ 1.599886, 43.3999756 ], [ 1.5997004, 43.4002091 ], [ 1.59959, 43.4003416 ], [ 1.5995587, 43.4004112 ], [ 1.5994809, 43.4005487 ], [ 1.5993993, 43.4006402 ], [ 1.5993073, 43.4006919 ], [ 1.5991923, 43.4006674 ], [ 1.5989299, 43.4006006 ], [ 1.5988102, 43.4005998 ], [ 1.5984962, 43.400666 ], [ 1.5984896, 43.4010228 ], [ 1.5987005, 43.4013858 ], [ 1.5987877, 43.4015498 ], [ 1.5992031, 43.4019078 ], [ 1.5993841, 43.4022246 ], [ 1.5995024, 43.402338 ], [ 1.6002433, 43.4029408 ], [ 1.6006421, 43.40324 ], [ 1.6007643, 43.4035644 ], [ 1.5988775, 43.4039708 ], [ 1.5989083, 43.4041233 ], [ 1.5991397, 43.4049449 ], [ 1.5973694, 43.4052521 ], [ 1.5971787, 43.4055411 ], [ 1.5969704, 43.405849 ], [ 1.5966797, 43.4064927 ], [ 1.5967398, 43.4065534 ], [ 1.5968413, 43.4066175 ], [ 1.5972722, 43.406606 ], [ 1.5974047, 43.4066228 ], [ 1.5981063, 43.4068907 ], [ 1.5977378, 43.4078383 ], [ 1.5969263, 43.4081947 ], [ 1.5966769, 43.4083009 ], [ 1.5957143, 43.4087324 ], [ 1.5960281, 43.4090501 ], [ 1.596329, 43.4093486 ], [ 1.5966192, 43.4096297 ], [ 1.5967608, 43.409794 ], [ 1.5968077, 43.4098689 ], [ 1.5968486, 43.4100785 ], [ 1.5969794, 43.4102364 ], [ 1.597093, 43.4103799 ], [ 1.5973234, 43.4107478 ], [ 1.597613, 43.411078 ], [ 1.5980188, 43.4115248 ], [ 1.5982696, 43.4118262 ], [ 1.5984374, 43.411978 ], [ 1.5985904, 43.412098 ], [ 1.59867, 43.4121762 ], [ 1.5975883, 43.4125577 ], [ 1.5973676, 43.412634 ], [ 1.597055, 43.4127494 ], [ 1.5971962, 43.412947 ], [ 1.5973546, 43.4131605 ], [ 1.5975477, 43.4133759 ], [ 1.5977326, 43.4135611 ], [ 1.5979284, 43.4137353 ], [ 1.5981334, 43.4138778 ], [ 1.5983208, 43.4140281 ], [ 1.598454, 43.4141654 ], [ 1.5987051, 43.4146239 ], [ 1.5989366, 43.4150854 ], [ 1.5989851, 43.4155679 ], [ 1.5990005, 43.4157314 ], [ 1.5992305, 43.417024 ], [ 1.5992608, 43.4172129 ], [ 1.5993497, 43.4177703 ], [ 1.5994713, 43.4181406 ], [ 1.5996076, 43.4185603 ], [ 1.5996975, 43.4188559 ], [ 1.5999064, 43.4195678 ], [ 1.6000899, 43.4202193 ], [ 1.6003619, 43.421103 ], [ 1.6005133, 43.4215354 ], [ 1.6006248, 43.4218471 ], [ 1.6007571, 43.4220636 ], [ 1.6008813, 43.4222278 ], [ 1.6011348, 43.4224912 ], [ 1.6013916, 43.4228418 ], [ 1.6015349, 43.4230521 ], [ 1.6016546, 43.4232258 ], [ 1.6018435, 43.4236125 ], [ 1.6019221, 43.4237684 ], [ 1.6021358, 43.424095 ], [ 1.6022597, 43.4242829 ], [ 1.6023218, 43.4243595 ], [ 1.6023995, 43.4244123 ], [ 1.6026137, 43.4245152 ], [ 1.6027999, 43.4245942 ], [ 1.6029496, 43.4246332 ], [ 1.6031229, 43.4246978 ], [ 1.603235, 43.424781 ], [ 1.6033447, 43.4248927 ], [ 1.603473, 43.4250744 ], [ 1.6035754, 43.4252432 ], [ 1.6036119, 43.4252831 ], [ 1.6037156, 43.4253504 ], [ 1.6037996, 43.4254175 ], [ 1.603952, 43.4255882 ], [ 1.6041364, 43.4258194 ], [ 1.6043588, 43.425962 ], [ 1.6050648, 43.4264187 ], [ 1.6056242, 43.4267712 ], [ 1.6063317, 43.4271137 ], [ 1.6071042, 43.4274787 ], [ 1.608016, 43.4280223 ], [ 1.6084379, 43.4285834 ], [ 1.609033, 43.4294009 ], [ 1.6099197, 43.4291465 ], [ 1.6106303, 43.4299521 ], [ 1.6107292, 43.4300542 ], [ 1.6106963, 43.4300699 ], [ 1.6108981, 43.4303027 ], [ 1.6115668, 43.4311556 ], [ 1.61174, 43.4312344 ], [ 1.612068, 43.4314681 ], [ 1.6128082, 43.4319868 ], [ 1.6140321, 43.4328369 ], [ 1.6147551, 43.4333443 ], [ 1.6155284, 43.4336506 ], [ 1.6166938, 43.4341133 ], [ 1.617634, 43.4344809 ], [ 1.6179025, 43.4345984 ], [ 1.6172785, 43.4352654 ], [ 1.6178119, 43.4358017 ], [ 1.6175263, 43.4360188 ], [ 1.6171995, 43.4362308 ], [ 1.6170044, 43.4363454 ], [ 1.6172849, 43.4365518 ], [ 1.6179025, 43.4369602 ], [ 1.6186977, 43.4374411 ], [ 1.6188298, 43.4373214 ], [ 1.6193316, 43.4375895 ], [ 1.6195804, 43.4377084 ], [ 1.6194196, 43.4380564 ], [ 1.6187748, 43.4395512 ], [ 1.6188603, 43.4394994 ], [ 1.6193909, 43.4391744 ], [ 1.6191022, 43.4389299 ], [ 1.6198504, 43.4386158 ], [ 1.6201219, 43.4388491 ], [ 1.6202373, 43.4390212 ], [ 1.6204206, 43.4393475 ], [ 1.6206704, 43.4397615 ], [ 1.6207387, 43.4398729 ], [ 1.6207574, 43.4399492 ], [ 1.6207597, 43.4401189 ], [ 1.6207747, 43.4401396 ], [ 1.6212913, 43.4406251 ], [ 1.6214437, 43.4406229 ], [ 1.6215043, 43.440655 ], [ 1.6216773, 43.4407497 ], [ 1.6219034, 43.4409589 ], [ 1.6225141, 43.4412213 ] ] ] } },
{ "type": "Feature", "properties": { "id": "relation/155009", "ID_COMM": "310227", "NOMCOM": "GOYRANS", "Commune": "GOYRANS", "median": 1301.8906851245351, "q1": 1078.0837498214096 }, "geometry": { "type": "Polygon", "coordinates": [ [ [ 1.408984, 43.4821874 ], [ 1.4094589, 43.4818847 ], [ 1.4103523, 43.48137 ], [ 1.4109896, 43.4809591 ], [ 1.4127054, 43.4797972 ], [ 1.413592, 43.479221 ], [ 1.4139674, 43.4789577 ], [ 1.4146905, 43.4784007 ], [ 1.4169656, 43.4767946 ], [ 1.4182507, 43.4759706 ], [ 1.4187791, 43.4753838 ], [ 1.4188775, 43.475169 ], [ 1.4194244, 43.4739756 ], [ 1.4195138, 43.4737398 ], [ 1.4196409, 43.473232 ], [ 1.4196446, 43.4718084 ], [ 1.4200943, 43.4715884 ], [ 1.4206821, 43.4712045 ], [ 1.4212071, 43.470886 ], [ 1.4214164, 43.4707179 ], [ 1.4215794, 43.470661 ], [ 1.4220434, 43.4704121 ], [ 1.422866, 43.4701956 ], [ 1.422959, 43.470154 ], [ 1.423096, 43.4700215 ], [ 1.4236555, 43.4698624 ], [ 1.4237139, 43.4698241 ], [ 1.4237442, 43.4697756 ], [ 1.4237788, 43.4696408 ], [ 1.4238114, 43.4695919 ], [ 1.423884, 43.4695524 ], [ 1.4240368, 43.4695266 ], [ 1.4242842, 43.4695877 ], [ 1.4243912, 43.4695863 ], [ 1.4246095, 43.4694798 ], [ 1.4247164, 43.4694706 ], [ 1.4249806, 43.46948 ], [ 1.4250598, 43.4694429 ], [ 1.4252174, 43.4694438 ], [ 1.4253483, 43.4693773 ], [ 1.425429, 43.4693713 ], [ 1.425583, 43.4694283 ], [ 1.4259647, 43.4694354 ], [ 1.4260282, 43.4693763 ], [ 1.426489, 43.4693084 ], [ 1.4267191, 43.4692955 ], [ 1.4271171, 43.4692104 ], [ 1.4271295, 43.4692089 ], [ 1.4273864, 43.4691887 ], [ 1.4275207, 43.4692099 ], [ 1.4276645, 43.469275 ], [ 1.4277594, 43.4692889 ], [ 1.428033, 43.4692823 ], [ 1.4283176, 43.4693029 ], [ 1.4288905, 43.4692503 ], [ 1.4290872, 43.4692064 ], [ 1.429349, 43.4692266 ], [ 1.4294924, 43.4691814 ], [ 1.4296367, 43.4691424 ], [ 1.4298464, 43.469071 ], [ 1.4299105, 43.4690595 ], [ 1.4302175, 43.4691299 ], [ 1.4302998, 43.4691172 ], [ 1.4304831, 43.4690613 ], [ 1.4307367, 43.4690676 ], [ 1.4309535, 43.469146 ], [ 1.4311408, 43.469154 ], [ 1.4312476, 43.469123 ], [ 1.4314484, 43.4690277 ], [ 1.4315556, 43.4689928 ], [ 1.4316404, 43.4689853 ], [ 1.431803, 43.4690569 ], [ 1.43188, 43.4690433 ], [ 1.432143, 43.4689865 ], [ 1.4322798, 43.4689712 ], [ 1.4325847, 43.4689775 ], [ 1.4327685, 43.4690123 ], [ 1.4328899, 43.4690059 ], [ 1.4331537, 43.4690381 ], [ 1.4333781, 43.4690022 ], [ 1.4336595, 43.46906 ], [ 1.4338198, 43.4690337 ], [ 1.4341183, 43.4690148 ], [ 1.4343549, 43.4690307 ], [ 1.4345748, 43.4690702 ], [ 1.4346507, 43.4690712 ], [ 1.4347434, 43.4690398 ], [ 1.4348526, 43.4689775 ], [ 1.4349551, 43.4689493 ], [ 1.4350234, 43.4689788 ], [ 1.4351022, 43.4689536 ], [ 1.4351907, 43.4689736 ], [ 1.4354068, 43.4689278 ], [ 1.4356091, 43.4689629 ], [ 1.4356499, 43.468959 ], [ 1.435778, 43.4688865 ], [ 1.4358147, 43.4688876 ], [ 1.4359062, 43.4689294 ], [ 1.4363063, 43.4689716 ], [ 1.4365273, 43.4691163 ], [ 1.4366299, 43.4691241 ], [ 1.4368727, 43.469099 ], [ 1.4370302, 43.4691706 ], [ 1.4370778, 43.4691776 ], [ 1.4373322, 43.4691456 ], [ 1.4374112, 43.4691751 ], [ 1.43752, 43.4691781 ], [ 1.4376128, 43.4692092 ], [ 1.4378126, 43.4691921 ], [ 1.4379532, 43.4692338 ], [ 1.4381686, 43.469167 ], [ 1.4384708, 43.4692267 ], [ 1.4386361, 43.4691995 ], [ 1.4389035, 43.4691157 ], [ 1.4389589, 43.4691164 ], [ 1.438993, 43.4691341 ], [ 1.4390686, 43.4692213 ], [ 1.4393728, 43.4694799 ], [ 1.4395072, 43.4695176 ], [ 1.439665, 43.4696514 ], [ 1.4397953, 43.4697361 ], [ 1.439852, 43.469837 ], [ 1.4399601, 43.4699011 ], [ 1.4400719, 43.4701025 ], [ 1.4401388, 43.4701548 ], [ 1.4402518, 43.4701729 ], [ 1.4404431, 43.4701321 ], [ 1.4404852, 43.4701427 ], [ 1.4405431, 43.4702211 ], [ 1.4417425, 43.4724845 ], [ 1.441798, 43.4725501 ], [ 1.4418651, 43.472583 ], [ 1.4426242, 43.4728179 ], [ 1.4429257, 43.4730234 ], [ 1.4435675, 43.4733236 ], [ 1.4442078, 43.4735493 ], [ 1.4451529, 43.4738859 ], [ 1.4452978, 43.4739517 ], [ 1.4449207, 43.4743553 ], [ 1.444818, 43.47447 ], [ 1.4443836, 43.4749467 ], [ 1.443914, 43.4753161 ], [ 1.4437816, 43.4754154 ], [ 1.4442887, 43.475918 ], [ 1.4447555, 43.4763998 ], [ 1.4429329, 43.4774582 ], [ 1.4429658, 43.4775674 ], [ 1.442305, 43.477889 ], [ 1.44213, 43.4780469 ], [ 1.4425051, 43.4783599 ], [ 1.4428794, 43.4787317 ], [ 1.4432326, 43.4789691 ], [ 1.4435759, 43.4791059 ], [ 1.4429848, 43.4793778 ], [ 1.4426506, 43.4794087 ], [ 1.4431523, 43.4797228 ], [ 1.4432774, 43.4798243 ], [ 1.4426506, 43.4801798 ], [ 1.4425828, 43.4800954 ], [ 1.4413403, 43.4808315 ], [ 1.4413143, 43.4810324 ], [ 1.4414944, 43.481302 ], [ 1.4410436, 43.4814326 ], [ 1.4409503, 43.4815156 ], [ 1.4413207, 43.4821471 ], [ 1.4416833, 43.4825272 ], [ 1.4396006, 43.4840276 ], [ 1.4385889, 43.4847152 ], [ 1.4387061, 43.4853447 ], [ 1.4386465, 43.4854783 ], [ 1.4388077, 43.4862423 ], [ 1.4388675, 43.4868629 ], [ 1.4407362, 43.4881349 ], [ 1.4415278, 43.4890798 ], [ 1.4414688, 43.4891799 ], [ 1.439111, 43.490586 ], [ 1.438066, 43.4911811 ], [ 1.4376755, 43.491457 ], [ 1.4369414, 43.4920395 ], [ 1.4368817, 43.4919905 ], [ 1.4362203, 43.491709 ], [ 1.4356311, 43.4918591 ], [ 1.4353895, 43.4917579 ], [ 1.4353571, 43.4917562 ], [ 1.4348605, 43.4919102 ], [ 1.4344388, 43.4918963 ], [ 1.4339799, 43.4919095 ], [ 1.4336517, 43.4919908 ], [ 1.433573, 43.4919918 ], [ 1.4334371, 43.4919626 ], [ 1.4331029, 43.4917617 ], [ 1.432812, 43.4916508 ], [ 1.4327807, 43.4916169 ], [ 1.4327896, 43.4915723 ], [ 1.432279, 43.4914054 ], [ 1.4319351, 43.4913398 ], [ 1.4317675, 43.4912869 ], [ 1.4311307, 43.4910312 ], [ 1.4310793, 43.4909054 ], [ 1.4293354, 43.490839 ], [ 1.4286415, 43.4907934 ], [ 1.4279724, 43.4908346 ], [ 1.4273763, 43.490817 ], [ 1.4246996, 43.4910015 ], [ 1.4244239, 43.4910558 ], [ 1.4244121, 43.4910792 ], [ 1.4246014, 43.4922408 ], [ 1.4236816, 43.4925427 ], [ 1.4227384, 43.4928134 ], [ 1.4224836, 43.4929023 ], [ 1.4219656, 43.4931236 ], [ 1.4203386, 43.4935952 ], [ 1.4203027, 43.4935845 ], [ 1.4195412, 43.4929171 ], [ 1.4193476, 43.4927904 ], [ 1.4187198, 43.4924955 ], [ 1.4186188, 43.4924321 ], [ 1.418504, 43.4923172 ], [ 1.4184642, 43.4922488 ], [ 1.4184784, 43.4921575 ], [ 1.4183461, 43.4921838 ], [ 1.4177175, 43.4924079 ], [ 1.4175841, 43.4924743 ], [ 1.4174679, 43.4925567 ], [ 1.4171193, 43.492774 ], [ 1.4165008, 43.4931961 ], [ 1.4162467, 43.4933882 ], [ 1.4143826, 43.4945191 ], [ 1.4133845, 43.4936367 ], [ 1.4133367, 43.4936457 ], [ 1.4130868, 43.4938034 ], [ 1.412951, 43.4939215 ], [ 1.4128619, 43.4939637 ], [ 1.4127862, 43.4939685 ], [ 1.4121923, 43.4938926 ], [ 1.4121025, 43.4938948 ], [ 1.411917, 43.4939395 ], [ 1.4116999, 43.4941123 ], [ 1.4114113, 43.4940597 ], [ 1.4115245, 43.4937195 ], [ 1.4120387, 43.4922599 ], [ 1.4120299, 43.4922397 ], [ 1.4117183, 43.4921115 ], [ 1.4117031, 43.4920936 ], [ 1.411731, 43.4920457 ], [ 1.4121639, 43.4916129 ], [ 1.4126656, 43.4907183 ], [ 1.4126646, 43.4905558 ], [ 1.4126047, 43.4902932 ], [ 1.4125417, 43.4901965 ], [ 1.412113, 43.4897354 ], [ 1.4120628, 43.4896879 ], [ 1.4117871, 43.489427 ], [ 1.4113683, 43.4891126 ], [ 1.4110843, 43.4889389 ], [ 1.4103483, 43.4885348 ], [ 1.4092747, 43.4879951 ], [ 1.4074131, 43.4872596 ], [ 1.4069154, 43.487085 ], [ 1.4066996, 43.4869684 ], [ 1.4058709, 43.4864426 ], [ 1.405707, 43.4863094 ], [ 1.4052368, 43.4858491 ], [ 1.4050422, 43.485594 ], [ 1.4049996, 43.485291 ], [ 1.4050724, 43.484893 ], [ 1.4053236, 43.4845886 ], [ 1.4058166, 43.4841298 ], [ 1.4069604, 43.483326 ], [ 1.408984, 43.4821874 ] ] ] } },
{ "type": "Feature", "properties": { "id": "relation/155011", "ID_COMM": "310025", "NOMCOM": "AUREVILLE", "Commune": "AUREVILLE", "median": 1486.8392821438611, "q1": 1069.2031023642048 }, "geometry": { "type": "Polygon", "coordinates": [ [ [ 1.4762095, 43.459212 ], [ 1.4769309, 43.4601916 ], [ 1.4760893, 43.4606026 ], [ 1.4753436, 43.4609796 ], [ 1.4744256, 43.46139 ], [ 1.4742424, 43.4615034 ], [ 1.4724287, 43.4627593 ], [ 1.471913, 43.4630788 ], [ 1.4725753, 43.4635222 ], [ 1.4721463, 43.4637938 ], [ 1.4712491, 43.4644061 ], [ 1.4718751, 43.4647135 ], [ 1.4722875, 43.4649324 ], [ 1.4735283, 43.4658447 ], [ 1.4737918, 43.466025 ], [ 1.4750093, 43.466918 ], [ 1.4757575, 43.4674338 ], [ 1.4762981, 43.467898 ], [ 1.4759965, 43.4680562 ], [ 1.4754727, 43.4683429 ], [ 1.4750784, 43.4685852 ], [ 1.4750316, 43.4686605 ], [ 1.474608, 43.4689147 ], [ 1.4742515, 43.46913 ], [ 1.4739193, 43.4693909 ], [ 1.4737433, 43.4694834 ], [ 1.4737378, 43.4695803 ], [ 1.473597, 43.4698624 ], [ 1.4735565, 43.4699871 ], [ 1.4734984, 43.470176 ], [ 1.4734457, 43.4703811 ], [ 1.4734489, 43.4705423 ], [ 1.4735267, 43.4709056 ], [ 1.4737315, 43.4712819 ], [ 1.4740319, 43.4715501 ], [ 1.474218, 43.4716926 ], [ 1.4744877, 43.4717914 ], [ 1.4745522, 43.4719208 ], [ 1.4749658, 43.4724035 ], [ 1.4751407, 43.4725539 ], [ 1.4752928, 43.4727485 ], [ 1.4752743, 43.4728854 ], [ 1.4753583, 43.4733768 ], [ 1.4753914, 43.4734777 ], [ 1.4754397, 43.4736647 ], [ 1.4754797, 43.4737855 ], [ 1.4755437, 43.4738893 ], [ 1.4756714, 43.4739869 ], [ 1.4757777, 43.4740552 ], [ 1.4758974, 43.4742005 ], [ 1.475935, 43.4742378 ], [ 1.4761913, 43.4744993 ], [ 1.4763344, 43.4746593 ], [ 1.4765732, 43.4748743 ], [ 1.4765883, 43.4749578 ], [ 1.4766138, 43.4750183 ], [ 1.4765293, 43.4751086 ], [ 1.4761938, 43.4752879 ], [ 1.475684, 43.4755315 ], [ 1.4751813, 43.475765 ], [ 1.4747959, 43.4760348 ], [ 1.4746208, 43.4761598 ], [ 1.4743277, 43.4762788 ], [ 1.4741106, 43.4764286 ], [ 1.4738584, 43.4766035 ], [ 1.4730127, 43.4770466 ], [ 1.4723129, 43.4774806 ], [ 1.471804, 43.4776586 ], [ 1.4716535, 43.4777385 ], [ 1.4713358, 43.4779025 ], [ 1.4711049, 43.4780421 ], [ 1.4704486, 43.4783351 ], [ 1.4698476, 43.4786487 ], [ 1.4692815, 43.4789424 ], [ 1.4688411, 43.4791814 ], [ 1.4683246, 43.4793997 ], [ 1.4676563, 43.4795713 ], [ 1.4672436, 43.4798056 ], [ 1.4668326, 43.4799287 ], [ 1.4664558, 43.4800874 ], [ 1.4660509, 43.4802661 ], [ 1.4649399, 43.4803485 ], [ 1.4644465, 43.4804103 ], [ 1.4642795, 43.4804444 ], [ 1.4642019, 43.4805347 ], [ 1.4640546, 43.4806497 ], [ 1.4639431, 43.4806792 ], [ 1.4636938, 43.4806571 ], [ 1.4635336, 43.4807013 ], [ 1.4633868, 43.480781 ], [ 1.4631926, 43.4807795 ], [ 1.4629503, 43.4807422 ], [ 1.4628044, 43.4807613 ], [ 1.4626301, 43.4808206 ], [ 1.4622087, 43.4807011 ], [ 1.4620714, 43.4806091 ], [ 1.4619464, 43.4806183 ], [ 1.4618689, 43.4806985 ], [ 1.4616975, 43.4810356 ], [ 1.4615641, 43.4811457 ], [ 1.4608895, 43.4812667 ], [ 1.460602, 43.4814294 ], [ 1.4603386, 43.4814919 ], [ 1.4601605, 43.4815526 ], [ 1.4603119, 43.481745 ], [ 1.460423, 43.4819992 ], [ 1.4604167, 43.4822071 ], [ 1.4603693, 43.4823095 ], [ 1.4604422, 43.4823199 ], [ 1.4605906, 43.4822511 ], [ 1.4611259, 43.4829087 ], [ 1.4621149, 43.4840973 ], [ 1.4617592, 43.4847527 ], [ 1.4622314, 43.484901 ], [ 1.4625681, 43.4855525 ], [ 1.4627885, 43.4858249 ], [ 1.4634993, 43.4863158 ], [ 1.4631499, 43.4865419 ], [ 1.4631813, 43.4865841 ], [ 1.461846, 43.4875867 ], [ 1.4620437, 43.4878551 ], [ 1.4625953, 43.4884979 ], [ 1.4626466, 43.4886442 ], [ 1.4629142, 43.4892296 ], [ 1.4626329, 43.4892896 ], [ 1.4622271, 43.4893694 ], [ 1.4619061, 43.4894285 ], [ 1.461926, 43.4894789 ], [ 1.4619957, 43.4895908 ], [ 1.4624642, 43.4905258 ], [ 1.4633508, 43.4923301 ], [ 1.462795, 43.4925317 ], [ 1.4628946, 43.4936371 ], [ 1.4629134, 43.4944232 ], [ 1.4627424, 43.4944613 ], [ 1.4627943, 43.4945355 ], [ 1.4638134, 43.4945831 ], [ 1.4636904, 43.4947758 ], [ 1.463361, 43.4955977 ], [ 1.4633038, 43.4959908 ], [ 1.4632531, 43.4965276 ], [ 1.4632169, 43.4966522 ], [ 1.4630815, 43.4971134 ], [ 1.4630534, 43.4972755 ], [ 1.4631797, 43.4974389 ], [ 1.4632199, 43.4976266 ], [ 1.463372, 43.4977902 ], [ 1.463371, 43.4978589 ], [ 1.4633658, 43.4982149 ], [ 1.4634057, 43.498415 ], [ 1.4633684, 43.4986209 ], [ 1.4633557, 43.4989081 ], [ 1.4624593, 43.4990044 ], [ 1.4621807, 43.4990178 ], [ 1.4619827, 43.4992197 ], [ 1.4618753, 43.4992214 ], [ 1.4616074, 43.4993505 ], [ 1.4614358, 43.4993492 ], [ 1.4612927, 43.4993561 ], [ 1.4610499, 43.4993259 ], [ 1.4605918, 43.4995675 ], [ 1.4604483, 43.4996127 ], [ 1.4602087, 43.4996159 ], [ 1.4597284, 43.4995653 ], [ 1.4593056, 43.4995076 ], [ 1.4591169, 43.4995061 ], [ 1.4587483, 43.4994783 ], [ 1.4587052, 43.4994967 ], [ 1.4586188, 43.4995335 ], [ 1.4579916, 43.4995911 ], [ 1.4574272, 43.4994617 ], [ 1.4555541, 43.4992515 ], [ 1.4555184, 43.4991341 ], [ 1.4554808, 43.498956 ], [ 1.4555183, 43.4987534 ], [ 1.4554811, 43.4987208 ], [ 1.455355, 43.4986106 ], [ 1.4552721, 43.4984196 ], [ 1.4551337, 43.4980855 ], [ 1.4548696, 43.497514 ], [ 1.4545805, 43.4968883 ], [ 1.4541609, 43.4959422 ], [ 1.4541722, 43.4958961 ], [ 1.4539494, 43.4952536 ], [ 1.4537867, 43.4952679 ], [ 1.4525727, 43.4954636 ], [ 1.4519795, 43.495494 ], [ 1.4519967, 43.4951485 ], [ 1.4528452, 43.4942717 ], [ 1.4498928, 43.4948279 ], [ 1.4492956, 43.4948522 ], [ 1.4481589, 43.495046 ], [ 1.4467591, 43.4948346 ], [ 1.4462988, 43.4944128 ], [ 1.4460808, 43.4942988 ], [ 1.4453054, 43.4940709 ], [ 1.4446406, 43.493325 ], [ 1.4429391, 43.4923635 ], [ 1.4418294, 43.4921317 ], [ 1.4382036, 43.4912943 ], [ 1.438066, 43.4911811 ], [ 1.439111, 43.490586 ], [ 1.4414688, 43.4891799 ], [ 1.4415278, 43.4890798 ], [ 1.4407362, 43.4881349 ], [ 1.4388675, 43.4868629 ], [ 1.4388077, 43.4862423 ], [ 1.4386465, 43.4854783 ], [ 1.4387061, 43.4853447 ], [ 1.4385889, 43.4847152 ], [ 1.4396006, 43.4840276 ], [ 1.4416833, 43.4825272 ], [ 1.4413207, 43.4821471 ], [ 1.4409503, 43.4815156 ], [ 1.4410436, 43.4814326 ], [ 1.4414944, 43.481302 ], [ 1.4413143, 43.4810324 ], [ 1.4413403, 43.4808315 ], [ 1.4425828, 43.4800954 ], [ 1.4426506, 43.4801798 ], [ 1.4432774, 43.4798243 ], [ 1.4431523, 43.4797228 ], [ 1.4426506, 43.4794087 ], [ 1.4429848, 43.4793778 ], [ 1.4435759, 43.4791059 ], [ 1.4432326, 43.4789691 ], [ 1.4428794, 43.4787317 ], [ 1.4425051, 43.4783599 ], [ 1.44213, 43.4780469 ], [ 1.442305, 43.477889 ], [ 1.4429658, 43.4775674 ], [ 1.4429329, 43.4774582 ], [ 1.4447555, 43.4763998 ], [ 1.4442887, 43.475918 ], [ 1.4437816, 43.4754154 ], [ 1.443914, 43.4753161 ], [ 1.4443836, 43.4749467 ], [ 1.444818, 43.47447 ], [ 1.4449207, 43.4743553 ], [ 1.4452978, 43.4739517 ], [ 1.4456596, 43.4736384 ], [ 1.4462116, 43.4732881 ], [ 1.4466352, 43.4730723 ], [ 1.4471143, 43.4728285 ], [ 1.4479038, 43.4724147 ], [ 1.4481941, 43.4722046 ], [ 1.4489764, 43.4716519 ], [ 1.4501146, 43.4708009 ], [ 1.4507631, 43.4702724 ], [ 1.4512481, 43.4699549 ], [ 1.4519397, 43.4694785 ], [ 1.4522423, 43.4693638 ], [ 1.4531924, 43.4690228 ], [ 1.4531331, 43.469247 ], [ 1.453051, 43.4695833 ], [ 1.4531591, 43.4698598 ], [ 1.4534205, 43.4701988 ], [ 1.4552606, 43.4694272 ], [ 1.4557482, 43.4688577 ], [ 1.4565583, 43.4684651 ], [ 1.457286, 43.46786 ], [ 1.4588096, 43.4666627 ], [ 1.4583232, 43.4659859 ], [ 1.4588525, 43.4660648 ], [ 1.4595867, 43.4661827 ], [ 1.4599635, 43.4661606 ], [ 1.4604567, 43.4663764 ], [ 1.4604598, 43.4661645 ], [ 1.4607032, 43.4659046 ], [ 1.4610143, 43.4656951 ], [ 1.4611721, 43.4654346 ], [ 1.4618178, 43.4645795 ], [ 1.4620244, 43.4644939 ], [ 1.4623367, 43.4641971 ], [ 1.462768, 43.4639636 ], [ 1.4633346, 43.4638309 ], [ 1.463592, 43.463783 ], [ 1.4639543, 43.4635864 ], [ 1.4640661, 43.463422 ], [ 1.4655541, 43.4625812 ], [ 1.467205, 43.4616999 ], [ 1.4669428, 43.4613326 ], [ 1.4673868, 43.461343 ], [ 1.4681897, 43.461304 ], [ 1.4685984, 43.4614463 ], [ 1.4692277, 43.4615207 ], [ 1.4695987, 43.4616244 ], [ 1.4703077, 43.4618003 ], [ 1.4710251, 43.4617293 ], [ 1.4723849, 43.4611587 ], [ 1.472858, 43.460804 ], [ 1.4744904, 43.4602008 ], [ 1.4762095, 43.459212 ] ] ] } },
{ "type": "Feature", "properties": { "id": "relation/155018", "ID_COMM": "310259", "NOMCOM": "LACROIX FALGARDE", "Commune": "LACROIX FALGARDE", "median": 1241.9570732360862, "q1": 846.41475043643732 }, "geometry": { "type": "Polygon", "coordinates": [ [ [ 1.413061, 43.513391 ], [ 1.4124221, 43.5128633 ], [ 1.4114655, 43.5122523 ], [ 1.4111104, 43.5120927 ], [ 1.4106613, 43.5119244 ], [ 1.4088714, 43.5113753 ], [ 1.4080226, 43.5110981 ], [ 1.4069946, 43.5107324 ], [ 1.4065234, 43.5102861 ], [ 1.4063697, 43.5101708 ], [ 1.4059631, 43.5099147 ], [ 1.4058823, 43.509878 ], [ 1.4058383, 43.50988 ], [ 1.4054245, 43.5100665 ], [ 1.4054031, 43.5100649 ], [ 1.4046802, 43.5095557 ], [ 1.4039832, 43.5091207 ], [ 1.4036232, 43.5089551 ], [ 1.402863, 43.5086615 ], [ 1.402057, 43.5084154 ], [ 1.4006269, 43.5081384 ], [ 1.4003404, 43.508123 ], [ 1.3981825, 43.5081245 ], [ 1.3971979, 43.5080535 ], [ 1.3968177, 43.5079838 ], [ 1.3966392, 43.5079223 ], [ 1.3965179, 43.5078626 ], [ 1.3963394, 43.5077243 ], [ 1.3960682, 43.5074574 ], [ 1.3959158, 43.5072728 ], [ 1.3958321, 43.5070747 ], [ 1.3957426, 43.506434 ], [ 1.3957574, 43.5060938 ], [ 1.3958215, 43.5057568 ], [ 1.3959328, 43.5054255 ], [ 1.3960888, 43.5051026 ], [ 1.3963113, 43.5047345 ], [ 1.396581, 43.5043809 ], [ 1.396739, 43.5042172 ], [ 1.3969348, 43.5040522 ], [ 1.3972798, 43.5038013 ], [ 1.3977033, 43.5035375 ], [ 1.3980004, 43.5033774 ], [ 1.3986287, 43.5030853 ], [ 1.3991782, 43.5028591 ], [ 1.4000429, 43.5025514 ], [ 1.4007656, 43.5023772 ], [ 1.4027782, 43.5017691 ], [ 1.4036539, 43.5015707 ], [ 1.4038441, 43.5015058 ], [ 1.4045926, 43.5011467 ], [ 1.4051828, 43.5007914 ], [ 1.4056414, 43.5004665 ], [ 1.4062146, 43.499962 ], [ 1.4069301, 43.5000455 ], [ 1.4071015, 43.5001306 ], [ 1.4064611, 43.4997824 ], [ 1.4073531, 43.4989612 ], [ 1.4081225, 43.4982068 ], [ 1.4085681, 43.4977944 ], [ 1.4093381, 43.4968065 ], [ 1.4093085, 43.4967641 ], [ 1.409761, 43.4962045 ], [ 1.4104846, 43.4953773 ], [ 1.4109515, 43.4947036 ], [ 1.4113305, 43.4941077 ], [ 1.4114113, 43.4940597 ], [ 1.4116999, 43.4941123 ], [ 1.411917, 43.4939395 ], [ 1.4121025, 43.4938948 ], [ 1.4121923, 43.4938926 ], [ 1.4127862, 43.4939685 ], [ 1.4128619, 43.4939637 ], [ 1.412951, 43.4939215 ], [ 1.4130868, 43.4938034 ], [ 1.4133367, 43.4936457 ], [ 1.4133845, 43.4936367 ], [ 1.4143826, 43.4945191 ], [ 1.4162467, 43.4933882 ], [ 1.4165008, 43.4931961 ], [ 1.4171193, 43.492774 ], [ 1.4174679, 43.4925567 ], [ 1.4175841, 43.4924743 ], [ 1.4177175, 43.4924079 ], [ 1.4183461, 43.4921838 ], [ 1.4184784, 43.4921575 ], [ 1.4184642, 43.4922488 ], [ 1.418504, 43.4923172 ], [ 1.4186188, 43.4924321 ], [ 1.4187198, 43.4924955 ], [ 1.4193476, 43.4927904 ], [ 1.4195412, 43.4929171 ], [ 1.4203027, 43.4935845 ], [ 1.4203386, 43.4935952 ], [ 1.4219656, 43.4931236 ], [ 1.4224836, 43.4929023 ], [ 1.4227384, 43.4928134 ], [ 1.4236816, 43.4925427 ], [ 1.4246014, 43.4922408 ], [ 1.4244121, 43.4910792 ], [ 1.4244239, 43.4910558 ], [ 1.4246996, 43.4910015 ], [ 1.4273763, 43.490817 ], [ 1.4279724, 43.4908346 ], [ 1.4286415, 43.4907934 ], [ 1.4293354, 43.490839 ], [ 1.4310793, 43.4909054 ], [ 1.4311307, 43.4910312 ], [ 1.4317675, 43.4912869 ], [ 1.4319351, 43.4913398 ], [ 1.432279, 43.4914054 ], [ 1.4327896, 43.4915723 ], [ 1.4327807, 43.4916169 ], [ 1.432812, 43.4916508 ], [ 1.4331029, 43.4917617 ], [ 1.4334371, 43.4919626 ], [ 1.433573, 43.4919918 ], [ 1.4336517, 43.4919908 ], [ 1.4339799, 43.4919095 ], [ 1.4344388, 43.4918963 ], [ 1.4348605, 43.4919102 ], [ 1.4353571, 43.4917562 ], [ 1.4353895, 43.4917579 ], [ 1.4356311, 43.4918591 ], [ 1.4362203, 43.491709 ], [ 1.4368817, 43.4919905 ], [ 1.4369414, 43.4920395 ], [ 1.4376755, 43.491457 ], [ 1.438066, 43.4911811 ], [ 1.4382036, 43.4912943 ], [ 1.4418294, 43.4921317 ], [ 1.4429391, 43.4923635 ], [ 1.4446406, 43.493325 ], [ 1.4453054, 43.4940709 ], [ 1.4460808, 43.4942988 ], [ 1.4462988, 43.4944128 ], [ 1.4467591, 43.4948346 ], [ 1.4481589, 43.495046 ], [ 1.4492956, 43.4948522 ], [ 1.4498928, 43.4948279 ], [ 1.4528452, 43.4942717 ], [ 1.4519967, 43.4951485 ], [ 1.4519795, 43.495494 ], [ 1.4525727, 43.4954636 ], [ 1.4537867, 43.4952679 ], [ 1.4539494, 43.4952536 ], [ 1.4541722, 43.4958961 ], [ 1.4541609, 43.4959422 ], [ 1.4545805, 43.4968883 ], [ 1.4548696, 43.497514 ], [ 1.4551337, 43.4980855 ], [ 1.4552721, 43.4984196 ], [ 1.455355, 43.4986106 ], [ 1.4554811, 43.4987208 ], [ 1.4555183, 43.4987534 ], [ 1.4554808, 43.498956 ], [ 1.4555184, 43.4991341 ], [ 1.4555541, 43.4992515 ], [ 1.4551646, 43.4994043 ], [ 1.4547598, 43.4995584 ], [ 1.4539701, 43.4998067 ], [ 1.4535458, 43.4999689 ], [ 1.4530176, 43.5000458 ], [ 1.4523372, 43.5001895 ], [ 1.4520908, 43.5002185 ], [ 1.4511261, 43.5005077 ], [ 1.4510658, 43.5005143 ], [ 1.450918, 43.5004913 ], [ 1.4506723, 43.5005074 ], [ 1.4499559, 43.5004663 ], [ 1.44977, 43.5004392 ], [ 1.4495001, 43.5004631 ], [ 1.4489075, 43.5005715 ], [ 1.4487226, 43.5005865 ], [ 1.448534, 43.5006279 ], [ 1.4481568, 43.5006573 ], [ 1.4476932, 43.500743 ], [ 1.4475138, 43.5007419 ], [ 1.4473092, 43.5007661 ], [ 1.4462658, 43.5006834 ], [ 1.4460236, 43.5006445 ], [ 1.4458723, 43.5005922 ], [ 1.4457849, 43.5005959 ], [ 1.4456777, 43.5006738 ], [ 1.4454624, 43.5007253 ], [ 1.4452742, 43.5007964 ], [ 1.4452079, 43.5008362 ], [ 1.4448523, 43.5009637 ], [ 1.4447745, 43.5009794 ], [ 1.4446268, 43.5009492 ], [ 1.4443597, 43.5009729 ], [ 1.4440433, 43.5009616 ], [ 1.4438703, 43.5009746 ], [ 1.4437708, 43.500956 ], [ 1.4427025, 43.5009884 ], [ 1.4424081, 43.5010712 ], [ 1.4418586, 43.5011716 ], [ 1.4416791, 43.5011634 ], [ 1.4412946, 43.5011793 ], [ 1.4403648, 43.5011801 ], [ 1.4401618, 43.5011688 ], [ 1.4401211, 43.5011627 ], [ 1.4395376, 43.5010752 ], [ 1.4390461, 43.5010736 ], [ 1.4382689, 43.5011435 ], [ 1.438036, 43.5012115 ], [ 1.4378077, 43.5012446 ], [ 1.4377291, 43.5012766 ], [ 1.4376022, 43.5012848 ], [ 1.4375199, 43.5013193 ], [ 1.4373532, 43.50134 ], [ 1.4372348, 43.5013369 ], [ 1.4370271, 43.5013894 ], [ 1.4368741, 43.5013843 ], [ 1.4367913, 43.5013977 ], [ 1.4366543, 43.5013827 ], [ 1.4365906, 43.5013962 ], [ 1.4364867, 43.5013888 ], [ 1.4364021, 43.5014026 ], [ 1.4360398, 43.5013939 ], [ 1.4359859, 43.5014064 ], [ 1.4358466, 43.5014044 ], [ 1.4357813, 43.501418 ], [ 1.4357157, 43.5013987 ], [ 1.4354939, 43.5014308 ], [ 1.4352663, 43.5014437 ], [ 1.4356421, 43.5020879 ], [ 1.4356781, 43.5021891 ], [ 1.4356935, 43.5024147 ], [ 1.4357133, 43.5024443 ], [ 1.4358547, 43.5024715 ], [ 1.4360741, 43.50275 ], [ 1.4363697, 43.5032312 ], [ 1.4367643, 43.5037054 ], [ 1.4370312, 43.5041409 ], [ 1.4370639, 43.5042299 ], [ 1.4372005, 43.5044398 ], [ 1.4375162, 43.5050206 ], [ 1.4375354, 43.5050972 ], [ 1.4371367, 43.5051528 ], [ 1.4367795, 43.5052281 ], [ 1.4354097, 43.5055928 ], [ 1.4353993, 43.5056121 ], [ 1.4354288, 43.5057238 ], [ 1.4353413, 43.5059157 ], [ 1.4353364, 43.5061029 ], [ 1.4353105, 43.5061364 ], [ 1.4335586, 43.5066663 ], [ 1.4335589, 43.5066954 ], [ 1.4335735, 43.5067183 ], [ 1.4336797, 43.5068853 ], [ 1.4337807, 43.5071504 ], [ 1.4322811, 43.5076958 ], [ 1.4322551, 43.5077408 ], [ 1.4319112, 43.507858 ], [ 1.4310346, 43.5081168 ], [ 1.4300841, 43.5083953 ], [ 1.4299867, 43.5081548 ], [ 1.4299556, 43.5081482 ], [ 1.4281533, 43.5083771 ], [ 1.4276802, 43.5084715 ], [ 1.4276379, 43.5085159 ], [ 1.4267902, 43.5087043 ], [ 1.4265906, 43.5088445 ], [ 1.4249495, 43.5083734 ], [ 1.424898, 43.5082925 ], [ 1.4246205, 43.5081422 ], [ 1.4243922, 43.5080675 ], [ 1.4238213, 43.5079191 ], [ 1.4199156, 43.5083516 ], [ 1.417485, 43.5090467 ], [ 1.4174324, 43.5090519 ], [ 1.4147608, 43.5079377 ], [ 1.4146957, 43.5078958 ], [ 1.4145297, 43.5074823 ], [ 1.4143716, 43.5073218 ], [ 1.4141568, 43.5071985 ], [ 1.4139602, 43.507119 ], [ 1.4139119, 43.5073393 ], [ 1.4139237, 43.5074054 ], [ 1.4140496, 43.5075956 ], [ 1.4141773, 43.5081589 ], [ 1.4141378, 43.5082358 ], [ 1.4141398, 43.5083283 ], [ 1.4140811, 43.5085106 ], [ 1.4140871, 43.508586 ], [ 1.4141681, 43.5087906 ], [ 1.4142269, 43.5090106 ], [ 1.4142551, 43.5093687 ], [ 1.4143271, 43.509651 ], [ 1.4144732, 43.5099372 ], [ 1.4145425, 43.5101349 ], [ 1.4148385, 43.5107149 ], [ 1.4150433, 43.5111845 ], [ 1.4151504, 43.5113517 ], [ 1.415363, 43.5119522 ], [ 1.4153557, 43.5122163 ], [ 1.4153182, 43.5122599 ], [ 1.4151135, 43.5123755 ], [ 1.4150253, 43.5124003 ], [ 1.4149523, 43.5123773 ], [ 1.4148527, 43.5122651 ], [ 1.4147758, 43.5122053 ], [ 1.4146444, 43.5121565 ], [ 1.4143823, 43.5122231 ], [ 1.4142525, 43.5121967 ], [ 1.4138998, 43.5120609 ], [ 1.413442, 43.5119882 ], [ 1.4132676, 43.5119991 ], [ 1.4131935, 43.5120318 ], [ 1.4131237, 43.5121105 ], [ 1.4131144, 43.512168 ], [ 1.41316, 43.5122848 ], [ 1.4132185, 43.5123482 ], [ 1.4133791, 43.5124489 ], [ 1.4135014, 43.5125798 ], [ 1.4135249, 43.5126504 ], [ 1.4134906, 43.5127483 ], [ 1.4132897, 43.5130469 ], [ 1.4131704, 43.5133082 ], [ 1.413061, 43.513391 ] ] ] } },
{ "type": "Feature", "properties": { "id": "relation/155020", "ID_COMM": "310035", "NOMCOM": "AUZEVILLE TOLOSANE", "Commune": "AUZEVILLE TOLOSANE", "median": 737.53602245580987, "q1": 499.42711967788637 }, "geometry": { "type": "Polygon", "coordinates": [ [ [ 1.5020463, 43.5427958 ], [ 1.5002924, 43.5419958 ], [ 1.4999299, 43.5418048 ], [ 1.4998381, 43.541863 ], [ 1.4997402, 43.5419095 ], [ 1.4993373, 43.5407209 ], [ 1.4982904, 43.5406552 ], [ 1.498305, 43.5406396 ], [ 1.4978638, 43.5405874 ], [ 1.4972812, 43.5405178 ], [ 1.4965975, 43.5403981 ], [ 1.4965233, 43.5404564 ], [ 1.4962144, 43.5403381 ], [ 1.4958651, 43.540215 ], [ 1.4952765, 43.5400541 ], [ 1.4949486, 43.5399906 ], [ 1.4945129, 43.5400359 ], [ 1.4943819, 43.5400313 ], [ 1.4940938, 43.5399554 ], [ 1.493386, 43.5394808 ], [ 1.4928343, 43.5391602 ], [ 1.4925442, 43.5390447 ], [ 1.4923396, 43.5397104 ], [ 1.4922162, 43.5396915 ], [ 1.4916668, 43.5395615 ], [ 1.4902076, 43.5392574 ], [ 1.4895143, 43.5389897 ], [ 1.4880546, 43.5383781 ], [ 1.4879475, 43.5384348 ], [ 1.4871715, 43.5382438 ], [ 1.4873829, 43.5379774 ], [ 1.4865957, 43.5375363 ], [ 1.4853962, 43.5368877 ], [ 1.4841376, 43.5362104 ], [ 1.4834996, 43.5358588 ], [ 1.4833773, 43.5357946 ], [ 1.4835602, 43.535618 ], [ 1.4829434, 43.5353634 ], [ 1.4819505, 43.5349638 ], [ 1.4813266, 43.5346858 ], [ 1.4790537, 43.5344294 ], [ 1.4782839, 43.5343318 ], [ 1.4772819, 43.5342199 ], [ 1.4764987, 43.5338507 ], [ 1.47621, 43.5336417 ], [ 1.4760952, 43.5335509 ], [ 1.4758104, 43.5337591 ], [ 1.4751104, 43.5332772 ], [ 1.4743415, 43.5339709 ], [ 1.4732207, 43.5333581 ], [ 1.4713792, 43.5323352 ], [ 1.4710801, 43.5321674 ], [ 1.4707123, 43.5311054 ], [ 1.470682, 43.5309757 ], [ 1.4708622, 43.5301426 ], [ 1.4710741, 43.5298457 ], [ 1.4710866, 43.529666 ], [ 1.4710131, 43.5296223 ], [ 1.4709326, 43.5297152 ], [ 1.4706765, 43.5298211 ], [ 1.4703693, 43.5300381 ], [ 1.4702646, 43.5301039 ], [ 1.4700682, 43.5301833 ], [ 1.469848, 43.5303668 ], [ 1.4693895, 43.5306223 ], [ 1.4687705, 43.5308675 ], [ 1.4681361, 43.5311504 ], [ 1.4678565, 43.5313424 ], [ 1.4676881, 43.5313645 ], [ 1.4671647, 43.5314918 ], [ 1.466892, 43.5317199 ], [ 1.466528, 43.5319311 ], [ 1.4662782, 43.5319471 ], [ 1.4660218, 43.5320675 ], [ 1.4657167, 43.5321424 ], [ 1.4651284, 43.5321469 ], [ 1.4649851, 43.5321404 ], [ 1.4647429, 43.5321367 ], [ 1.4642649, 43.5320305 ], [ 1.464084, 43.5320615 ], [ 1.4637843, 43.5321042 ], [ 1.4637802, 43.5320502 ], [ 1.46389, 43.5319773 ], [ 1.4639204, 43.5319236 ], [ 1.4638816, 43.5318783 ], [ 1.4639071, 43.5316501 ], [ 1.4640105, 43.5315089 ], [ 1.4640648, 43.5311748 ], [ 1.4641983, 43.5310068 ], [ 1.4641959, 43.5308323 ], [ 1.4641064, 43.5305277 ], [ 1.4641964, 43.5302856 ], [ 1.4641812, 43.5298017 ], [ 1.4642271, 43.529705 ], [ 1.4643419, 43.5294613 ], [ 1.4644546, 43.5290216 ], [ 1.4646348, 43.5286957 ], [ 1.4645438, 43.5284989 ], [ 1.4645743, 43.5282672 ], [ 1.4646894, 43.5281728 ], [ 1.4648941, 43.5280377 ], [ 1.4650345, 43.5277276 ], [ 1.4650352, 43.5273428 ], [ 1.4651135, 43.5272265 ], [ 1.4650865, 43.5270411 ], [ 1.4648665, 43.5268775 ], [ 1.4647406, 43.5266931 ], [ 1.4646948, 43.5266136 ], [ 1.4645527, 43.5263572 ], [ 1.4645141, 43.5261285 ], [ 1.4645493, 43.5259148 ], [ 1.4645626, 43.5256811 ], [ 1.4646202, 43.5252877 ], [ 1.4645078, 43.5250278 ], [ 1.4645666, 43.5248952 ], [ 1.4646753, 43.5245634 ], [ 1.4648855, 43.5243834 ], [ 1.464944, 43.5242669 ], [ 1.4650603, 43.5240898 ], [ 1.4650488, 43.5240321 ], [ 1.4650715, 43.5238273 ], [ 1.4650954, 43.523716 ], [ 1.4651538, 43.5236085 ], [ 1.465264, 43.5234939 ], [ 1.4653353, 43.5234254 ], [ 1.4653696, 43.5233818 ], [ 1.4654592, 43.5231703 ], [ 1.4655782, 43.5229788 ], [ 1.4657046, 43.5226075 ], [ 1.4657798, 43.5225379 ], [ 1.4659635, 43.522311 ], [ 1.4661392, 43.5217836 ], [ 1.4664216, 43.5212265 ], [ 1.4668329, 43.520816 ], [ 1.4670281, 43.5206521 ], [ 1.4670891, 43.5205339 ], [ 1.4672517, 43.5203985 ], [ 1.4674274, 43.5200401 ], [ 1.467493, 43.5199453 ], [ 1.4673751, 43.5198959 ], [ 1.4675511, 43.5193487 ], [ 1.4676525, 43.5191715 ], [ 1.4673497, 43.5190954 ], [ 1.4671574, 43.5190652 ], [ 1.466652, 43.5188131 ], [ 1.4666316, 43.5186835 ], [ 1.4664976, 43.5185493 ], [ 1.4664775, 43.5184053 ], [ 1.466009, 43.5178262 ], [ 1.465528, 43.517087 ], [ 1.4655365, 43.5170116 ], [ 1.46562, 43.5168719 ], [ 1.4659063, 43.5165576 ], [ 1.4661008, 43.516379 ], [ 1.4654385, 43.5156695 ], [ 1.4661954, 43.5153711 ], [ 1.4669504, 43.515109 ], [ 1.4675982, 43.5149162 ], [ 1.4679016, 43.5147818 ], [ 1.4682819, 43.5146247 ], [ 1.4684413, 43.5145378 ], [ 1.4684906, 43.5143799 ], [ 1.4688845, 43.514311 ], [ 1.4697547, 43.5142799 ], [ 1.4699728, 43.5142384 ], [ 1.4709095, 43.514055 ], [ 1.4720043, 43.5138691 ], [ 1.4724665, 43.5138655 ], [ 1.4726774, 43.5141458 ], [ 1.4728538, 43.5144223 ], [ 1.4729481, 43.5145669 ], [ 1.4729666, 43.5149969 ], [ 1.4729491, 43.5153492 ], [ 1.4729838, 43.5153441 ], [ 1.4743854, 43.5147955 ], [ 1.4753986, 43.5144489 ], [ 1.4758879, 43.5146145 ], [ 1.4762349, 43.5147179 ], [ 1.4764428, 43.5148669 ], [ 1.476618, 43.5150517 ], [ 1.4767083, 43.5151315 ], [ 1.4773161, 43.5153106 ], [ 1.4774532, 43.5154015 ], [ 1.4775908, 43.5154529 ], [ 1.477687, 43.515468 ], [ 1.4777984, 43.5154509 ], [ 1.4782673, 43.5153196 ], [ 1.4791466, 43.5150025 ], [ 1.4798213, 43.5146498 ], [ 1.4799095, 43.5146943 ], [ 1.4803689, 43.5152867 ], [ 1.4806102, 43.515275 ], [ 1.4812096, 43.5161569 ], [ 1.4817494, 43.516026 ], [ 1.4825324, 43.5168993 ], [ 1.4822155, 43.5170849 ], [ 1.4823714, 43.5176153 ], [ 1.4833009, 43.5186039 ], [ 1.484404, 43.5195674 ], [ 1.4854994, 43.5205867 ], [ 1.4859134, 43.5209548 ], [ 1.4867746, 43.5224965 ], [ 1.4876844, 43.5235139 ], [ 1.4882147, 43.5240275 ], [ 1.4890521, 43.5234662 ], [ 1.4894067, 43.5231956 ], [ 1.4905348, 43.5238489 ], [ 1.4927909, 43.5250812 ], [ 1.4930415, 43.5252124 ], [ 1.4932548, 43.5249699 ], [ 1.4952026, 43.5254963 ], [ 1.495722, 43.5256099 ], [ 1.496731, 43.5259097 ], [ 1.4973694, 43.5261168 ], [ 1.4984341, 43.5265563 ], [ 1.4990767, 43.526289 ], [ 1.4996688, 43.5263889 ], [ 1.4997275, 43.5260786 ], [ 1.5049452, 43.526225 ], [ 1.5077126, 43.5272943 ], [ 1.5094155, 43.5264444 ], [ 1.5098228, 43.5266438 ], [ 1.5105377, 43.5271173 ], [ 1.5118785, 43.5270799 ], [ 1.5118743, 43.5273847 ], [ 1.5129213, 43.5274154 ], [ 1.5140178, 43.5266151 ], [ 1.5141913, 43.5266345 ], [ 1.5146062, 43.5269374 ], [ 1.5145682, 43.5269985 ], [ 1.514573, 43.5272251 ], [ 1.5146764, 43.5275754 ], [ 1.515054, 43.5279546 ], [ 1.5151897, 43.5284492 ], [ 1.5153603, 43.5287117 ], [ 1.5154755, 43.5287817 ], [ 1.5152619, 43.5289845 ], [ 1.5143287, 43.5294437 ], [ 1.513739, 43.5293261 ], [ 1.5136938, 43.5293923 ], [ 1.5137265, 43.5294712 ], [ 1.5140623, 43.5297163 ], [ 1.5137342, 43.5303461 ], [ 1.5134211, 43.5302867 ], [ 1.5133689, 43.5304168 ], [ 1.513748, 43.5305664 ], [ 1.5143847, 43.5305323 ], [ 1.5147413, 43.5308515 ], [ 1.5136615, 43.5309629 ], [ 1.5133498, 43.5314664 ], [ 1.5131174, 43.5314058 ], [ 1.5129368, 43.5312088 ], [ 1.512779, 43.5312596 ], [ 1.5127945, 43.5315178 ], [ 1.5126974, 43.5316522 ], [ 1.5124286, 43.5317963 ], [ 1.5122654, 43.5320345 ], [ 1.5122707, 43.5325345 ], [ 1.5116629, 43.5330765 ], [ 1.5110995, 43.5333905 ], [ 1.5112147, 43.5335399 ], [ 1.511412, 43.5341455 ], [ 1.510755, 43.5349454 ], [ 1.5104351, 43.5358232 ], [ 1.5100363, 43.5361295 ], [ 1.5092656, 43.5365518 ], [ 1.5088834, 43.5368649 ], [ 1.5086767, 43.537269 ], [ 1.5087109, 43.5377714 ], [ 1.5086378, 43.5379881 ], [ 1.5084443, 43.5382029 ], [ 1.5081739, 43.5383683 ], [ 1.5081367, 43.5381906 ], [ 1.50797, 43.5382371 ], [ 1.5079295, 43.5383033 ], [ 1.5080809, 43.5384784 ], [ 1.5078717, 43.5395022 ], [ 1.5076716, 43.5399796 ], [ 1.5079533, 43.5401014 ], [ 1.5071218, 43.5409466 ], [ 1.5069353, 43.5407767 ], [ 1.506148, 43.5411789 ], [ 1.5044408, 43.5412206 ], [ 1.5041825, 43.5412753 ], [ 1.5038263, 43.5415819 ], [ 1.5033001, 43.5416135 ], [ 1.5031438, 43.54168 ], [ 1.5030724, 43.5417748 ], [ 1.503112, 43.5419901 ], [ 1.5035933, 43.5422253 ], [ 1.5039709, 43.542248 ], [ 1.5041347, 43.5423024 ], [ 1.5042195, 43.5424483 ], [ 1.5041123, 43.542596 ], [ 1.5039914, 43.5426373 ], [ 1.5036753, 43.5425729 ], [ 1.5033147, 43.5426489 ], [ 1.5029608, 43.5424512 ], [ 1.5023142, 43.5426027 ], [ 1.5020463, 43.5427958 ] ] ] } },
{ "type": "Feature", "properties": { "id": "relation/155021", "ID_COMM": "310113", "NOMCOM": "CASTANET TOLOSAN", "Commune": "CASTANET TOLOSAN", "median": 959.99723324179649, "q1": 608.84762170765134 }, "geometry": { "type": "Polygon", "coordinates": [ [ [ 1.4799095, 43.5146943 ], [ 1.4800229, 43.5145769 ], [ 1.4809885, 43.5140544 ], [ 1.4807505, 43.5136535 ], [ 1.48102, 43.5135101 ], [ 1.4816096, 43.513405 ], [ 1.4819219, 43.5133956 ], [ 1.4825776, 43.5133468 ], [ 1.4831218, 43.5133115 ], [ 1.4833603, 43.5134336 ], [ 1.4836135, 43.5133721 ], [ 1.4836585, 43.5133942 ], [ 1.4838315, 43.5134612 ], [ 1.4840693, 43.5135382 ], [ 1.4841625, 43.5135559 ], [ 1.4841662, 43.5135622 ], [ 1.4843968, 43.5134639 ], [ 1.4842763, 43.5130018 ], [ 1.4844143, 43.5127901 ], [ 1.4843943, 43.51261 ], [ 1.4843226, 43.5123858 ], [ 1.4842865, 43.5117583 ], [ 1.484305, 43.5109893 ], [ 1.4841609, 43.5105846 ], [ 1.484152, 43.5102237 ], [ 1.4841778, 43.510066 ], [ 1.4840087, 43.5096157 ], [ 1.4840127, 43.509337 ], [ 1.4842389, 43.5091374 ], [ 1.4850728, 43.50847 ], [ 1.486201, 43.5078829 ], [ 1.4874044, 43.507248 ], [ 1.4868165, 43.5067677 ], [ 1.4862487, 43.5062518 ], [ 1.4859346, 43.5057085 ], [ 1.4855672, 43.5049239 ], [ 1.4851556, 43.5039221 ], [ 1.4851118, 43.5036772 ], [ 1.4852169, 43.5030541 ], [ 1.4852669, 43.5028754 ], [ 1.485369, 43.502607 ], [ 1.4853291, 43.5023415 ], [ 1.4852672, 43.5018022 ], [ 1.4851567, 43.50084 ], [ 1.485079, 43.5005315 ], [ 1.485141, 43.500392 ], [ 1.485203, 43.5002521 ], [ 1.4856232, 43.4991109 ], [ 1.485693, 43.4986472 ], [ 1.4856786, 43.4983254 ], [ 1.4858582, 43.4980894 ], [ 1.4873053, 43.4969921 ], [ 1.4888744, 43.4958137 ], [ 1.4894605, 43.4954014 ], [ 1.4897597, 43.4951281 ], [ 1.4902465, 43.494669 ], [ 1.4905914, 43.4944034 ], [ 1.4920214, 43.4932234 ], [ 1.4931359, 43.4923766 ], [ 1.4937298, 43.4919051 ], [ 1.4941193, 43.491495 ], [ 1.4948251, 43.4911441 ], [ 1.4952229, 43.4910383 ], [ 1.4967793, 43.4905822 ], [ 1.4984511, 43.489912 ], [ 1.4993839, 43.4893522 ], [ 1.4994374, 43.4894785 ], [ 1.4996323, 43.4899972 ], [ 1.4998756, 43.4904711 ], [ 1.4999904, 43.490693 ], [ 1.5000247, 43.4913976 ], [ 1.4998615, 43.4914072 ], [ 1.4990117, 43.4916238 ], [ 1.498396, 43.4918829 ], [ 1.4983472, 43.4920905 ], [ 1.4985119, 43.4923442 ], [ 1.4982121, 43.4926279 ], [ 1.4983629, 43.4928529 ], [ 1.4975584, 43.4933909 ], [ 1.496895, 43.4936308 ], [ 1.4957777, 43.4942662 ], [ 1.4954111, 43.4946533 ], [ 1.4942288, 43.4954786 ], [ 1.4937881, 43.4959546 ], [ 1.4937267, 43.4965214 ], [ 1.4937127, 43.4966697 ], [ 1.4937036, 43.4968442 ], [ 1.4934618, 43.497299 ], [ 1.4933877, 43.4974608 ], [ 1.4931846, 43.49794 ], [ 1.4930611, 43.4990519 ], [ 1.4922755, 43.4999232 ], [ 1.4937554, 43.501277 ], [ 1.4943957, 43.5015097 ], [ 1.4949459, 43.5019696 ], [ 1.4956713, 43.5017154 ], [ 1.4961294, 43.5019214 ], [ 1.4968301, 43.5028066 ], [ 1.4970371, 43.5029348 ], [ 1.5011129, 43.5038872 ], [ 1.5014001, 43.5041019 ], [ 1.5018136, 43.5043417 ], [ 1.5017972, 43.5054091 ], [ 1.5028143, 43.5059504 ], [ 1.5015564, 43.5068953 ], [ 1.5019984, 43.5071818 ], [ 1.5023084, 43.5072465 ], [ 1.5025237, 43.5073593 ], [ 1.5027701, 43.5074355 ], [ 1.5029921, 43.5075345 ], [ 1.503484, 43.507931 ], [ 1.5036579, 43.5080732 ], [ 1.5038851, 43.5082119 ], [ 1.5041735, 43.5083032 ], [ 1.5043106, 43.5083253 ], [ 1.5046051, 43.5083045 ], [ 1.5047796, 43.5083237 ], [ 1.5054056, 43.5084588 ], [ 1.5083163, 43.5056735 ], [ 1.5116319, 43.5078446 ], [ 1.5122258, 43.5085817 ], [ 1.5126531, 43.5080368 ], [ 1.5135524, 43.508296 ], [ 1.5138989, 43.5084047 ], [ 1.5140232, 43.5079198 ], [ 1.5144503, 43.5079421 ], [ 1.5166429, 43.5082322 ], [ 1.5187374, 43.508403 ], [ 1.5194173, 43.5078115 ], [ 1.5225783, 43.5094549 ], [ 1.5246923, 43.5106639 ], [ 1.5256524, 43.5119385 ], [ 1.5263176, 43.511156 ], [ 1.5279748, 43.509413 ], [ 1.5277189, 43.5091734 ], [ 1.5296448, 43.5067189 ], [ 1.5309365, 43.5078434 ], [ 1.5303995, 43.5085699 ], [ 1.5311383, 43.5089856 ], [ 1.5317552, 43.5094543 ], [ 1.5340205, 43.5109938 ], [ 1.5339989, 43.5110349 ], [ 1.5337569, 43.511173 ], [ 1.5331668, 43.5115217 ], [ 1.5323547, 43.51201 ], [ 1.5322959, 43.5120155 ], [ 1.5335526, 43.5141252 ], [ 1.5335819, 43.5142047 ], [ 1.5334217, 43.5141803 ], [ 1.5329177, 43.514143 ], [ 1.5323649, 43.5141235 ], [ 1.5319774, 43.5141078 ], [ 1.5316818, 43.5140694 ], [ 1.5312611, 43.5140597 ], [ 1.5311156, 43.5140874 ], [ 1.5309724, 43.5141186 ], [ 1.5290565, 43.5141237 ], [ 1.5286682, 43.5141009 ], [ 1.5283465, 43.5144004 ], [ 1.5261616, 43.5163163 ], [ 1.5243552, 43.5198643 ], [ 1.5234949, 43.5216256 ], [ 1.5231617, 43.5216406 ], [ 1.5230318, 43.5217363 ], [ 1.5226531, 43.5215314 ], [ 1.5218747, 43.5220538 ], [ 1.5206647, 43.5233341 ], [ 1.5207313, 43.5238575 ], [ 1.5204219, 43.5240447 ], [ 1.5194788, 43.5239813 ], [ 1.5196363, 43.5241068 ], [ 1.5193242, 43.5242091 ], [ 1.5188533, 43.5242651 ], [ 1.5188446, 43.5243329 ], [ 1.5189968, 43.5245686 ], [ 1.5190241, 43.5248458 ], [ 1.5191044, 43.5249425 ], [ 1.5191094, 43.5251404 ], [ 1.5189633, 43.5253174 ], [ 1.5186405, 43.5253434 ], [ 1.5183235, 43.525228 ], [ 1.5176633, 43.5257801 ], [ 1.5175559, 43.5256832 ], [ 1.517478, 43.5256968 ], [ 1.5155404, 43.5265232 ], [ 1.5156421, 43.5266304 ], [ 1.515183, 43.5266864 ], [ 1.5145682, 43.5269985 ], [ 1.5146062, 43.5269374 ], [ 1.5141913, 43.5266345 ], [ 1.5140178, 43.5266151 ], [ 1.5129213, 43.5274154 ], [ 1.5118743, 43.5273847 ], [ 1.5118785, 43.5270799 ], [ 1.5105377, 43.5271173 ], [ 1.5098228, 43.5266438 ], [ 1.5094155, 43.5264444 ], [ 1.5077126, 43.5272943 ], [ 1.5049452, 43.526225 ], [ 1.4997275, 43.5260786 ], [ 1.4996688, 43.5263889 ], [ 1.4990767, 43.526289 ], [ 1.4984341, 43.5265563 ], [ 1.4973694, 43.5261168 ], [ 1.496731, 43.5259097 ], [ 1.495722, 43.5256099 ], [ 1.4952026, 43.5254963 ], [ 1.4932548, 43.5249699 ], [ 1.4930415, 43.5252124 ], [ 1.4927909, 43.5250812 ], [ 1.4905348, 43.5238489 ], [ 1.4894067, 43.5231956 ], [ 1.4890521, 43.5234662 ], [ 1.4882147, 43.5240275 ], [ 1.4876844, 43.5235139 ], [ 1.4867746, 43.5224965 ], [ 1.4859134, 43.5209548 ], [ 1.4854994, 43.5205867 ], [ 1.484404, 43.5195674 ], [ 1.4833009, 43.5186039 ], [ 1.4823714, 43.5176153 ], [ 1.4822155, 43.5170849 ], [ 1.4825324, 43.5168993 ], [ 1.4817494, 43.516026 ], [ 1.4812096, 43.5161569 ], [ 1.4806102, 43.515275 ], [ 1.4803689, 43.5152867 ], [ 1.4799095, 43.5146943 ] ] ] } },
{ "type": "Feature", "properties": { "id": "relation/155028", "ID_COMM": "310169", "NOMCOM": "ESCALQUENS", "Commune": "ESCALQUENS", "median": 610.88644241029397, "q1": 499.73118232190609 }, "geometry": { "type": "Polygon", "coordinates": [ [ [ 1.5739657, 43.5194866 ], [ 1.5736637, 43.5195719 ], [ 1.5734841, 43.5197159 ], [ 1.5733195, 43.5197015 ], [ 1.5731966, 43.5196497 ], [ 1.5731514, 43.5196527 ], [ 1.5730488, 43.5196823 ], [ 1.5730164, 43.5197002 ], [ 1.5734304, 43.5202896 ], [ 1.5738333, 43.52063 ], [ 1.574073, 43.5208939 ], [ 1.5750262, 43.5218369 ], [ 1.5752337, 43.5219964 ], [ 1.5759098, 43.522244 ], [ 1.577703, 43.5231859 ], [ 1.5778887, 43.5232698 ], [ 1.5784936, 43.5233941 ], [ 1.5787025, 43.5234202 ], [ 1.5790336, 43.5234402 ], [ 1.5794983, 43.5234683 ], [ 1.579504, 43.5234792 ], [ 1.5800235, 43.5244688 ], [ 1.5800576, 43.5246278 ], [ 1.5800607, 43.5248412 ], [ 1.5800145, 43.5250997 ], [ 1.5800457, 43.5253667 ], [ 1.5802003, 43.5257598 ], [ 1.5803033, 43.5258914 ], [ 1.5804209, 43.5259415 ], [ 1.5802934, 43.5260147 ], [ 1.5802446, 43.5260681 ], [ 1.5802374, 43.5260903 ], [ 1.5802162, 43.5261554 ], [ 1.5802572, 43.5262066 ], [ 1.5819712, 43.5279592 ], [ 1.5820373, 43.5280034 ], [ 1.5818314, 43.5281877 ], [ 1.5816195, 43.5283743 ], [ 1.5812601, 43.5286831 ], [ 1.5800896, 43.5296932 ], [ 1.5799412, 43.5297988 ], [ 1.5797259, 43.5299417 ], [ 1.5784864, 43.5305214 ], [ 1.5773562, 43.5310254 ], [ 1.5771516, 43.5311032 ], [ 1.5768284, 43.5312126 ], [ 1.5765209, 43.531307 ], [ 1.5764876, 43.5312743 ], [ 1.5764711, 43.5312582 ], [ 1.5757864, 43.5305864 ], [ 1.5749963, 43.5309821 ], [ 1.5741737, 43.5312964 ], [ 1.573762, 43.5314175 ], [ 1.5735428, 43.5314701 ], [ 1.5735056, 43.5314768 ], [ 1.5733593, 43.5312473 ], [ 1.5719968, 43.5314615 ], [ 1.5715535, 43.5315011 ], [ 1.5710605, 43.5316013 ], [ 1.5696697, 43.5318839 ], [ 1.569227, 43.5319668 ], [ 1.5685752, 43.5320461 ], [ 1.5685198, 43.5320477 ], [ 1.5682464, 43.5320414 ], [ 1.5675664, 43.5320377 ], [ 1.5672544, 43.5320058 ], [ 1.5666777, 43.532052 ], [ 1.5666058, 43.5320807 ], [ 1.5653777, 43.532049 ], [ 1.5653573, 43.5319312 ], [ 1.5651714, 43.531895 ], [ 1.5650691, 43.5318484 ], [ 1.5626672, 43.5309678 ], [ 1.5610272, 43.5303634 ], [ 1.5600574, 43.5304765 ], [ 1.5597851, 43.5306076 ], [ 1.55878, 43.5310864 ], [ 1.5585625, 43.5311927 ], [ 1.5580554, 43.5313717 ], [ 1.5574512, 43.5313951 ], [ 1.5569055, 43.5314538 ], [ 1.5560579, 43.5315282 ], [ 1.5555538, 43.5315399 ], [ 1.5551918, 43.5314888 ], [ 1.5543502, 43.531815 ], [ 1.5541994, 43.5318752 ], [ 1.5526421, 43.5322399 ], [ 1.5525685, 43.5322528 ], [ 1.5525483, 43.5322569 ], [ 1.5512735, 43.5326099 ], [ 1.5510417, 43.5326754 ], [ 1.5505943, 43.5328181 ], [ 1.550352, 43.5328967 ], [ 1.5498467, 43.5329198 ], [ 1.5496903, 43.532995 ], [ 1.5473382, 43.5337031 ], [ 1.546782, 43.533815 ], [ 1.5465582, 43.5339541 ], [ 1.5462889, 43.5335128 ], [ 1.544706, 43.5312811 ], [ 1.5435152, 43.529549 ], [ 1.5412957, 43.5283332 ], [ 1.5412052, 43.5283483 ], [ 1.5388116, 43.5271862 ], [ 1.5387464, 43.5271613 ], [ 1.5382852, 43.5269876 ], [ 1.5373941, 43.5266515 ], [ 1.5365917, 43.5261681 ], [ 1.5364723, 43.5260952 ], [ 1.5356475, 43.5255866 ], [ 1.5349329, 43.5258722 ], [ 1.5340333, 43.5252905 ], [ 1.533241, 43.5256162 ], [ 1.533037, 43.5258515 ], [ 1.5320633, 43.5254569 ], [ 1.5324572, 43.5250074 ], [ 1.5323569, 43.5249155 ], [ 1.5313115, 43.5243172 ], [ 1.5308324, 43.5240598 ], [ 1.5302064, 43.5238111 ], [ 1.5301237, 43.5237672 ], [ 1.5292375, 43.5242269 ], [ 1.5286882, 43.524016 ], [ 1.5270585, 43.5233905 ], [ 1.5267962, 43.5232768 ], [ 1.5257004, 43.522736 ], [ 1.5234949, 43.5216256 ], [ 1.5243552, 43.5198643 ], [ 1.5261616, 43.5163163 ], [ 1.5283465, 43.5144004 ], [ 1.5286682, 43.5141009 ], [ 1.5290565, 43.5141237 ], [ 1.5309724, 43.5141186 ], [ 1.5311156, 43.5140874 ], [ 1.5312611, 43.5140597 ], [ 1.5316818, 43.5140694 ], [ 1.5319774, 43.5141078 ], [ 1.5323649, 43.5141235 ], [ 1.5329177, 43.514143 ], [ 1.5334217, 43.5141803 ], [ 1.5335819, 43.5142047 ], [ 1.5335526, 43.5141252 ], [ 1.5322959, 43.5120155 ], [ 1.5323547, 43.51201 ], [ 1.5331668, 43.5115217 ], [ 1.5337569, 43.511173 ], [ 1.5339989, 43.5110349 ], [ 1.5340205, 43.5109938 ], [ 1.5345839, 43.5117335 ], [ 1.5354538, 43.5126591 ], [ 1.5359469, 43.5132279 ], [ 1.5367616, 43.5126914 ], [ 1.5373441, 43.512309 ], [ 1.5381163, 43.5115784 ], [ 1.538805, 43.510915 ], [ 1.5396285, 43.5101814 ], [ 1.5402503, 43.5095865 ], [ 1.5407199, 43.5090809 ], [ 1.5411847, 43.5085717 ], [ 1.5418306, 43.5078121 ], [ 1.5420778, 43.5075407 ], [ 1.5424299, 43.5070207 ], [ 1.5427714, 43.506204 ], [ 1.5428553, 43.506225 ], [ 1.5435852, 43.5065076 ], [ 1.5436085, 43.5065473 ], [ 1.5464408, 43.5075963 ], [ 1.5484842, 43.5074631 ], [ 1.5499884, 43.5073597 ], [ 1.5504145, 43.5073447 ], [ 1.5516461, 43.5073411 ], [ 1.5520132, 43.5075808 ], [ 1.5525537, 43.5083217 ], [ 1.5528295, 43.5084637 ], [ 1.5531365, 43.5087229 ], [ 1.5532192, 43.5087694 ], [ 1.5538774, 43.5088412 ], [ 1.5541331, 43.5088177 ], [ 1.5543888, 43.5088688 ], [ 1.5546758, 43.5088073 ], [ 1.5548791, 43.5088464 ], [ 1.5552941, 43.5088049 ], [ 1.5554809, 43.5087211 ], [ 1.5557581, 43.5086546 ], [ 1.5562487, 43.5085642 ], [ 1.5564902, 43.5084929 ], [ 1.55662, 43.5084835 ], [ 1.5567246, 43.5084809 ], [ 1.5566902, 43.5085589 ], [ 1.5565141, 43.5088418 ], [ 1.5562511, 43.5091518 ], [ 1.5563029, 43.5091758 ], [ 1.5565925, 43.5092671 ], [ 1.5575283, 43.5096107 ], [ 1.5597192, 43.5104198 ], [ 1.559905, 43.5104659 ], [ 1.5601865, 43.5104441 ], [ 1.5605975, 43.5113307 ], [ 1.560814, 43.511805 ], [ 1.5613808, 43.5116346 ], [ 1.5620729, 43.511393 ], [ 1.5625707, 43.5111937 ], [ 1.5633178, 43.5108698 ], [ 1.5635327, 43.5107728 ], [ 1.5636973, 43.5107638 ], [ 1.5638311, 43.5107275 ], [ 1.5639634, 43.5107631 ], [ 1.5640839, 43.5107922 ], [ 1.5641282, 43.5108193 ], [ 1.5641888, 43.5109114 ], [ 1.5642052, 43.5110139 ], [ 1.5640612, 43.5113266 ], [ 1.5637698, 43.5117807 ], [ 1.5637179, 43.5118502 ], [ 1.5642754, 43.5123527 ], [ 1.5649674, 43.5119232 ], [ 1.5674053, 43.5138563 ], [ 1.5677386, 43.5141263 ], [ 1.5694498, 43.5135496 ], [ 1.569489, 43.5135386 ], [ 1.5695211, 43.5136548 ], [ 1.569681, 43.5139537 ], [ 1.5705711, 43.5151076 ], [ 1.5707202, 43.5152483 ], [ 1.5709582, 43.515473 ], [ 1.5711212, 43.5156506 ], [ 1.5720963, 43.5172049 ], [ 1.572633, 43.5181411 ], [ 1.5732566, 43.517983 ], [ 1.5734743, 43.5184959 ], [ 1.5738134, 43.5192655 ], [ 1.5739657, 43.5194866 ] ] ] } },
{ "type": "Feature", "properties": { "id": "relation/155460", "ID_COMM": "310249", "NOMCOM": "LABASTIDE BEAUVOIR", "Commune": "LABASTIDE BEAUVOIR", "median": 1083.8381229648367, "q1": 712.38764750178507 }, "geometry": { "type": "Polygon", "coordinates": [ [ [ 1.6803375, 43.4899035 ], [ 1.6803423, 43.490008 ], [ 1.679523, 43.4912417 ], [ 1.6802985, 43.4916652 ], [ 1.6803068, 43.4920749 ], [ 1.6806369, 43.4923003 ], [ 1.6795166, 43.4929922 ], [ 1.6797069, 43.493133 ], [ 1.6793851, 43.4933173 ], [ 1.6790745, 43.4936508 ], [ 1.6788713, 43.4935192 ], [ 1.678238, 43.4941208 ], [ 1.6779136, 43.4945379 ], [ 1.6777199, 43.4947044 ], [ 1.6773004, 43.4951153 ], [ 1.6768667, 43.4955281 ], [ 1.6759506, 43.4962491 ], [ 1.6768603, 43.498424 ], [ 1.6767318, 43.4984792 ], [ 1.6757962, 43.498719 ], [ 1.6747052, 43.4989887 ], [ 1.6745235, 43.4992205 ], [ 1.6738034, 43.4995608 ], [ 1.6731087, 43.4999199 ], [ 1.6724947, 43.4999163 ], [ 1.6714825, 43.5000686 ], [ 1.671463, 43.5000307 ], [ 1.6700713, 43.4981421 ], [ 1.669923, 43.4976756 ], [ 1.6693168, 43.4967207 ], [ 1.6680433, 43.4976138 ], [ 1.6673794, 43.4981281 ], [ 1.6670065, 43.4984379 ], [ 1.6668124, 43.4987097 ], [ 1.6668257, 43.4987977 ], [ 1.6656477, 43.5002296 ], [ 1.6650446, 43.500403 ], [ 1.6623309, 43.5011162 ], [ 1.6603683, 43.5015636 ], [ 1.6594013, 43.501835 ], [ 1.6581102, 43.5020914 ], [ 1.6572012, 43.5022397 ], [ 1.6556024, 43.5007814 ], [ 1.6539417, 43.5005312 ], [ 1.6530857, 43.5004153 ], [ 1.6527448, 43.5010558 ], [ 1.6516304, 43.5021295 ], [ 1.6515944, 43.5021041 ], [ 1.6514387, 43.5020025 ], [ 1.6510402, 43.5016336 ], [ 1.6487855, 43.4996045 ], [ 1.6479006, 43.498857 ], [ 1.645052, 43.4959721 ], [ 1.645865, 43.4955719 ], [ 1.6459333, 43.4955206 ], [ 1.6459372, 43.4953812 ], [ 1.6456662, 43.4945341 ], [ 1.64735, 43.4933742 ], [ 1.6473534, 43.4934804 ], [ 1.6472356, 43.4936027 ], [ 1.6476985, 43.4938877 ], [ 1.6478703, 43.4937373 ], [ 1.6479959, 43.4935661 ], [ 1.648099, 43.4937067 ], [ 1.6484093, 43.4934707 ], [ 1.6485706, 43.4932926 ], [ 1.6498541, 43.4918452 ], [ 1.6486462, 43.491105 ], [ 1.6473996, 43.490082 ], [ 1.6454437, 43.4913658 ], [ 1.6453255, 43.4910257 ], [ 1.6450137, 43.490536 ], [ 1.6447453, 43.4901393 ], [ 1.6447299, 43.4900722 ], [ 1.6447453, 43.4900415 ], [ 1.6454375, 43.4897766 ], [ 1.6449615, 43.4891273 ], [ 1.6449977, 43.4891159 ], [ 1.645228, 43.4890528 ], [ 1.6458026, 43.4888985 ], [ 1.6469202, 43.4887018 ], [ 1.6465485, 43.4878666 ], [ 1.6472661, 43.4873762 ], [ 1.6476302, 43.4872003 ], [ 1.6475892, 43.487089 ], [ 1.6478082, 43.4868276 ], [ 1.6480042, 43.4866453 ], [ 1.6479999, 43.4863944 ], [ 1.6480975, 43.4862184 ], [ 1.6481786, 43.4860105 ], [ 1.6482621, 43.4855699 ], [ 1.6482265, 43.4854595 ], [ 1.647962, 43.4854562 ], [ 1.6474015, 43.4854544 ], [ 1.6461705, 43.4855046 ], [ 1.6444803, 43.4833558 ], [ 1.643277, 43.4813511 ], [ 1.6425635, 43.4798576 ], [ 1.642088, 43.4788546 ], [ 1.6419313, 43.4785092 ], [ 1.6410984, 43.4766808 ], [ 1.6438047, 43.476658 ], [ 1.645362, 43.4765493 ], [ 1.6453483, 43.4764909 ], [ 1.6452541, 43.4750312 ], [ 1.6451313, 43.4735174 ], [ 1.6477958, 43.4734564 ], [ 1.6490657, 43.4719013 ], [ 1.650364, 43.4704065 ], [ 1.6506781, 43.470512 ], [ 1.6518718, 43.4692907 ], [ 1.651776, 43.4691642 ], [ 1.6526874, 43.4688157 ], [ 1.6526885, 43.4687213 ], [ 1.6534785, 43.4684084 ], [ 1.6542559, 43.4676468 ], [ 1.6542232, 43.4673596 ], [ 1.6570925, 43.4673846 ], [ 1.6572891, 43.4673746 ], [ 1.6576409, 43.4672477 ], [ 1.6578759, 43.4672463 ], [ 1.6580106, 43.4673104 ], [ 1.6583354, 43.467509 ], [ 1.6585462, 43.4675787 ], [ 1.6589894, 43.4678724 ], [ 1.6595149, 43.4681752 ], [ 1.6600651, 43.4683668 ], [ 1.6607799, 43.4685594 ], [ 1.6623671, 43.4685175 ], [ 1.6635514, 43.4687557 ], [ 1.6639167, 43.4686723 ], [ 1.6654992, 43.4679969 ], [ 1.667817, 43.4667266 ], [ 1.6685279, 43.4662087 ], [ 1.6704126, 43.4647731 ], [ 1.671858, 43.4637287 ], [ 1.6725319, 43.4633646 ], [ 1.6734413, 43.4629591 ], [ 1.6736302, 43.4628746 ], [ 1.6737847, 43.4627214 ], [ 1.6747228, 43.4629067 ], [ 1.6752171, 43.4628411 ], [ 1.6768062, 43.4626107 ], [ 1.6771246, 43.4625098 ], [ 1.6786089, 43.4621847 ], [ 1.6787578, 43.4624936 ], [ 1.6793975, 43.4635602 ], [ 1.6791868, 43.4637678 ], [ 1.6804028, 43.4645721 ], [ 1.6792687, 43.4657993 ], [ 1.6775799, 43.4665202 ], [ 1.6770176, 43.4667067 ], [ 1.6774807, 43.4672504 ], [ 1.6769032, 43.4676266 ], [ 1.6777559, 43.468296 ], [ 1.6782837, 43.468878 ], [ 1.6777935, 43.4696154 ], [ 1.6781147, 43.4700253 ], [ 1.6793695, 43.4708678 ], [ 1.6786577, 43.4716039 ], [ 1.6789785, 43.4721614 ], [ 1.6790957, 43.4726079 ], [ 1.6790447, 43.4727446 ], [ 1.6790843, 43.4728566 ], [ 1.6796398, 43.4729814 ], [ 1.6812219, 43.472941 ], [ 1.6820608, 43.4731918 ], [ 1.6822774, 43.4732676 ], [ 1.6815902, 43.4741389 ], [ 1.6810112, 43.4744707 ], [ 1.6798034, 43.4750038 ], [ 1.6807487, 43.476257 ], [ 1.6801709, 43.4764772 ], [ 1.6810941, 43.4776454 ], [ 1.6811626, 43.4777594 ], [ 1.6812113, 43.4778773 ], [ 1.6813351, 43.4781055 ], [ 1.6813964, 43.4782145 ], [ 1.6814044, 43.4782666 ], [ 1.6814039, 43.4783222 ], [ 1.6813447, 43.4783984 ], [ 1.6812193, 43.4784919 ], [ 1.68099, 43.4786517 ], [ 1.6821296, 43.4797662 ], [ 1.6808945, 43.4804574 ], [ 1.6817137, 43.4815516 ], [ 1.6817962, 43.4817961 ], [ 1.6818625, 43.4819808 ], [ 1.6828871, 43.4830017 ], [ 1.6840933, 43.4838002 ], [ 1.6843868, 43.4838578 ], [ 1.6847425, 43.484074 ], [ 1.6854138, 43.4846738 ], [ 1.6860088, 43.4852266 ], [ 1.6859812, 43.4854127 ], [ 1.6856466, 43.4856063 ], [ 1.685415, 43.4857353 ], [ 1.6852339, 43.4859298 ], [ 1.6851547, 43.4861529 ], [ 1.6848578, 43.4864119 ], [ 1.6839791, 43.4872355 ], [ 1.6837997, 43.4872718 ], [ 1.6830263, 43.487826 ], [ 1.6814541, 43.4889156 ], [ 1.6809245, 43.4893968 ], [ 1.6806033, 43.4895346 ], [ 1.6803703, 43.4897847 ], [ 1.6803375, 43.4899035 ] ] ] } },
{ "type": "Feature", "properties": { "id": "relation/155462", "ID_COMM": "310568", "NOMCOM": "VARENNES", "Commune": "VARENNES", "median": 2358.092265965417, "q1": 2358.092265965417 }, "geometry": { "type": "Polygon", "coordinates": [ [ [ 1.6803375, 43.4899035 ], [ 1.6803703, 43.4897847 ], [ 1.6806033, 43.4895346 ], [ 1.6809245, 43.4893968 ], [ 1.6814541, 43.4889156 ], [ 1.6830263, 43.487826 ], [ 1.6837997, 43.4872718 ], [ 1.6839791, 43.4872355 ], [ 1.6848578, 43.4864119 ], [ 1.6851547, 43.4861529 ], [ 1.6852339, 43.4859298 ], [ 1.685415, 43.4857353 ], [ 1.6856466, 43.4856063 ], [ 1.6859812, 43.4854127 ], [ 1.6860088, 43.4852266 ], [ 1.6854138, 43.4846738 ], [ 1.6847425, 43.484074 ], [ 1.6843868, 43.4838578 ], [ 1.6840933, 43.4838002 ], [ 1.6828871, 43.4830017 ], [ 1.6818625, 43.4819808 ], [ 1.6817962, 43.4817961 ], [ 1.6817137, 43.4815516 ], [ 1.6808945, 43.4804574 ], [ 1.6821296, 43.4797662 ], [ 1.68099, 43.4786517 ], [ 1.6812193, 43.4784919 ], [ 1.6813447, 43.4783984 ], [ 1.6814039, 43.4783222 ], [ 1.6814044, 43.4782666 ], [ 1.6813964, 43.4782145 ], [ 1.6813351, 43.4781055 ], [ 1.6812113, 43.4778773 ], [ 1.6811626, 43.4777594 ], [ 1.6810941, 43.4776454 ], [ 1.6801709, 43.4764772 ], [ 1.6807487, 43.476257 ], [ 1.6798034, 43.4750038 ], [ 1.6810112, 43.4744707 ], [ 1.6815902, 43.4741389 ], [ 1.6822774, 43.4732676 ], [ 1.6820608, 43.4731918 ], [ 1.6812219, 43.472941 ], [ 1.6796398, 43.4729814 ], [ 1.6790843, 43.4728566 ], [ 1.6790447, 43.4727446 ], [ 1.6790957, 43.4726079 ], [ 1.6789785, 43.4721614 ], [ 1.6786577, 43.4716039 ], [ 1.6793695, 43.4708678 ], [ 1.6781147, 43.4700253 ], [ 1.6777935, 43.4696154 ], [ 1.6782837, 43.468878 ], [ 1.6789924, 43.4685148 ], [ 1.6796842, 43.4678439 ], [ 1.6828568, 43.4656154 ], [ 1.6832588, 43.4654413 ], [ 1.6845953, 43.4645288 ], [ 1.6849454, 43.46475 ], [ 1.6850703, 43.4646561 ], [ 1.6851638, 43.4645397 ], [ 1.6856102, 43.4641512 ], [ 1.6859092, 43.4637618 ], [ 1.686907, 43.4639823 ], [ 1.68743, 43.4642997 ], [ 1.6880821, 43.4643648 ], [ 1.6886922, 43.464422 ], [ 1.6910817, 43.4644663 ], [ 1.6929874, 43.4644695 ], [ 1.6933495, 43.46493 ], [ 1.6934236, 43.4650242 ], [ 1.6960009, 43.4672091 ], [ 1.695944, 43.4676076 ], [ 1.6961015, 43.4676468 ], [ 1.6962369, 43.4677856 ], [ 1.6969351, 43.4674752 ], [ 1.6974203, 43.4674012 ], [ 1.6986101, 43.4683896 ], [ 1.6986787, 43.468327 ], [ 1.698727, 43.4682829 ], [ 1.6996958, 43.4692623 ], [ 1.6998745, 43.469294 ], [ 1.7001818, 43.4691117 ], [ 1.7026769, 43.4711426 ], [ 1.7047628, 43.47005 ], [ 1.7053807, 43.4693632 ], [ 1.7055716, 43.4692416 ], [ 1.7057181, 43.4693268 ], [ 1.7064178, 43.4688705 ], [ 1.7064876, 43.4692467 ], [ 1.7072494, 43.4688982 ], [ 1.7082241, 43.4683285 ], [ 1.7097907, 43.4675319 ], [ 1.7123643, 43.469126 ], [ 1.7133026, 43.4710407 ], [ 1.7132794, 43.4712476 ], [ 1.7121506, 43.4714485 ], [ 1.7109986, 43.4718485 ], [ 1.7097503, 43.4724014 ], [ 1.7086956, 43.4725643 ], [ 1.7088617, 43.4727953 ], [ 1.7091631, 43.4731727 ], [ 1.7097068, 43.4735439 ], [ 1.7103335, 43.4740305 ], [ 1.7108944, 43.4757744 ], [ 1.7088996, 43.4762587 ], [ 1.7079911, 43.4764792 ], [ 1.7077021, 43.4759254 ], [ 1.7053262, 43.476541 ], [ 1.7051804, 43.4764093 ], [ 1.7028257, 43.4769795 ], [ 1.7002065, 43.4776933 ], [ 1.6989061, 43.4781691 ], [ 1.6992804, 43.478616 ], [ 1.6992528, 43.4786322 ], [ 1.6991639, 43.4786843 ], [ 1.699507, 43.4791004 ], [ 1.6991667, 43.4794129 ], [ 1.6986868, 43.47997 ], [ 1.6983373, 43.4801521 ], [ 1.6981675, 43.4802815 ], [ 1.6977399, 43.4808696 ], [ 1.6976269, 43.4815898 ], [ 1.6974313, 43.4821562 ], [ 1.6973613, 43.4827924 ], [ 1.6973354, 43.4832447 ], [ 1.6976794, 43.483584 ], [ 1.6975611, 43.4838134 ], [ 1.6974641, 43.48402 ], [ 1.6972371, 43.4845632 ], [ 1.6966936, 43.4851583 ], [ 1.6963407, 43.4856547 ], [ 1.6962217, 43.4859531 ], [ 1.6960143, 43.4866345 ], [ 1.6957799, 43.4868862 ], [ 1.6959402, 43.487654 ], [ 1.6958504, 43.4891566 ], [ 1.695622, 43.4908118 ], [ 1.6954582, 43.4913477 ], [ 1.6943514, 43.4914258 ], [ 1.6929268, 43.4916631 ], [ 1.6917223, 43.492009 ], [ 1.691615, 43.4921924 ], [ 1.6914566, 43.4922299 ], [ 1.6908382, 43.4919426 ], [ 1.6908502, 43.4918046 ], [ 1.6902421, 43.4915404 ], [ 1.6887076, 43.4912325 ], [ 1.686889, 43.4908846 ], [ 1.6859744, 43.490726 ], [ 1.6842199, 43.4903018 ], [ 1.6841031, 43.4903931 ], [ 1.6834338, 43.4899444 ], [ 1.6825088, 43.4897704 ], [ 1.6813823, 43.4897178 ], [ 1.6803375, 43.4899035 ] ] ] } },
{ "type": "Feature", "properties": { "id": "relation/155481", "ID_COMM": "310161", "NOMCOM": "DEYME", "Commune": "DEYME", "median": 926.97509836079553, "q1": 588.23059887753334 }, "geometry": { "type": "Polygon", "coordinates": [ [ [ 1.5502049, 43.4894046 ], [ 1.549161, 43.4918532 ], [ 1.5484021, 43.4935693 ], [ 1.5454198, 43.50007 ], [ 1.5454064, 43.5000992 ], [ 1.5445633, 43.4998285 ], [ 1.5432821, 43.4992031 ], [ 1.5428415, 43.4989868 ], [ 1.5427651, 43.4989301 ], [ 1.5426967, 43.4989197 ], [ 1.5416538, 43.4983742 ], [ 1.5406032, 43.4978038 ], [ 1.5396026, 43.4973778 ], [ 1.5384389, 43.4970767 ], [ 1.5366239, 43.4965057 ], [ 1.5358683, 43.4960862 ], [ 1.5351254, 43.4957451 ], [ 1.5350098, 43.495414 ], [ 1.5345973, 43.4945671 ], [ 1.5342171, 43.4938696 ], [ 1.5346152, 43.4935626 ], [ 1.5331648, 43.492764 ], [ 1.5326918, 43.4933618 ], [ 1.5324575, 43.4932047 ], [ 1.5318406, 43.4927809 ], [ 1.5310167, 43.4920745 ], [ 1.5307852, 43.491694 ], [ 1.5291438, 43.4905277 ], [ 1.529108, 43.4905374 ], [ 1.5279932, 43.4897027 ], [ 1.5277535, 43.4895253 ], [ 1.5276974, 43.4894708 ], [ 1.5276826, 43.4894564 ], [ 1.527002, 43.4899464 ], [ 1.5259243, 43.4907278 ], [ 1.5253171, 43.4901248 ], [ 1.5244501, 43.489223 ], [ 1.5243518, 43.4889316 ], [ 1.5238721, 43.4880224 ], [ 1.5238211, 43.4879321 ], [ 1.5234381, 43.487526 ], [ 1.5224484, 43.4865206 ], [ 1.5221301, 43.4861123 ], [ 1.5212569, 43.4849623 ], [ 1.520868, 43.4845535 ], [ 1.5199169, 43.483582 ], [ 1.5196292, 43.4832462 ], [ 1.5187651, 43.483532 ], [ 1.5188658, 43.4828013 ], [ 1.5187273, 43.482068 ], [ 1.5186533, 43.481782 ], [ 1.518657, 43.4815125 ], [ 1.5186123, 43.4813934 ], [ 1.5183887, 43.4811843 ], [ 1.51828, 43.4811179 ], [ 1.5170739, 43.481001 ], [ 1.5165052, 43.4809315 ], [ 1.5162785, 43.4809144 ], [ 1.5160988, 43.4809035 ], [ 1.5156955, 43.4808332 ], [ 1.5146907, 43.4806477 ], [ 1.514392, 43.4806567 ], [ 1.514215, 43.480598 ], [ 1.5135473, 43.4808172 ], [ 1.5131467, 43.4808904 ], [ 1.5128939, 43.4809096 ], [ 1.5125845, 43.4810556 ], [ 1.511974, 43.4814511 ], [ 1.5110936, 43.4817544 ], [ 1.5108777, 43.4818241 ], [ 1.5103446, 43.4820904 ], [ 1.5096541, 43.482336 ], [ 1.5094373, 43.4824789 ], [ 1.5092001, 43.4826147 ], [ 1.5079409, 43.4826224 ], [ 1.5072919, 43.4815591 ], [ 1.5068603, 43.4808064 ], [ 1.5063039, 43.4800115 ], [ 1.5054113, 43.4787358 ], [ 1.5052628, 43.4782747 ], [ 1.5053707, 43.477786 ], [ 1.5064441, 43.4767327 ], [ 1.5079879, 43.4756438 ], [ 1.50897, 43.4751658 ], [ 1.509935, 43.4746265 ], [ 1.5103568, 43.474236 ], [ 1.5104155, 43.4741677 ], [ 1.5109797, 43.4734484 ], [ 1.5114098, 43.4730307 ], [ 1.5117322, 43.472672 ], [ 1.5127107, 43.4716162 ], [ 1.5142089, 43.470921 ], [ 1.5142385, 43.4709482 ], [ 1.516824, 43.4698174 ], [ 1.5169267, 43.4698115 ], [ 1.517149, 43.469711 ], [ 1.5186999, 43.4691969 ], [ 1.5185092, 43.4687637 ], [ 1.5202012, 43.4681857 ], [ 1.5216382, 43.4682472 ], [ 1.5217789, 43.4686856 ], [ 1.5221786, 43.4690801 ], [ 1.5228502, 43.469502 ], [ 1.5236349, 43.469828 ], [ 1.5239815, 43.4700136 ], [ 1.5244503, 43.4703385 ], [ 1.5256685, 43.4698001 ], [ 1.5260547, 43.4708432 ], [ 1.5272062, 43.4701279 ], [ 1.5286532, 43.4694831 ], [ 1.5287968, 43.4699545 ], [ 1.528852, 43.4704251 ], [ 1.5296733, 43.4705411 ], [ 1.5297412, 43.4709132 ], [ 1.5302145, 43.4707962 ], [ 1.5304541, 43.4707507 ], [ 1.5306659, 43.4706774 ], [ 1.5309366, 43.4708802 ], [ 1.5313476, 43.4709966 ], [ 1.5316101, 43.4711064 ], [ 1.5317607, 43.4712041 ], [ 1.5319445, 43.4713628 ], [ 1.5319726, 43.471582 ], [ 1.532223, 43.4720167 ], [ 1.5323503, 43.4721653 ], [ 1.5327123, 43.4726532 ], [ 1.5329168, 43.4729143 ], [ 1.5331869, 43.4727476 ], [ 1.5342653, 43.4721994 ], [ 1.534336, 43.4722771 ], [ 1.5350996, 43.4719188 ], [ 1.5356552, 43.4716859 ], [ 1.5368052, 43.4711828 ], [ 1.5380795, 43.4727269 ], [ 1.5381802, 43.4727518 ], [ 1.5387378, 43.4725069 ], [ 1.5388106, 43.472599 ], [ 1.5396729, 43.4733749 ], [ 1.5382998, 43.4741123 ], [ 1.5414904, 43.4761985 ], [ 1.5420569, 43.4766276 ], [ 1.5422917, 43.4767276 ], [ 1.5429623, 43.4772848 ], [ 1.5434095, 43.4775613 ], [ 1.5441885, 43.4780528 ], [ 1.5462668, 43.4767789 ], [ 1.5483803, 43.4755051 ], [ 1.5485264, 43.4756074 ], [ 1.5480703, 43.4759652 ], [ 1.5486884, 43.4763738 ], [ 1.5488171, 43.4762836 ], [ 1.5498011, 43.4772848 ], [ 1.5493202, 43.4774648 ], [ 1.5496652, 43.4778982 ], [ 1.5498901, 43.4780688 ], [ 1.5508904, 43.4788449 ], [ 1.5523368, 43.4798414 ], [ 1.5545864, 43.4814039 ], [ 1.5570414, 43.4830158 ], [ 1.5569001, 43.4834209 ], [ 1.555951, 43.4842168 ], [ 1.5551949, 43.4848158 ], [ 1.5549515, 43.4850401 ], [ 1.5545927, 43.4851427 ], [ 1.5537379, 43.485522 ], [ 1.5524157, 43.485898 ], [ 1.552079, 43.4860807 ], [ 1.5515773, 43.4869397 ], [ 1.5505441, 43.4887376 ], [ 1.5502049, 43.4894046 ] ] ] } },
{ "type": "Feature", "properties": { "id": "relation/157300", "ID_COMM": "310409", "NOMCOM": "PECHABOU", "Commune": "PECHABOU", "median": 716.2764804372564, "q1": 560.56544707715511 }, "geometry": { "type": "Polygon", "coordinates": [ [ [ 1.4999904, 43.490693 ], [ 1.5010205, 43.4903208 ], [ 1.5015291, 43.4905873 ], [ 1.5020032, 43.4903968 ], [ 1.5022697, 43.4905668 ], [ 1.5024545, 43.4907492 ], [ 1.502528, 43.4910118 ], [ 1.5026511, 43.4909991 ], [ 1.5026971, 43.4909542 ], [ 1.503267, 43.4914671 ], [ 1.504029, 43.4911306 ], [ 1.5041207, 43.4912123 ], [ 1.5046741, 43.4910252 ], [ 1.5054248, 43.4907543 ], [ 1.5065013, 43.4919133 ], [ 1.5071455, 43.4926054 ], [ 1.5076177, 43.4925325 ], [ 1.5079127, 43.4932603 ], [ 1.5079997, 43.4937051 ], [ 1.5080071, 43.4940668 ], [ 1.5080805, 43.494309 ], [ 1.509338, 43.4941095 ], [ 1.5094281, 43.4941555 ], [ 1.5104102, 43.4938971 ], [ 1.5110248, 43.4945581 ], [ 1.5111678, 43.4947699 ], [ 1.5116219, 43.4945365 ], [ 1.5120787, 43.4947669 ], [ 1.5133558, 43.4953796 ], [ 1.5131765, 43.495517 ], [ 1.5139926, 43.4961083 ], [ 1.5141326, 43.4959997 ], [ 1.5145289, 43.4962754 ], [ 1.5140697, 43.4966145 ], [ 1.5149727, 43.4971879 ], [ 1.5151027, 43.4971005 ], [ 1.5160062, 43.497647 ], [ 1.5165842, 43.4972288 ], [ 1.5171626, 43.4976715 ], [ 1.5174748, 43.4974264 ], [ 1.5189566, 43.4982826 ], [ 1.520471, 43.4991823 ], [ 1.5206874, 43.4993082 ], [ 1.5211156, 43.4997255 ], [ 1.5220165, 43.5005983 ], [ 1.5226793, 43.5010225 ], [ 1.5233384, 43.5013689 ], [ 1.5236235, 43.5014987 ], [ 1.5235968, 43.5017211 ], [ 1.5240123, 43.5023799 ], [ 1.5246696, 43.5033839 ], [ 1.5247652, 43.5036814 ], [ 1.524878, 43.5039238 ], [ 1.5263709, 43.5036325 ], [ 1.5270711, 43.5041018 ], [ 1.5276489, 43.5045063 ], [ 1.5286394, 43.5047291 ], [ 1.5294468, 43.5051612 ], [ 1.5313125, 43.5058907 ], [ 1.5321713, 43.506204 ], [ 1.5312197, 43.5075002 ], [ 1.5309365, 43.5078434 ], [ 1.5296448, 43.5067189 ], [ 1.5277189, 43.5091734 ], [ 1.5279748, 43.509413 ], [ 1.5263176, 43.511156 ], [ 1.5256524, 43.5119385 ], [ 1.5246923, 43.5106639 ], [ 1.5225783, 43.5094549 ], [ 1.5194173, 43.5078115 ], [ 1.5187374, 43.508403 ], [ 1.5166429, 43.5082322 ], [ 1.5144503, 43.5079421 ], [ 1.5140232, 43.5079198 ], [ 1.5138989, 43.5084047 ], [ 1.5135524, 43.508296 ], [ 1.5126531, 43.5080368 ], [ 1.5122258, 43.5085817 ], [ 1.5116319, 43.5078446 ], [ 1.5083163, 43.5056735 ], [ 1.5054056, 43.5084588 ], [ 1.5047796, 43.5083237 ], [ 1.5046051, 43.5083045 ], [ 1.5043106, 43.5083253 ], [ 1.5041735, 43.5083032 ], [ 1.5038851, 43.5082119 ], [ 1.5036579, 43.5080732 ], [ 1.503484, 43.507931 ], [ 1.5029921, 43.5075345 ], [ 1.5027701, 43.5074355 ], [ 1.5025237, 43.5073593 ], [ 1.5023084, 43.5072465 ], [ 1.5019984, 43.5071818 ], [ 1.5015564, 43.5068953 ], [ 1.5028143, 43.5059504 ], [ 1.5017972, 43.5054091 ], [ 1.5018136, 43.5043417 ], [ 1.5014001, 43.5041019 ], [ 1.5011129, 43.5038872 ], [ 1.4970371, 43.5029348 ], [ 1.4968301, 43.5028066 ], [ 1.4961294, 43.5019214 ], [ 1.4956713, 43.5017154 ], [ 1.4949459, 43.5019696 ], [ 1.4943957, 43.5015097 ], [ 1.4937554, 43.501277 ], [ 1.4922755, 43.4999232 ], [ 1.4930611, 43.4990519 ], [ 1.4931846, 43.49794 ], [ 1.4933877, 43.4974608 ], [ 1.4934618, 43.497299 ], [ 1.4937036, 43.4968442 ], [ 1.4937127, 43.4966697 ], [ 1.4937267, 43.4965214 ], [ 1.4937881, 43.4959546 ], [ 1.4942288, 43.4954786 ], [ 1.4954111, 43.4946533 ], [ 1.4957777, 43.4942662 ], [ 1.496895, 43.4936308 ], [ 1.4975584, 43.4933909 ], [ 1.4983629, 43.4928529 ], [ 1.4982121, 43.4926279 ], [ 1.4985119, 43.4923442 ], [ 1.4983472, 43.4920905 ], [ 1.498396, 43.4918829 ], [ 1.4990117, 43.4916238 ], [ 1.4998615, 43.4914072 ], [ 1.5000247, 43.4913976 ], [ 1.4999904, 43.490693 ] ] ] } },
{ "type": "Feature", "properties": { "id": "relation/157302", "ID_COMM": "310429", "NOMCOM": "POMPERTUZAT", "Commune": "POMPERTUZAT", "median": 670.03976411931217, "q1": 520.93580476561328 }, "geometry": { "type": "Polygon", "coordinates": [ [ [ 1.5454064, 43.5000992 ], [ 1.5451583, 43.5006241 ], [ 1.5447064, 43.501644 ], [ 1.5440418, 43.5030845 ], [ 1.5435216, 43.5041092 ], [ 1.5431996, 43.5050627 ], [ 1.5427714, 43.506204 ], [ 1.5424299, 43.5070207 ], [ 1.5420778, 43.5075407 ], [ 1.5418306, 43.5078121 ], [ 1.5411847, 43.5085717 ], [ 1.5407199, 43.5090809 ], [ 1.5402503, 43.5095865 ], [ 1.5396285, 43.5101814 ], [ 1.538805, 43.510915 ], [ 1.5381163, 43.5115784 ], [ 1.5373441, 43.512309 ], [ 1.5367616, 43.5126914 ], [ 1.5359469, 43.5132279 ], [ 1.5354538, 43.5126591 ], [ 1.5345839, 43.5117335 ], [ 1.5340205, 43.5109938 ], [ 1.5317552, 43.5094543 ], [ 1.5311383, 43.5089856 ], [ 1.5303995, 43.5085699 ], [ 1.5309365, 43.5078434 ], [ 1.5312197, 43.5075002 ], [ 1.5321713, 43.506204 ], [ 1.5313125, 43.5058907 ], [ 1.5294468, 43.5051612 ], [ 1.5286394, 43.5047291 ], [ 1.5276489, 43.5045063 ], [ 1.5270711, 43.5041018 ], [ 1.5263709, 43.5036325 ], [ 1.524878, 43.5039238 ], [ 1.5247652, 43.5036814 ], [ 1.5246696, 43.5033839 ], [ 1.5240123, 43.5023799 ], [ 1.5235968, 43.5017211 ], [ 1.5236235, 43.5014987 ], [ 1.5233384, 43.5013689 ], [ 1.5226793, 43.5010225 ], [ 1.5220165, 43.5005983 ], [ 1.5211156, 43.4997255 ], [ 1.5206874, 43.4993082 ], [ 1.520471, 43.4991823 ], [ 1.5189566, 43.4982826 ], [ 1.5174748, 43.4974264 ], [ 1.5171626, 43.4976715 ], [ 1.5165842, 43.4972288 ], [ 1.5160062, 43.497647 ], [ 1.5151027, 43.4971005 ], [ 1.5149727, 43.4971879 ], [ 1.5140697, 43.4966145 ], [ 1.5145289, 43.4962754 ], [ 1.5141326, 43.4959997 ], [ 1.5139926, 43.4961083 ], [ 1.5131765, 43.495517 ], [ 1.5133558, 43.4953796 ], [ 1.5120787, 43.4947669 ], [ 1.5116219, 43.4945365 ], [ 1.5111678, 43.4947699 ], [ 1.5110248, 43.4945581 ], [ 1.5104102, 43.4938971 ], [ 1.5094281, 43.4941555 ], [ 1.509338, 43.4941095 ], [ 1.5080805, 43.494309 ], [ 1.5080071, 43.4940668 ], [ 1.5079997, 43.4937051 ], [ 1.5079127, 43.4932603 ], [ 1.5076177, 43.4925325 ], [ 1.5071455, 43.4926054 ], [ 1.5065013, 43.4919133 ], [ 1.5054248, 43.4907543 ], [ 1.5046741, 43.4910252 ], [ 1.5041207, 43.4912123 ], [ 1.504029, 43.4911306 ], [ 1.503267, 43.4914671 ], [ 1.5026971, 43.4909542 ], [ 1.5026511, 43.4909991 ], [ 1.502528, 43.4910118 ], [ 1.5024545, 43.4907492 ], [ 1.5022697, 43.4905668 ], [ 1.5020032, 43.4903968 ], [ 1.5015291, 43.4905873 ], [ 1.5010205, 43.4903208 ], [ 1.4999904, 43.490693 ], [ 1.4998756, 43.4904711 ], [ 1.4996323, 43.4899972 ], [ 1.4994374, 43.4894785 ], [ 1.4993839, 43.4893522 ], [ 1.4994675, 43.4892735 ], [ 1.499672, 43.4889253 ], [ 1.4998586, 43.4885178 ], [ 1.4999829, 43.488243 ], [ 1.4999134, 43.4881614 ], [ 1.4993992, 43.4877086 ], [ 1.4991126, 43.4873863 ], [ 1.4990295, 43.4872341 ], [ 1.4989398, 43.4870148 ], [ 1.4987903, 43.4869349 ], [ 1.4979964, 43.4864686 ], [ 1.4976864, 43.4865622 ], [ 1.4973905, 43.4864596 ], [ 1.496966, 43.4863097 ], [ 1.4967005, 43.4859953 ], [ 1.4963869, 43.4857837 ], [ 1.4957598, 43.4853535 ], [ 1.4955139, 43.4851743 ], [ 1.495342, 43.4849319 ], [ 1.4948625, 43.4843911 ], [ 1.4947817, 43.4842504 ], [ 1.4945905, 43.4839254 ], [ 1.4959966, 43.4836823 ], [ 1.4971177, 43.4832686 ], [ 1.4984151, 43.4827871 ], [ 1.4988405, 43.4826644 ], [ 1.4993573, 43.4826203 ], [ 1.4995168, 43.4825382 ], [ 1.5001988, 43.4821744 ], [ 1.5011602, 43.4816851 ], [ 1.5015976, 43.4814028 ], [ 1.5018422, 43.4813195 ], [ 1.5020737, 43.4811368 ], [ 1.5024897, 43.4809892 ], [ 1.5031025, 43.4806976 ], [ 1.5031405, 43.4805932 ], [ 1.5031933, 43.4803091 ], [ 1.5040591, 43.4799267 ], [ 1.5041394, 43.4800189 ], [ 1.5042509, 43.479972 ], [ 1.5054113, 43.4787358 ], [ 1.5063039, 43.4800115 ], [ 1.5068603, 43.4808064 ], [ 1.5072919, 43.4815591 ], [ 1.5079409, 43.4826224 ], [ 1.5092001, 43.4826147 ], [ 1.5094373, 43.4824789 ], [ 1.5096541, 43.482336 ], [ 1.5103446, 43.4820904 ], [ 1.5108777, 43.4818241 ], [ 1.5110936, 43.4817544 ], [ 1.511974, 43.4814511 ], [ 1.5125845, 43.4810556 ], [ 1.5128939, 43.4809096 ], [ 1.5131467, 43.4808904 ], [ 1.5135473, 43.4808172 ], [ 1.514215, 43.480598 ], [ 1.514392, 43.4806567 ], [ 1.5146907, 43.4806477 ], [ 1.5156955, 43.4808332 ], [ 1.5160988, 43.4809035 ], [ 1.5162785, 43.4809144 ], [ 1.5165052, 43.4809315 ], [ 1.5170739, 43.481001 ], [ 1.51828, 43.4811179 ], [ 1.5183887, 43.4811843 ], [ 1.5186123, 43.4813934 ], [ 1.518657, 43.4815125 ], [ 1.5186533, 43.481782 ], [ 1.5187273, 43.482068 ], [ 1.5188658, 43.4828013 ], [ 1.5187651, 43.483532 ], [ 1.5196292, 43.4832462 ], [ 1.5199169, 43.483582 ], [ 1.520868, 43.4845535 ], [ 1.5212569, 43.4849623 ], [ 1.5221301, 43.4861123 ], [ 1.5224484, 43.4865206 ], [ 1.5234381, 43.487526 ], [ 1.5238211, 43.4879321 ], [ 1.5238721, 43.4880224 ], [ 1.5243518, 43.4889316 ], [ 1.5244501, 43.489223 ], [ 1.5253171, 43.4901248 ], [ 1.5259243, 43.4907278 ], [ 1.527002, 43.4899464 ], [ 1.5276826, 43.4894564 ], [ 1.5276974, 43.4894708 ], [ 1.5277535, 43.4895253 ], [ 1.5279932, 43.4897027 ], [ 1.529108, 43.4905374 ], [ 1.5291438, 43.4905277 ], [ 1.5307852, 43.491694 ], [ 1.5310167, 43.4920745 ], [ 1.5318406, 43.4927809 ], [ 1.5324575, 43.4932047 ], [ 1.5326918, 43.4933618 ], [ 1.5331648, 43.492764 ], [ 1.5346152, 43.4935626 ], [ 1.5342171, 43.4938696 ], [ 1.5345973, 43.4945671 ], [ 1.5350098, 43.495414 ], [ 1.5351254, 43.4957451 ], [ 1.5358683, 43.4960862 ], [ 1.5366239, 43.4965057 ], [ 1.5384389, 43.4970767 ], [ 1.5396026, 43.4973778 ], [ 1.5406032, 43.4978038 ], [ 1.5416538, 43.4983742 ], [ 1.5426967, 43.4989197 ], [ 1.5427651, 43.4989301 ], [ 1.5428415, 43.4989868 ], [ 1.5432821, 43.4992031 ], [ 1.5445633, 43.4998285 ], [ 1.5454064, 43.5000992 ] ] ] } },
{ "type": "Feature", "properties": { "id": "relation/158896", "ID_COMM": "310446", "NOMCOM": "RAMONVILLE ST AGNE", "Commune": "RAMONVILLE ST AGNE", "median": 607.94410970620811, "q1": 485.4483401067555 }, "geometry": { "type": "Polygon", "coordinates": [ [ [ 1.4792912, 43.5574064 ], [ 1.4789015, 43.5573647 ], [ 1.4784711, 43.557351 ], [ 1.4782915, 43.5573544 ], [ 1.4775868, 43.5573273 ], [ 1.4774816, 43.557318 ], [ 1.4772793, 43.5572691 ], [ 1.4768505, 43.5571448 ], [ 1.4763182, 43.556977 ], [ 1.4761317, 43.5569226 ], [ 1.4759838, 43.5568912 ], [ 1.4754787, 43.556737 ], [ 1.4751356, 43.5566208 ], [ 1.4748396, 43.5564889 ], [ 1.4747651, 43.5564174 ], [ 1.4747464, 43.5563624 ], [ 1.4742234, 43.5560074 ], [ 1.4736605, 43.555706 ], [ 1.4729121, 43.5553711 ], [ 1.4726694, 43.5552405 ], [ 1.4726526, 43.5552319 ], [ 1.4724461, 43.5551244 ], [ 1.4723956, 43.5550123 ], [ 1.4723176, 43.5549219 ], [ 1.4722753, 43.5548733 ], [ 1.4722267, 43.5548171 ], [ 1.4717435, 43.5542258 ], [ 1.4716634, 43.5540966 ], [ 1.4714969, 43.5539174 ], [ 1.4713929, 43.5538249 ], [ 1.4711238, 43.5536355 ], [ 1.4708942, 43.5534946 ], [ 1.4706439, 43.5533565 ], [ 1.4704138, 43.5532573 ], [ 1.4697199, 43.553023 ], [ 1.469509, 43.5529419 ], [ 1.4690151, 43.5527366 ], [ 1.468813, 43.5526783 ], [ 1.4687325, 43.5526653 ], [ 1.4676993, 43.5522411 ], [ 1.4676281, 43.5522188 ], [ 1.467513, 43.5521706 ], [ 1.4675014, 43.5521658 ], [ 1.4674742, 43.5521552 ], [ 1.4674122, 43.5521263 ], [ 1.4674083, 43.5521244 ], [ 1.4672468, 43.5520494 ], [ 1.4671361, 43.5519624 ], [ 1.4671117, 43.5519424 ], [ 1.4670282, 43.5518745 ], [ 1.4670037, 43.5518583 ], [ 1.4669847, 43.5518203 ], [ 1.4669207, 43.5517507 ], [ 1.4668964, 43.551725 ], [ 1.4666191, 43.5514731 ], [ 1.4664974, 43.5514277 ], [ 1.4664497, 43.5514103 ], [ 1.4664392, 43.5514064 ], [ 1.4664302, 43.5514007 ], [ 1.4664226, 43.5513962 ], [ 1.4663116, 43.5513278 ], [ 1.4662576, 43.551282 ], [ 1.4662525, 43.5512782 ], [ 1.4660426, 43.551128 ], [ 1.4657467, 43.5509053 ], [ 1.4657209, 43.5508852 ], [ 1.4656849, 43.5508594 ], [ 1.465636, 43.550824 ], [ 1.4656308, 43.5508202 ], [ 1.4654259, 43.5506928 ], [ 1.4653663, 43.5506763 ], [ 1.4651741, 43.5505631 ], [ 1.4650159, 43.5505279 ], [ 1.4648146, 43.5504194 ], [ 1.464682, 43.5503219 ], [ 1.4645252, 43.5501891 ], [ 1.4644674, 43.5501404 ], [ 1.4644584, 43.5501319 ], [ 1.4643672, 43.5500574 ], [ 1.4643659, 43.5500564 ], [ 1.4642612, 43.5499253 ], [ 1.4642446, 43.5499013 ], [ 1.4642433, 43.5498993 ], [ 1.4642364, 43.5498943 ], [ 1.4642208, 43.5498747 ], [ 1.464219, 43.5498717 ], [ 1.4642177, 43.5498708 ], [ 1.463597, 43.5496153 ], [ 1.4634976, 43.5495644 ], [ 1.46339, 43.5495031 ], [ 1.4633596, 43.5494838 ], [ 1.4633557, 43.5494819 ], [ 1.4633222, 43.5494646 ], [ 1.4630892, 43.5493824 ], [ 1.4630663, 43.54935 ], [ 1.4628917, 43.5492824 ], [ 1.462676, 43.5491748 ], [ 1.4624323, 43.5490746 ], [ 1.4624172, 43.5490682 ], [ 1.4624109, 43.5490659 ], [ 1.4621429, 43.5487147 ], [ 1.4621437, 43.548657 ], [ 1.4621017, 43.548598 ], [ 1.4620238, 43.5484952 ], [ 1.4619677, 43.54842 ], [ 1.4618681, 43.5482925 ], [ 1.4618336, 43.5482487 ], [ 1.4618157, 43.5482268 ], [ 1.4617725, 43.5481593 ], [ 1.4616566, 43.5480523 ], [ 1.4616519, 43.5480476 ], [ 1.4616288, 43.5480266 ], [ 1.4615476, 43.5478831 ], [ 1.4614955, 43.5477986 ], [ 1.4614649, 43.5477586 ], [ 1.4614394, 43.5477262 ], [ 1.4613053, 43.54764 ], [ 1.4612963, 43.5476343 ], [ 1.4612294, 43.5475836 ], [ 1.4611947, 43.5475578 ], [ 1.4611729, 43.5475368 ], [ 1.46116, 43.5475254 ], [ 1.4611092, 43.5474426 ], [ 1.4610614, 43.5473316 ], [ 1.4610415, 43.5472709 ], [ 1.461006, 43.5472072 ], [ 1.4609888, 43.547139 ], [ 1.4609732, 43.5469591 ], [ 1.4609655, 43.5467755 ], [ 1.4611547, 43.546109 ], [ 1.4611727, 43.5459464 ], [ 1.4611966, 43.5458273 ], [ 1.4612171, 43.5454046 ], [ 1.4611945, 43.5451707 ], [ 1.4612016, 43.5450402 ], [ 1.461252, 43.5446158 ], [ 1.461285, 43.5445839 ], [ 1.4614703, 43.5445456 ], [ 1.4617583, 43.5443274 ], [ 1.4618138, 43.544272 ], [ 1.4619033, 43.544108 ], [ 1.4616491, 43.5434371 ], [ 1.4609705, 43.5435019 ], [ 1.4608586, 43.5435048 ], [ 1.4604603, 43.5435226 ], [ 1.4600712, 43.5435385 ], [ 1.4599489, 43.5435375 ], [ 1.4598477, 43.5435235 ], [ 1.4595722, 43.5434173 ], [ 1.4593709, 43.5433079 ], [ 1.4592711, 43.5432844 ], [ 1.4591197, 43.5432302 ], [ 1.4588708, 43.5430892 ], [ 1.4587205, 43.5431353 ], [ 1.4585323, 43.5432011 ], [ 1.4583735, 43.5430295 ], [ 1.4583326, 43.5429791 ], [ 1.4581322, 43.5428081 ], [ 1.4576487, 43.5431242 ], [ 1.4571683, 43.5434384 ], [ 1.4569626, 43.543187 ], [ 1.4564549, 43.5426079 ], [ 1.4559516, 43.5420734 ], [ 1.4556017, 43.5418057 ], [ 1.4554989, 43.5417199 ], [ 1.4553009, 43.541559 ], [ 1.4550404, 43.5412362 ], [ 1.4547819, 43.5408605 ], [ 1.4546995, 43.5407161 ], [ 1.4547006, 43.5406404 ], [ 1.4548735, 43.5402926 ], [ 1.4549269, 43.5401095 ], [ 1.45495, 43.5399545 ], [ 1.4550111, 43.539866 ], [ 1.4552407, 43.5396474 ], [ 1.4555817, 43.5393662 ], [ 1.4558414, 43.5391269 ], [ 1.456509, 43.5385692 ], [ 1.4567692, 43.5383364 ], [ 1.4571733, 43.537966 ], [ 1.4574507, 43.5376749 ], [ 1.457755, 43.5373253 ], [ 1.4579002, 43.5370908 ], [ 1.4588097, 43.5357326 ], [ 1.458925, 43.535408 ], [ 1.4590216, 43.5350597 ], [ 1.4598134, 43.5340525 ], [ 1.4601561, 43.5336521 ], [ 1.4604919, 43.5332006 ], [ 1.4607336, 43.5330321 ], [ 1.4613585, 43.5328025 ], [ 1.4613256, 43.5327453 ], [ 1.461299, 43.5326969 ], [ 1.4619149, 43.5324382 ], [ 1.4622743, 43.5323801 ], [ 1.4625197, 43.532299 ], [ 1.462831, 43.5322883 ], [ 1.4629983, 43.5322546 ], [ 1.4631924, 43.5322517 ], [ 1.4637843, 43.5321042 ], [ 1.464084, 43.5320615 ], [ 1.4642649, 43.5320305 ], [ 1.4647429, 43.5321367 ], [ 1.4649851, 43.5321404 ], [ 1.4651284, 43.5321469 ], [ 1.4657167, 43.5321424 ], [ 1.4660218, 43.5320675 ], [ 1.4662782, 43.5319471 ], [ 1.466528, 43.5319311 ], [ 1.466892, 43.5317199 ], [ 1.4671647, 43.5314918 ], [ 1.4676881, 43.5313645 ], [ 1.4678565, 43.5313424 ], [ 1.4681361, 43.5311504 ], [ 1.4687705, 43.5308675 ], [ 1.4693895, 43.5306223 ], [ 1.469848, 43.5303668 ], [ 1.4700682, 43.5301833 ], [ 1.4702646, 43.5301039 ], [ 1.4703693, 43.5300381 ], [ 1.4706765, 43.5298211 ], [ 1.4709326, 43.5297152 ], [ 1.4710131, 43.5296223 ], [ 1.4710866, 43.529666 ], [ 1.4710741, 43.5298457 ], [ 1.4708622, 43.5301426 ], [ 1.470682, 43.5309757 ], [ 1.4707123, 43.5311054 ], [ 1.4710801, 43.5321674 ], [ 1.4713792, 43.5323352 ], [ 1.4732207, 43.5333581 ], [ 1.4743415, 43.5339709 ], [ 1.4751104, 43.5332772 ], [ 1.4758104, 43.5337591 ], [ 1.4760952, 43.5335509 ], [ 1.47621, 43.5336417 ], [ 1.4764987, 43.5338507 ], [ 1.4772819, 43.5342199 ], [ 1.4782839, 43.5343318 ], [ 1.4790537, 43.5344294 ], [ 1.4813266, 43.5346858 ], [ 1.4819505, 43.5349638 ], [ 1.4829434, 43.5353634 ], [ 1.4835602, 43.535618 ], [ 1.4833773, 43.5357946 ], [ 1.4834996, 43.5358588 ], [ 1.4841376, 43.5362104 ], [ 1.4853962, 43.5368877 ], [ 1.4865957, 43.5375363 ], [ 1.4873829, 43.5379774 ], [ 1.4871715, 43.5382438 ], [ 1.4879475, 43.5384348 ], [ 1.4880546, 43.5383781 ], [ 1.4895143, 43.5389897 ], [ 1.4902076, 43.5392574 ], [ 1.4916668, 43.5395615 ], [ 1.4922162, 43.5396915 ], [ 1.4923396, 43.5397104 ], [ 1.4925442, 43.5390447 ], [ 1.4928343, 43.5391602 ], [ 1.493386, 43.5394808 ], [ 1.4940938, 43.5399554 ], [ 1.4943819, 43.5400313 ], [ 1.4945129, 43.5400359 ], [ 1.4949486, 43.5399906 ], [ 1.4952765, 43.5400541 ], [ 1.4958651, 43.540215 ], [ 1.4962144, 43.5403381 ], [ 1.4965233, 43.5404564 ], [ 1.4965975, 43.5403981 ], [ 1.4972812, 43.5405178 ], [ 1.4978638, 43.5405874 ], [ 1.498305, 43.5406396 ], [ 1.4982904, 43.5406552 ], [ 1.4993373, 43.5407209 ], [ 1.4997402, 43.5419095 ], [ 1.4998381, 43.541863 ], [ 1.4999299, 43.5418048 ], [ 1.5002924, 43.5419958 ], [ 1.5020463, 43.5427958 ], [ 1.5019731, 43.5430236 ], [ 1.5019573, 43.5431687 ], [ 1.5021971, 43.5433512 ], [ 1.5021982, 43.5434886 ], [ 1.5020773, 43.5435265 ], [ 1.5018265, 43.5434815 ], [ 1.5016566, 43.5435356 ], [ 1.5016395, 43.5436696 ], [ 1.5016963, 43.5437465 ], [ 1.5016265, 43.5438347 ], [ 1.501356, 43.5438937 ], [ 1.5011582, 43.5438678 ], [ 1.5010642, 43.5436188 ], [ 1.5009177, 43.5435268 ], [ 1.5008108, 43.5435371 ], [ 1.50055, 43.543778 ], [ 1.5002405, 43.5437509 ], [ 1.5002046, 43.5437606 ], [ 1.5001759, 43.5437759 ], [ 1.5001566, 43.543796 ], [ 1.500087, 43.5438649 ], [ 1.5000694, 43.5438996 ], [ 1.5000661, 43.543944 ], [ 1.5001311, 43.5440298 ], [ 1.5002921, 43.5441752 ], [ 1.5003238, 43.5442459 ], [ 1.5003283, 43.5442674 ], [ 1.50034, 43.5443187 ], [ 1.500362, 43.5444145 ], [ 1.500427, 43.5445365 ], [ 1.5004666, 43.5446415 ], [ 1.5005248, 43.5447378 ], [ 1.5005809, 43.544832 ], [ 1.5005811, 43.5448725 ], [ 1.500562, 43.5448974 ], [ 1.500515, 43.544911 ], [ 1.5004477, 43.5449122 ], [ 1.5001261, 43.5448007 ], [ 1.4998198, 43.5447078 ], [ 1.4996711, 43.5447216 ], [ 1.4996281, 43.5447264 ], [ 1.4995618, 43.5447482 ], [ 1.4995105, 43.5447941 ], [ 1.4994941, 43.5448399 ], [ 1.4994978, 43.5448724 ], [ 1.4995079, 43.5448984 ], [ 1.4996014, 43.5450526 ], [ 1.4998652, 43.5454173 ], [ 1.5001034, 43.545557 ], [ 1.5001549, 43.5457136 ], [ 1.5001056, 43.5458466 ], [ 1.4997488, 43.5460554 ], [ 1.4991432, 43.5459751 ], [ 1.4990069, 43.5460085 ], [ 1.4985228, 43.5463899 ], [ 1.4984827, 43.5464322 ], [ 1.4984667, 43.5464719 ], [ 1.4984617, 43.5465264 ], [ 1.4984716, 43.5466238 ], [ 1.4985058, 43.5468139 ], [ 1.498416, 43.5469098 ], [ 1.4985417, 43.546959 ], [ 1.4986741, 43.5474311 ], [ 1.4987255, 43.5480498 ], [ 1.4988507, 43.5485863 ], [ 1.4989137, 43.5486029 ], [ 1.4988301, 43.5487034 ], [ 1.4987986, 43.5489261 ], [ 1.4973232, 43.5504758 ], [ 1.4974731, 43.5506034 ], [ 1.4975501, 43.5507464 ], [ 1.4975482, 43.5508797 ], [ 1.4971923, 43.5512426 ], [ 1.4971264, 43.5516627 ], [ 1.496747, 43.5519012 ], [ 1.4966044, 43.5519254 ], [ 1.4959638, 43.5535522 ], [ 1.4946037, 43.5536036 ], [ 1.4944458, 43.5536421 ], [ 1.4942366, 43.5536179 ], [ 1.4931078, 43.5534704 ], [ 1.492024, 43.5533289 ], [ 1.4917515, 43.5530042 ], [ 1.491464, 43.5531932 ], [ 1.4910959, 43.553462 ], [ 1.4910044, 43.5533764 ], [ 1.4910009, 43.5533733 ], [ 1.4908163, 43.553369 ], [ 1.4894006, 43.5533007 ], [ 1.489176, 43.5530852 ], [ 1.488622, 43.5533885 ], [ 1.4885847, 43.5534091 ], [ 1.4880012, 43.5529164 ], [ 1.4869462, 43.5534301 ], [ 1.486837, 43.5534009 ], [ 1.4864048, 43.5528348 ], [ 1.485809, 43.5528416 ], [ 1.4852061, 43.5532099 ], [ 1.4847957, 43.5534916 ], [ 1.4844815, 43.5537106 ], [ 1.4843284, 43.5537749 ], [ 1.4841148, 43.5537478 ], [ 1.4836812, 43.5538285 ], [ 1.4833183, 43.5539892 ], [ 1.4820653, 43.5543686 ], [ 1.4810058, 43.5546823 ], [ 1.4808628, 43.5550849 ], [ 1.4808179, 43.5552052 ], [ 1.4806954, 43.5555561 ], [ 1.4805294, 43.555797 ], [ 1.4799846, 43.5565933 ], [ 1.4792912, 43.5574064 ] ] ] } },
{ "type": "Feature", "properties": { "id": "relation/158898", "ID_COMM": "310578", "NOMCOM": "VIGOULET AUZIL", "Commune": "VIGOULET AUZIL", "median": 1593.6850623739883, "q1": 1351.6595045761205 }, "geometry": { "type": "Polygon", "coordinates": [ [ [ 1.4652299, 43.5120139 ], [ 1.4652082, 43.5120249 ], [ 1.4646974, 43.5120557 ], [ 1.4642333, 43.5121203 ], [ 1.4638803, 43.5122178 ], [ 1.4633124, 43.5123455 ], [ 1.4629998, 43.5124435 ], [ 1.4625119, 43.5126318 ], [ 1.4620452, 43.5128436 ], [ 1.4616088, 43.5119017 ], [ 1.4615834, 43.511865 ], [ 1.4588438, 43.5128129 ], [ 1.458485, 43.5130183 ], [ 1.458032, 43.5132321 ], [ 1.4578782, 43.5133711 ], [ 1.4577095, 43.513263 ], [ 1.4574896, 43.5132117 ], [ 1.45682, 43.5132336 ], [ 1.4561433, 43.5132326 ], [ 1.4558184, 43.5133052 ], [ 1.4557092, 43.5133168 ], [ 1.4555929, 43.5133011 ], [ 1.4546755, 43.5127299 ], [ 1.4544891, 43.5125846 ], [ 1.4539035, 43.5126223 ], [ 1.4536409, 43.5126255 ], [ 1.453347, 43.5125973 ], [ 1.452751, 43.5126605 ], [ 1.4523769, 43.5126475 ], [ 1.4521276, 43.5127162 ], [ 1.4518439, 43.5126672 ], [ 1.4517856, 43.5126754 ], [ 1.4515421, 43.5126463 ], [ 1.4514433, 43.5126526 ], [ 1.4511748, 43.5127528 ], [ 1.451073, 43.512765 ], [ 1.4507444, 43.5127562 ], [ 1.4505832, 43.5127874 ], [ 1.4503015, 43.5129227 ], [ 1.4502448, 43.5129303 ], [ 1.4500609, 43.5129124 ], [ 1.4492565, 43.5130313 ], [ 1.4486019, 43.513034 ], [ 1.4480653, 43.5132104 ], [ 1.447782, 43.513246 ], [ 1.4476196, 43.5133006 ], [ 1.4474622, 43.5133241 ], [ 1.4473466, 43.5133594 ], [ 1.4465752, 43.5134355 ], [ 1.4464824, 43.5134576 ], [ 1.4464416, 43.5134897 ], [ 1.4461976, 43.5135768 ], [ 1.4461037, 43.51363 ], [ 1.4460407, 43.5136441 ], [ 1.4458577, 43.5136287 ], [ 1.4455943, 43.5136598 ], [ 1.4455542, 43.5137681 ], [ 1.4454516, 43.5137862 ], [ 1.4452569, 43.5138608 ], [ 1.4449467, 43.5138297 ], [ 1.4448334, 43.5138339 ], [ 1.4445383, 43.5139175 ], [ 1.4443692, 43.5138902 ], [ 1.4440941, 43.5139477 ], [ 1.4437765, 43.5138432 ], [ 1.4436761, 43.5139073 ], [ 1.4436226, 43.5139983 ], [ 1.4433844, 43.5141326 ], [ 1.4433589, 43.514182 ], [ 1.4433179, 43.5141969 ], [ 1.4431907, 43.5141796 ], [ 1.4430975, 43.5142257 ], [ 1.4428803, 43.5142314 ], [ 1.4427237, 43.5142833 ], [ 1.4426186, 43.5143586 ], [ 1.4421813, 43.5145078 ], [ 1.4415461, 43.5147626 ], [ 1.4414039, 43.5148005 ], [ 1.4413432, 43.5148534 ], [ 1.4412441, 43.5148731 ], [ 1.4409758, 43.515018 ], [ 1.4407818, 43.515042 ], [ 1.4407335, 43.5150783 ], [ 1.440641, 43.5151104 ], [ 1.4405886, 43.5151695 ], [ 1.4403647, 43.5153136 ], [ 1.4399882, 43.5154313 ], [ 1.439834, 43.5154571 ], [ 1.439577, 43.5154722 ], [ 1.4393306, 43.515505 ], [ 1.4388797, 43.5156009 ], [ 1.4387059, 43.5156558 ], [ 1.4383967, 43.5158202 ], [ 1.4382715, 43.5158708 ], [ 1.4378552, 43.5159787 ], [ 1.4374794, 43.516143 ], [ 1.4372621, 43.5161834 ], [ 1.4371503, 43.5161875 ], [ 1.4368728, 43.5161557 ], [ 1.4367453, 43.5161799 ], [ 1.4365986, 43.5162591 ], [ 1.4362263, 43.5163662 ], [ 1.435827, 43.5163874 ], [ 1.4356591, 43.5164597 ], [ 1.4354968, 43.5164661 ], [ 1.4354146, 43.5164977 ], [ 1.4352436, 43.5165978 ], [ 1.435108, 43.5166178 ], [ 1.4349597, 43.5158282 ], [ 1.4347838, 43.515027 ], [ 1.4346675, 43.5147862 ], [ 1.4344987, 43.5143164 ], [ 1.4342095, 43.5144016 ], [ 1.4335037, 43.5128406 ], [ 1.433451, 43.5127567 ], [ 1.4332627, 43.5127447 ], [ 1.4331793, 43.512617 ], [ 1.4327524, 43.511656 ], [ 1.4326532, 43.511569 ], [ 1.4326294, 43.5115177 ], [ 1.4326315, 43.5114138 ], [ 1.4316988, 43.5094592 ], [ 1.4310346, 43.5081168 ], [ 1.4319112, 43.507858 ], [ 1.4322551, 43.5077408 ], [ 1.4322811, 43.5076958 ], [ 1.4337807, 43.5071504 ], [ 1.4336797, 43.5068853 ], [ 1.4335735, 43.5067183 ], [ 1.4335589, 43.5066954 ], [ 1.4335586, 43.5066663 ], [ 1.4353105, 43.5061364 ], [ 1.4353364, 43.5061029 ], [ 1.4353413, 43.5059157 ], [ 1.4354288, 43.5057238 ], [ 1.4353993, 43.5056121 ], [ 1.4354097, 43.5055928 ], [ 1.4367795, 43.5052281 ], [ 1.4371367, 43.5051528 ], [ 1.4375354, 43.5050972 ], [ 1.4375162, 43.5050206 ], [ 1.4372005, 43.5044398 ], [ 1.4370639, 43.5042299 ], [ 1.4370312, 43.5041409 ], [ 1.4367643, 43.5037054 ], [ 1.4363697, 43.5032312 ], [ 1.4360741, 43.50275 ], [ 1.4358547, 43.5024715 ], [ 1.4357133, 43.5024443 ], [ 1.4356935, 43.5024147 ], [ 1.4356781, 43.5021891 ], [ 1.4356421, 43.5020879 ], [ 1.4352663, 43.5014437 ], [ 1.4354939, 43.5014308 ], [ 1.4357157, 43.5013987 ], [ 1.4357813, 43.501418 ], [ 1.4358466, 43.5014044 ], [ 1.4359859, 43.5014064 ], [ 1.4360398, 43.5013939 ], [ 1.4364021, 43.5014026 ], [ 1.4364867, 43.5013888 ], [ 1.4365906, 43.5013962 ], [ 1.4366543, 43.5013827 ], [ 1.4367913, 43.5013977 ], [ 1.4368741, 43.5013843 ], [ 1.4370271, 43.5013894 ], [ 1.4372348, 43.5013369 ], [ 1.4373532, 43.50134 ], [ 1.4375199, 43.5013193 ], [ 1.4376022, 43.5012848 ], [ 1.4377291, 43.5012766 ], [ 1.4378077, 43.5012446 ], [ 1.438036, 43.5012115 ], [ 1.4382689, 43.5011435 ], [ 1.4390461, 43.5010736 ], [ 1.4395376, 43.5010752 ], [ 1.4401211, 43.5011627 ], [ 1.4401618, 43.5011688 ], [ 1.4403648, 43.5011801 ], [ 1.4412946, 43.5011793 ], [ 1.4416791, 43.5011634 ], [ 1.4418586, 43.5011716 ], [ 1.4424081, 43.5010712 ], [ 1.4427025, 43.5009884 ], [ 1.4437708, 43.500956 ], [ 1.4438703, 43.5009746 ], [ 1.4440433, 43.5009616 ], [ 1.4443597, 43.5009729 ], [ 1.4446268, 43.5009492 ], [ 1.4447745, 43.5009794 ], [ 1.4448523, 43.5009637 ], [ 1.4452079, 43.5008362 ], [ 1.4452742, 43.5007964 ], [ 1.4454624, 43.5007253 ], [ 1.4456777, 43.5006738 ], [ 1.4457849, 43.5005959 ], [ 1.4458723, 43.5005922 ], [ 1.4460236, 43.5006445 ], [ 1.4462658, 43.5006834 ], [ 1.4473092, 43.5007661 ], [ 1.4475138, 43.5007419 ], [ 1.4476932, 43.500743 ], [ 1.4481568, 43.5006573 ], [ 1.448534, 43.5006279 ], [ 1.4487226, 43.5005865 ], [ 1.4489075, 43.5005715 ], [ 1.4495001, 43.5004631 ], [ 1.44977, 43.5004392 ], [ 1.4499559, 43.5004663 ], [ 1.4506723, 43.5005074 ], [ 1.450918, 43.5004913 ], [ 1.4510658, 43.5005143 ], [ 1.4511261, 43.5005077 ], [ 1.4520908, 43.5002185 ], [ 1.4523372, 43.5001895 ], [ 1.4530176, 43.5000458 ], [ 1.4535458, 43.4999689 ], [ 1.4539701, 43.4998067 ], [ 1.4547598, 43.4995584 ], [ 1.4551646, 43.4994043 ], [ 1.4555541, 43.4992515 ], [ 1.4574272, 43.4994617 ], [ 1.4579916, 43.4995911 ], [ 1.4586188, 43.4995335 ], [ 1.4587052, 43.4994967 ], [ 1.4588704, 43.4996758 ], [ 1.4589579, 43.4999313 ], [ 1.4589565, 43.500012 ], [ 1.4588313, 43.5006206 ], [ 1.458659, 43.501087 ], [ 1.4586553, 43.5013018 ], [ 1.4588384, 43.5017044 ], [ 1.4594645, 43.5026864 ], [ 1.4595254, 43.5027453 ], [ 1.4602028, 43.5028921 ], [ 1.4606103, 43.5029467 ], [ 1.4609265, 43.5029727 ], [ 1.4611544, 43.5030344 ], [ 1.4615445, 43.5030727 ], [ 1.4616149, 43.5030958 ], [ 1.4619999, 43.5033492 ], [ 1.4620839, 43.5033891 ], [ 1.4623556, 43.5034728 ], [ 1.4626367, 43.5035067 ], [ 1.4629817, 43.503578 ], [ 1.4632505, 43.5036574 ], [ 1.4641881, 43.5038596 ], [ 1.4645523, 43.5039576 ], [ 1.4646853, 43.5039644 ], [ 1.4647005, 43.503996 ], [ 1.4646911, 43.5041125 ], [ 1.4645463, 43.5044459 ], [ 1.4645203, 43.5048494 ], [ 1.4644666, 43.5050699 ], [ 1.4644438, 43.5053268 ], [ 1.4643884, 43.5055911 ], [ 1.4644974, 43.5059342 ], [ 1.4644916, 43.5060796 ], [ 1.4644341, 43.5061737 ], [ 1.4644267, 43.5062344 ], [ 1.4644615, 43.5064333 ], [ 1.4644261, 43.5066555 ], [ 1.4644336, 43.5072069 ], [ 1.4643327, 43.5073388 ], [ 1.4643072, 43.5074587 ], [ 1.4642103, 43.5077113 ], [ 1.4641854, 43.507825 ], [ 1.4641868, 43.5080422 ], [ 1.4641535, 43.5082369 ], [ 1.4641475, 43.5084875 ], [ 1.4640573, 43.5087224 ], [ 1.4640928, 43.5087952 ], [ 1.4640168, 43.5090949 ], [ 1.4640372, 43.5091593 ], [ 1.4645586, 43.5099925 ], [ 1.4646513, 43.5100873 ], [ 1.4648441, 43.5101527 ], [ 1.4649926, 43.5101666 ], [ 1.4651491, 43.5102629 ], [ 1.4651728, 43.5102962 ], [ 1.4651648, 43.5103504 ], [ 1.4649943, 43.5106662 ], [ 1.464988, 43.5108512 ], [ 1.4650707, 43.5111188 ], [ 1.4652308, 43.5118163 ], [ 1.4652299, 43.5120139 ] ] ] } },
{ "type": "Feature", "properties": { "id": "relation/158902", "ID_COMM": "310448", "NOMCOM": "REBIGUE", "Commune": "REBIGUE", "median": 1041.2294519428788, "q1": 852.55524261016399 }, "geometry": { "type": "Polygon", "coordinates": [ [ [ 1.4993839, 43.4893522 ], [ 1.4984511, 43.489912 ], [ 1.4967793, 43.4905822 ], [ 1.4952229, 43.4910383 ], [ 1.4948251, 43.4911441 ], [ 1.4941193, 43.491495 ], [ 1.4937298, 43.4919051 ], [ 1.4931359, 43.4923766 ], [ 1.4920214, 43.4932234 ], [ 1.4905914, 43.4944034 ], [ 1.4902465, 43.494669 ], [ 1.4897597, 43.4951281 ], [ 1.4894605, 43.4954014 ], [ 1.4888744, 43.4958137 ], [ 1.4873053, 43.4969921 ], [ 1.4858582, 43.4980894 ], [ 1.4856786, 43.4983254 ], [ 1.485693, 43.4986472 ], [ 1.4856232, 43.4991109 ], [ 1.485203, 43.5002521 ], [ 1.485141, 43.500392 ], [ 1.4849444, 43.5005194 ], [ 1.4847705, 43.5006398 ], [ 1.4843115, 43.5010478 ], [ 1.4842534, 43.5010757 ], [ 1.4836621, 43.5007641 ], [ 1.4824604, 43.5011467 ], [ 1.4821164, 43.5012417 ], [ 1.4818415, 43.5012918 ], [ 1.4794991, 43.50156 ], [ 1.478788, 43.5014855 ], [ 1.4785915, 43.5014809 ], [ 1.47803, 43.5015296 ], [ 1.4777373, 43.5015088 ], [ 1.4775261, 43.501448 ], [ 1.4772625, 43.5013357 ], [ 1.4767555, 43.5010821 ], [ 1.4764878, 43.5009785 ], [ 1.4763241, 43.5009375 ], [ 1.4762478, 43.5009472 ], [ 1.4760356, 43.5010257 ], [ 1.475946, 43.5010374 ], [ 1.4755757, 43.5009988 ], [ 1.4752979, 43.5009935 ], [ 1.475105, 43.5009451 ], [ 1.4746973, 43.5009243 ], [ 1.4745051, 43.5009664 ], [ 1.4744373, 43.5009475 ], [ 1.4742746, 43.5008474 ], [ 1.4739987, 43.5007231 ], [ 1.4738473, 43.5006283 ], [ 1.4734626, 43.5002951 ], [ 1.472612, 43.4998685 ], [ 1.4725207, 43.4998526 ], [ 1.4721913, 43.4998358 ], [ 1.4719155, 43.4997349 ], [ 1.4715379, 43.4996795 ], [ 1.4713132, 43.4996054 ], [ 1.4711203, 43.4995217 ], [ 1.4707063, 43.4994203 ], [ 1.4705332, 43.4994036 ], [ 1.470454, 43.4993734 ], [ 1.4703318, 43.49927 ], [ 1.4700874, 43.4991419 ], [ 1.470041, 43.4990995 ], [ 1.4699094, 43.498881 ], [ 1.4698225, 43.4988193 ], [ 1.4696588, 43.4987806 ], [ 1.4695708, 43.4987363 ], [ 1.4693998, 43.4987012 ], [ 1.4693093, 43.4986468 ], [ 1.469129, 43.4986083 ], [ 1.4690561, 43.4985617 ], [ 1.4689627, 43.4984549 ], [ 1.4686105, 43.4981755 ], [ 1.4684412, 43.4979716 ], [ 1.4683278, 43.4977848 ], [ 1.4682337, 43.4977213 ], [ 1.4681374, 43.4977055 ], [ 1.4679463, 43.4977153 ], [ 1.4670455, 43.4978973 ], [ 1.4668159, 43.4980079 ], [ 1.4667582, 43.4980216 ], [ 1.4665093, 43.4980162 ], [ 1.4656384, 43.4982427 ], [ 1.4653947, 43.4982824 ], [ 1.4652214, 43.4983072 ], [ 1.4651387, 43.4983326 ], [ 1.4648446, 43.4985099 ], [ 1.4645724, 43.4985995 ], [ 1.463667, 43.4988291 ], [ 1.4633557, 43.4989081 ], [ 1.4633684, 43.4986209 ], [ 1.4634057, 43.498415 ], [ 1.4633658, 43.4982149 ], [ 1.463371, 43.4978589 ], [ 1.463372, 43.4977902 ], [ 1.4632199, 43.4976266 ], [ 1.4631797, 43.4974389 ], [ 1.4630534, 43.4972755 ], [ 1.4630815, 43.4971134 ], [ 1.4632169, 43.4966522 ], [ 1.4632531, 43.4965276 ], [ 1.4633038, 43.4959908 ], [ 1.463361, 43.4955977 ], [ 1.4636904, 43.4947758 ], [ 1.4638134, 43.4945831 ], [ 1.4627943, 43.4945355 ], [ 1.4627424, 43.4944613 ], [ 1.4629134, 43.4944232 ], [ 1.4628946, 43.4936371 ], [ 1.462795, 43.4925317 ], [ 1.4633508, 43.4923301 ], [ 1.4624642, 43.4905258 ], [ 1.4619957, 43.4895908 ], [ 1.461926, 43.4894789 ], [ 1.4619061, 43.4894285 ], [ 1.4622271, 43.4893694 ], [ 1.4626329, 43.4892896 ], [ 1.4629142, 43.4892296 ], [ 1.4626466, 43.4886442 ], [ 1.4625953, 43.4884979 ], [ 1.4620437, 43.4878551 ], [ 1.461846, 43.4875867 ], [ 1.4631813, 43.4865841 ], [ 1.4631499, 43.4865419 ], [ 1.4634993, 43.4863158 ], [ 1.4627885, 43.4858249 ], [ 1.4625681, 43.4855525 ], [ 1.4622314, 43.484901 ], [ 1.4617592, 43.4847527 ], [ 1.4621149, 43.4840973 ], [ 1.4611259, 43.4829087 ], [ 1.4605906, 43.4822511 ], [ 1.4604422, 43.4823199 ], [ 1.4603693, 43.4823095 ], [ 1.4604167, 43.4822071 ], [ 1.460423, 43.4819992 ], [ 1.4603119, 43.481745 ], [ 1.4601605, 43.4815526 ], [ 1.4603386, 43.4814919 ], [ 1.460602, 43.4814294 ], [ 1.4608895, 43.4812667 ], [ 1.4615641, 43.4811457 ], [ 1.4616975, 43.4810356 ], [ 1.4618689, 43.4806985 ], [ 1.4619464, 43.4806183 ], [ 1.4620714, 43.4806091 ], [ 1.4622087, 43.4807011 ], [ 1.4626301, 43.4808206 ], [ 1.4628044, 43.4807613 ], [ 1.4629503, 43.4807422 ], [ 1.4631926, 43.4807795 ], [ 1.4633868, 43.480781 ], [ 1.4635336, 43.4807013 ], [ 1.4636938, 43.4806571 ], [ 1.4639431, 43.4806792 ], [ 1.4640546, 43.4806497 ], [ 1.4642019, 43.4805347 ], [ 1.4642795, 43.4804444 ], [ 1.4644465, 43.4804103 ], [ 1.4649399, 43.4803485 ], [ 1.4660509, 43.4802661 ], [ 1.4664558, 43.4800874 ], [ 1.4668326, 43.4799287 ], [ 1.4672436, 43.4798056 ], [ 1.4676563, 43.4795713 ], [ 1.4683246, 43.4793997 ], [ 1.4688411, 43.4791814 ], [ 1.4692815, 43.4789424 ], [ 1.4698476, 43.4786487 ], [ 1.4704486, 43.4783351 ], [ 1.4711049, 43.4780421 ], [ 1.4713358, 43.4779025 ], [ 1.4716535, 43.4777385 ], [ 1.4724784, 43.4782093 ], [ 1.4729518, 43.4784417 ], [ 1.4739231, 43.4783158 ], [ 1.4748352, 43.478107 ], [ 1.4760588, 43.4776787 ], [ 1.4760895, 43.4776794 ], [ 1.4764366, 43.4783635 ], [ 1.4769298, 43.4791778 ], [ 1.477009, 43.4794147 ], [ 1.4770611, 43.4797027 ], [ 1.4772198, 43.4810986 ], [ 1.4772192, 43.4813484 ], [ 1.4771751, 43.4815951 ], [ 1.4772053, 43.4816191 ], [ 1.4773818, 43.4816339 ], [ 1.4777244, 43.4817288 ], [ 1.4778818, 43.4816942 ], [ 1.4781175, 43.4816771 ], [ 1.478298, 43.4816313 ], [ 1.4784161, 43.4816493 ], [ 1.4784763, 43.4816978 ], [ 1.4785605, 43.4818577 ], [ 1.4786268, 43.481908 ], [ 1.4787824, 43.4819391 ], [ 1.4790248, 43.4820538 ], [ 1.4791817, 43.482088 ], [ 1.4794032, 43.4820839 ], [ 1.4794966, 43.4821121 ], [ 1.4796055, 43.482231 ], [ 1.4797563, 43.4822856 ], [ 1.479804, 43.4823275 ], [ 1.4799873, 43.4826363 ], [ 1.4800331, 43.4826675 ], [ 1.4801951, 43.4826777 ], [ 1.480285, 43.4827388 ], [ 1.4804023, 43.4827331 ], [ 1.4805112, 43.4827874 ], [ 1.48098, 43.4828681 ], [ 1.4810803, 43.4828691 ], [ 1.4812989, 43.4828143 ], [ 1.4814338, 43.4828217 ], [ 1.4816425, 43.4828594 ], [ 1.4816986, 43.4828128 ], [ 1.4819746, 43.4828864 ], [ 1.4821147, 43.4830084 ], [ 1.4822098, 43.4830281 ], [ 1.4824186, 43.4829917 ], [ 1.4825371, 43.4829988 ], [ 1.4826061, 43.4830208 ], [ 1.48293, 43.4830367 ], [ 1.4830394, 43.483028 ], [ 1.4831177, 43.4831329 ], [ 1.4832691, 43.4831359 ], [ 1.4833627, 43.4831617 ], [ 1.4834674, 43.4831506 ], [ 1.4835249, 43.4831693 ], [ 1.4840792, 43.4831699 ], [ 1.4842317, 43.483117 ], [ 1.4843336, 43.4830592 ], [ 1.4844472, 43.4830418 ], [ 1.4845103, 43.4830125 ], [ 1.4845556, 43.4830219 ], [ 1.4846969, 43.4831323 ], [ 1.4847547, 43.4831453 ], [ 1.4849033, 43.4831354 ], [ 1.4850419, 43.4830604 ], [ 1.4851831, 43.483043 ], [ 1.4856706, 43.4830355 ], [ 1.4858093, 43.4830175 ], [ 1.4862246, 43.4830991 ], [ 1.4866063, 43.4831081 ], [ 1.4867725, 43.4832256 ], [ 1.486831, 43.4832428 ], [ 1.4872472, 43.4832752 ], [ 1.4873743, 43.4833229 ], [ 1.4875572, 43.4834338 ], [ 1.4876298, 43.4835054 ], [ 1.487686, 43.4836076 ], [ 1.4877611, 43.4836343 ], [ 1.4879651, 43.4836666 ], [ 1.4881141, 43.483708 ], [ 1.4883063, 43.4838047 ], [ 1.4883686, 43.4838718 ], [ 1.4884388, 43.4840272 ], [ 1.4884529, 43.4841204 ], [ 1.4884828, 43.4841608 ], [ 1.4885368, 43.4841836 ], [ 1.4887598, 43.4842224 ], [ 1.4890397, 43.4843166 ], [ 1.4891194, 43.4843154 ], [ 1.4893258, 43.484268 ], [ 1.4894246, 43.4842681 ], [ 1.4895401, 43.4842327 ], [ 1.4905461, 43.4841853 ], [ 1.4907134, 43.4842094 ], [ 1.4909938, 43.484153 ], [ 1.4913113, 43.4841276 ], [ 1.4922082, 43.4841293 ], [ 1.4922241, 43.48411 ], [ 1.492204, 43.4840276 ], [ 1.4922144, 43.4840042 ], [ 1.4923046, 43.4839962 ], [ 1.493233, 43.4840242 ], [ 1.4933732, 43.484062 ], [ 1.4940171, 43.4840074 ], [ 1.4945905, 43.4839254 ], [ 1.4947817, 43.4842504 ], [ 1.4948625, 43.4843911 ], [ 1.495342, 43.4849319 ], [ 1.4955139, 43.4851743 ], [ 1.4957598, 43.4853535 ], [ 1.4963869, 43.4857837 ], [ 1.4967005, 43.4859953 ], [ 1.496966, 43.4863097 ], [ 1.4973905, 43.4864596 ], [ 1.4976864, 43.4865622 ], [ 1.4979964, 43.4864686 ], [ 1.4987903, 43.4869349 ], [ 1.4989398, 43.4870148 ], [ 1.4990295, 43.4872341 ], [ 1.4991126, 43.4873863 ], [ 1.4993992, 43.4877086 ], [ 1.4999134, 43.4881614 ], [ 1.4999829, 43.488243 ], [ 1.4998586, 43.4885178 ], [ 1.499672, 43.4889253 ], [ 1.4994675, 43.4892735 ], [ 1.4993839, 43.4893522 ] ] ] } },
{ "type": "Feature", "properties": { "id": "relation/158980", "ID_COMM": "310575", "NOMCOM": "VIEILLE TOULOUSE", "Commune": "VIEILLE TOULOUSE", "median": 3289.3281826600432, "q1": 2387.1466115927324 }, "geometry": { "type": "Polygon", "coordinates": [ [ [ 1.4517856, 43.5126754 ], [ 1.4518247, 43.5127172 ], [ 1.4517995, 43.5161156 ], [ 1.4515394, 43.5162054 ], [ 1.4519113, 43.517231 ], [ 1.4508443, 43.5175101 ], [ 1.45084, 43.5175304 ], [ 1.4511995, 43.5182214 ], [ 1.4512928, 43.5182998 ], [ 1.4515555, 43.518247 ], [ 1.4525577, 43.5179659 ], [ 1.4534487, 43.5176695 ], [ 1.4534675, 43.5177229 ], [ 1.4531904, 43.5179824 ], [ 1.4528864, 43.518317 ], [ 1.45245, 43.5188889 ], [ 1.4523164, 43.5190943 ], [ 1.4519202, 43.5198494 ], [ 1.4513558, 43.5206614 ], [ 1.4510617, 43.5209792 ], [ 1.4507283, 43.5212216 ], [ 1.4506495, 43.5213138 ], [ 1.4504802, 43.5216293 ], [ 1.4513421, 43.5218098 ], [ 1.4519587, 43.5219646 ], [ 1.4523104, 43.5220228 ], [ 1.4524624, 43.5220827 ], [ 1.452318, 43.5222416 ], [ 1.4521927, 43.5225026 ], [ 1.4521367, 43.5227516 ], [ 1.4521015, 43.5231207 ], [ 1.452133, 43.5232209 ], [ 1.4522428, 43.5233757 ], [ 1.4523256, 43.5235553 ], [ 1.4524014, 43.5236626 ], [ 1.4523925, 43.5237423 ], [ 1.4523058, 43.5239432 ], [ 1.4522581, 43.5241262 ], [ 1.4522429, 43.5245905 ], [ 1.4521637, 43.524666 ], [ 1.4519847, 43.5251299 ], [ 1.4519673, 43.525224 ], [ 1.451972, 43.5253857 ], [ 1.4516562, 43.5260056 ], [ 1.451525, 43.5261985 ], [ 1.4514849, 43.5262323 ], [ 1.4513858, 43.5262503 ], [ 1.451341, 43.5264914 ], [ 1.4513411, 43.5266564 ], [ 1.4513203, 43.5267329 ], [ 1.4512225, 43.5268824 ], [ 1.4511433, 43.5271886 ], [ 1.4511265, 43.5274005 ], [ 1.4511455, 43.5275383 ], [ 1.4512891, 43.5280877 ], [ 1.4513667, 43.5281353 ], [ 1.4513555, 43.5282847 ], [ 1.4514514, 43.5285426 ], [ 1.4514658, 43.528687 ], [ 1.4514521, 43.5287559 ], [ 1.4511409, 43.5292189 ], [ 1.4509266, 43.529489 ], [ 1.4507569, 43.5296518 ], [ 1.450412, 43.5299375 ], [ 1.450116, 43.5302157 ], [ 1.4496001, 43.5307621 ], [ 1.4494977, 43.5308413 ], [ 1.4489753, 43.5310823 ], [ 1.4486963, 43.5312767 ], [ 1.4485393, 43.531406 ], [ 1.4477546, 43.5321384 ], [ 1.4474655, 43.5322792 ], [ 1.4474352, 43.5323261 ], [ 1.4474849, 43.5325155 ], [ 1.4473412, 43.5326857 ], [ 1.4471103, 43.5331027 ], [ 1.4470438, 43.5331396 ], [ 1.446917, 43.5331716 ], [ 1.446851, 43.5332078 ], [ 1.4467746, 43.5333575 ], [ 1.446745, 43.5333771 ], [ 1.4466208, 43.5334074 ], [ 1.4465379, 43.5334979 ], [ 1.446287, 43.5335805 ], [ 1.4461431, 43.5337024 ], [ 1.4455093, 43.5345123 ], [ 1.4454335, 43.5346527 ], [ 1.4451035, 43.5350965 ], [ 1.4450159, 43.5354147 ], [ 1.4449294, 43.5355912 ], [ 1.4445772, 43.5358854 ], [ 1.4445192, 43.5359132 ], [ 1.4444546, 43.5360921 ], [ 1.444404, 43.5361548 ], [ 1.4440948, 43.5364071 ], [ 1.4439022, 43.5365922 ], [ 1.443708, 43.5367274 ], [ 1.4435851, 43.5369209 ], [ 1.4434058, 43.5370832 ], [ 1.4432005, 43.5373103 ], [ 1.4431779, 43.5374406 ], [ 1.443063, 43.5375188 ], [ 1.4428841, 43.5376921 ], [ 1.4426662, 43.5380137 ], [ 1.4420096, 43.5387428 ], [ 1.4418173, 43.5390387 ], [ 1.4416275, 43.5394111 ], [ 1.4415635, 43.5394949 ], [ 1.4411698, 43.5398112 ], [ 1.4409548, 43.5400222 ], [ 1.4404442, 43.5406602 ], [ 1.4402905, 43.5410932 ], [ 1.44018, 43.5413445 ], [ 1.4401842, 43.5414064 ], [ 1.4402169, 43.5414404 ], [ 1.4404367, 43.541538 ], [ 1.4407477, 43.5417947 ], [ 1.4407365, 43.5418287 ], [ 1.4407351, 43.5418353 ], [ 1.4407724, 43.5420324 ], [ 1.4406817, 43.5420989 ], [ 1.4406657, 43.5421233 ], [ 1.4406774, 43.5422095 ], [ 1.4406629, 43.5422227 ], [ 1.4405951, 43.5422382 ], [ 1.4405597, 43.542254 ], [ 1.4405215, 43.5422868 ], [ 1.4404847, 43.5423102 ], [ 1.4404455, 43.5423241 ], [ 1.440413, 43.5423257 ], [ 1.4403672, 43.5423414 ], [ 1.4403554, 43.542348 ], [ 1.4403305, 43.542362 ], [ 1.4403216, 43.5423679 ], [ 1.4403025, 43.5423789 ], [ 1.440299, 43.5423806 ], [ 1.4402898, 43.5423862 ], [ 1.4401683, 43.5424231 ], [ 1.4401109, 43.5424331 ], [ 1.4400316, 43.5424334 ], [ 1.4397303, 43.5424849 ], [ 1.4395667, 43.5425584 ], [ 1.4394498, 43.5425489 ], [ 1.4393066, 43.5425516 ], [ 1.4392389, 43.5425586 ], [ 1.439111, 43.5425869 ], [ 1.4390497, 43.5425959 ], [ 1.4389848, 43.5425897 ], [ 1.4389305, 43.5425713 ], [ 1.4388156, 43.5425098 ], [ 1.4386083, 43.5425451 ], [ 1.4383486, 43.5426897 ], [ 1.4381754, 43.5428766 ], [ 1.4381661, 43.5428869 ], [ 1.4381625, 43.5429541 ], [ 1.4382578, 43.5431951 ], [ 1.4382878, 43.5432711 ], [ 1.4382596, 43.5433352 ], [ 1.4382512, 43.5433701 ], [ 1.4382391, 43.5435715 ], [ 1.4382169, 43.5436622 ], [ 1.4382325, 43.5438364 ], [ 1.4382386, 43.544038 ], [ 1.4382431, 43.5440834 ], [ 1.4383129, 43.5442004 ], [ 1.4383144, 43.5442704 ], [ 1.4382917, 43.5443128 ], [ 1.4382383, 43.5443161 ], [ 1.4380099, 43.5443692 ], [ 1.4379074, 43.5444375 ], [ 1.437755, 43.5445394 ], [ 1.4377315, 43.5445449 ], [ 1.437665, 43.5445576 ], [ 1.4369008, 43.5446906 ], [ 1.4361356, 43.5448234 ], [ 1.434603, 43.5450895 ], [ 1.433226, 43.5453179 ], [ 1.4318451, 43.5455481 ], [ 1.4297755, 43.5459006 ], [ 1.4290255, 43.5460384 ], [ 1.4288052, 43.5460678 ], [ 1.4287749, 43.5460724 ], [ 1.4287446, 43.5460216 ], [ 1.4275375, 43.5448248 ], [ 1.4271274, 43.5443728 ], [ 1.4266571, 43.543707 ], [ 1.4266764, 43.5436822 ], [ 1.4271028, 43.5435052 ], [ 1.4271263, 43.5434807 ], [ 1.4270154, 43.5432577 ], [ 1.4269773, 43.5431811 ], [ 1.4268346, 43.5428421 ], [ 1.4267288, 43.5426816 ], [ 1.4267333, 43.5423564 ], [ 1.426608, 43.5422621 ], [ 1.426608, 43.5417624 ], [ 1.4264923, 43.5415318 ], [ 1.4266128, 43.5412522 ], [ 1.4265164, 43.5405464 ], [ 1.4265741, 43.5404182 ], [ 1.4265808, 43.540185 ], [ 1.4266085, 43.5400716 ], [ 1.4266693, 43.5399512 ], [ 1.426904, 43.5397163 ], [ 1.4272836, 43.539409 ], [ 1.4273779, 43.5392604 ], [ 1.4274271, 43.5390731 ], [ 1.4279903, 43.5387395 ], [ 1.428309, 43.5385175 ], [ 1.4298974, 43.537283 ], [ 1.4299189, 43.5372156 ], [ 1.429842, 43.5350656 ], [ 1.4288632, 43.5311897 ], [ 1.4285113, 43.5299082 ], [ 1.4280063, 43.5293651 ], [ 1.4280466, 43.5291269 ], [ 1.4285624, 43.5287509 ], [ 1.4288643, 43.5285611 ], [ 1.4289117, 43.5285082 ], [ 1.4283726, 43.5267294 ], [ 1.4281999, 43.526308 ], [ 1.4280909, 43.5262108 ], [ 1.4280636, 43.5262147 ], [ 1.4279735, 43.5262825 ], [ 1.4279188, 43.5262987 ], [ 1.4274955, 43.5261767 ], [ 1.4270507, 43.5260857 ], [ 1.4266832, 43.5259357 ], [ 1.4256724, 43.5255654 ], [ 1.4225316, 43.5240125 ], [ 1.4208284, 43.5235147 ], [ 1.4204841, 43.5234651 ], [ 1.4202811, 43.5233846 ], [ 1.4203199, 43.5233492 ], [ 1.4208836, 43.523089 ], [ 1.4213577, 43.5228388 ], [ 1.4215123, 43.5227303 ], [ 1.4219774, 43.5223427 ], [ 1.4220521, 43.5222546 ], [ 1.4220407, 43.5222099 ], [ 1.422204, 43.5221124 ], [ 1.4222218, 43.5220801 ], [ 1.4222013, 43.5220129 ], [ 1.4220904, 43.5219072 ], [ 1.4216617, 43.5215896 ], [ 1.4216251, 43.5215483 ], [ 1.4216681, 43.5214076 ], [ 1.425375, 43.5200243 ], [ 1.4253874, 43.5199644 ], [ 1.425368, 43.5197977 ], [ 1.4253733, 43.5193429 ], [ 1.4253433, 43.5189085 ], [ 1.4252552, 43.5184726 ], [ 1.4252251, 43.5180081 ], [ 1.4250734, 43.5178237 ], [ 1.4250691, 43.5177637 ], [ 1.4251275, 43.5177758 ], [ 1.4251577, 43.5178219 ], [ 1.4255164, 43.5177541 ], [ 1.4256629, 43.5176551 ], [ 1.4258611, 43.5176348 ], [ 1.4259396, 43.5176413 ], [ 1.4260065, 43.5176807 ], [ 1.4262936, 43.5176724 ], [ 1.4264268, 43.5176959 ], [ 1.4265157, 43.5176627 ], [ 1.4268338, 43.517615 ], [ 1.4270313, 43.517609 ], [ 1.4271677, 43.5176203 ], [ 1.427475, 43.5175899 ], [ 1.4275589, 43.5175501 ], [ 1.4277319, 43.5175688 ], [ 1.4279581, 43.5175681 ], [ 1.4281618, 43.5176036 ], [ 1.4283121, 43.5176047 ], [ 1.428428, 43.5175884 ], [ 1.4285095, 43.517533 ], [ 1.4285843, 43.51754 ], [ 1.4286279, 43.5175272 ], [ 1.4286657, 43.5174861 ], [ 1.4287644, 43.5174345 ], [ 1.428919, 43.5173226 ], [ 1.4290528, 43.5173033 ], [ 1.4291521, 43.5173166 ], [ 1.4292248, 43.5173575 ], [ 1.4292798, 43.5173552 ], [ 1.429443, 43.5172981 ], [ 1.4295753, 43.5173076 ], [ 1.4297578, 43.5172199 ], [ 1.4298218, 43.5172137 ], [ 1.4301644, 43.5172684 ], [ 1.4302456, 43.5172646 ], [ 1.4305808, 43.5171913 ], [ 1.4311843, 43.5171327 ], [ 1.4312674, 43.5171105 ], [ 1.4316051, 43.5171098 ], [ 1.4320537, 43.5169815 ], [ 1.432114, 43.5170101 ], [ 1.4323052, 43.5170018 ], [ 1.4324162, 43.5170398 ], [ 1.4326142, 43.5170341 ], [ 1.4329628, 43.5169681 ], [ 1.4332226, 43.5168237 ], [ 1.4332621, 43.5167381 ], [ 1.4333648, 43.5167045 ], [ 1.4335624, 43.5167223 ], [ 1.4337501, 43.5166677 ], [ 1.4339037, 43.5166923 ], [ 1.4339646, 43.5166823 ], [ 1.4342769, 43.5165605 ], [ 1.4345331, 43.5165532 ], [ 1.4346088, 43.5165284 ], [ 1.4347086, 43.5165807 ], [ 1.4348627, 43.5165716 ], [ 1.4350556, 43.5166214 ], [ 1.435108, 43.5166178 ], [ 1.4352436, 43.5165978 ], [ 1.4354146, 43.5164977 ], [ 1.4354968, 43.5164661 ], [ 1.4356591, 43.5164597 ], [ 1.435827, 43.5163874 ], [ 1.4362263, 43.5163662 ], [ 1.4365986, 43.5162591 ], [ 1.4367453, 43.5161799 ], [ 1.4368728, 43.5161557 ], [ 1.4371503, 43.5161875 ], [ 1.4372621, 43.5161834 ], [ 1.4374794, 43.516143 ], [ 1.4378552, 43.5159787 ], [ 1.4382715, 43.5158708 ], [ 1.4383967, 43.5158202 ], [ 1.4387059, 43.5156558 ], [ 1.4388797, 43.5156009 ], [ 1.4393306, 43.515505 ], [ 1.439577, 43.5154722 ], [ 1.439834, 43.5154571 ], [ 1.4399882, 43.5154313 ], [ 1.4403647, 43.5153136 ], [ 1.4405886, 43.5151695 ], [ 1.440641, 43.5151104 ], [ 1.4407335, 43.5150783 ], [ 1.4407818, 43.515042 ], [ 1.4409758, 43.515018 ], [ 1.4412441, 43.5148731 ], [ 1.4413432, 43.5148534 ], [ 1.4414039, 43.5148005 ], [ 1.4415461, 43.5147626 ], [ 1.4421813, 43.5145078 ], [ 1.4426186, 43.5143586 ], [ 1.4427237, 43.5142833 ], [ 1.4428803, 43.5142314 ], [ 1.4430975, 43.5142257 ], [ 1.4431907, 43.5141796 ], [ 1.4433179, 43.5141969 ], [ 1.4433589, 43.514182 ], [ 1.4433844, 43.5141326 ], [ 1.4436226, 43.5139983 ], [ 1.4436761, 43.5139073 ], [ 1.4437765, 43.5138432 ], [ 1.4440941, 43.5139477 ], [ 1.4443692, 43.5138902 ], [ 1.4445383, 43.5139175 ], [ 1.4448334, 43.5138339 ], [ 1.4449467, 43.5138297 ], [ 1.4452569, 43.5138608 ], [ 1.4454516, 43.5137862 ], [ 1.4455542, 43.5137681 ], [ 1.4455943, 43.5136598 ], [ 1.4458577, 43.5136287 ], [ 1.4460407, 43.5136441 ], [ 1.4461037, 43.51363 ], [ 1.4461976, 43.5135768 ], [ 1.4464416, 43.5134897 ], [ 1.4464824, 43.5134576 ], [ 1.4465752, 43.5134355 ], [ 1.4473466, 43.5133594 ], [ 1.4474622, 43.5133241 ], [ 1.4476196, 43.5133006 ], [ 1.447782, 43.513246 ], [ 1.4480653, 43.5132104 ], [ 1.4486019, 43.513034 ], [ 1.4492565, 43.5130313 ], [ 1.4500609, 43.5129124 ], [ 1.4502448, 43.5129303 ], [ 1.4503015, 43.5129227 ], [ 1.4505832, 43.5127874 ], [ 1.4507444, 43.5127562 ], [ 1.451073, 43.512765 ], [ 1.4511748, 43.5127528 ], [ 1.4514433, 43.5126526 ], [ 1.4515421, 43.5126463 ], [ 1.4517856, 43.5126754 ] ] ] } },
{ "type": "Feature", "properties": { "id": "relation/158985", "ID_COMM": "310340", "NOMCOM": "MERVILLA", "Commune": "MERVILLA", "median": 2809.3361523915082, "q1": 2035.5344437938184 }, "geometry": { "type": "Polygon", "coordinates": [ [ [ 1.4684906, 43.5143799 ], [ 1.4680182, 43.5141126 ], [ 1.4680042, 43.5141014 ], [ 1.4674211, 43.5137374 ], [ 1.4669552, 43.513558 ], [ 1.4667931, 43.5134643 ], [ 1.4666425, 43.5133348 ], [ 1.466243, 43.5129158 ], [ 1.4662095, 43.5128995 ], [ 1.4658825, 43.5130171 ], [ 1.4652971, 43.5120356 ], [ 1.4652299, 43.5120139 ], [ 1.4652308, 43.5118163 ], [ 1.4650707, 43.5111188 ], [ 1.464988, 43.5108512 ], [ 1.4649943, 43.5106662 ], [ 1.4651648, 43.5103504 ], [ 1.4651728, 43.5102962 ], [ 1.4651491, 43.5102629 ], [ 1.4649926, 43.5101666 ], [ 1.4648441, 43.5101527 ], [ 1.4646513, 43.5100873 ], [ 1.4645586, 43.5099925 ], [ 1.4640372, 43.5091593 ], [ 1.4640168, 43.5090949 ], [ 1.4640928, 43.5087952 ], [ 1.4640573, 43.5087224 ], [ 1.4641475, 43.5084875 ], [ 1.4641535, 43.5082369 ], [ 1.4641868, 43.5080422 ], [ 1.4641854, 43.507825 ], [ 1.4642103, 43.5077113 ], [ 1.4643072, 43.5074587 ], [ 1.4643327, 43.5073388 ], [ 1.4644336, 43.5072069 ], [ 1.4644261, 43.5066555 ], [ 1.4644615, 43.5064333 ], [ 1.4644267, 43.5062344 ], [ 1.4644341, 43.5061737 ], [ 1.4644916, 43.5060796 ], [ 1.4644974, 43.5059342 ], [ 1.4643884, 43.5055911 ], [ 1.4644438, 43.5053268 ], [ 1.4644666, 43.5050699 ], [ 1.4645203, 43.5048494 ], [ 1.4645463, 43.5044459 ], [ 1.4646911, 43.5041125 ], [ 1.4647005, 43.503996 ], [ 1.4646853, 43.5039644 ], [ 1.4645523, 43.5039576 ], [ 1.4641881, 43.5038596 ], [ 1.4632505, 43.5036574 ], [ 1.4629817, 43.503578 ], [ 1.4626367, 43.5035067 ], [ 1.4623556, 43.5034728 ], [ 1.4620839, 43.5033891 ], [ 1.4619999, 43.5033492 ], [ 1.4616149, 43.5030958 ], [ 1.4615445, 43.5030727 ], [ 1.4611544, 43.5030344 ], [ 1.4609265, 43.5029727 ], [ 1.4606103, 43.5029467 ], [ 1.4602028, 43.5028921 ], [ 1.4595254, 43.5027453 ], [ 1.4594645, 43.5026864 ], [ 1.4588384, 43.5017044 ], [ 1.4586553, 43.5013018 ], [ 1.458659, 43.501087 ], [ 1.4588313, 43.5006206 ], [ 1.4589565, 43.500012 ], [ 1.4589579, 43.4999313 ], [ 1.4588704, 43.4996758 ], [ 1.4587052, 43.4994967 ], [ 1.4587483, 43.4994783 ], [ 1.4591169, 43.4995061 ], [ 1.4593056, 43.4995076 ], [ 1.4597284, 43.4995653 ], [ 1.4602087, 43.4996159 ], [ 1.4604483, 43.4996127 ], [ 1.4605918, 43.4995675 ], [ 1.4610499, 43.4993259 ], [ 1.4612927, 43.4993561 ], [ 1.4614358, 43.4993492 ], [ 1.4616074, 43.4993505 ], [ 1.4618753, 43.4992214 ], [ 1.4619827, 43.4992197 ], [ 1.4621807, 43.4990178 ], [ 1.4624593, 43.4990044 ], [ 1.4633557, 43.4989081 ], [ 1.463667, 43.4988291 ], [ 1.4645724, 43.4985995 ], [ 1.4648446, 43.4985099 ], [ 1.4651387, 43.4983326 ], [ 1.4652214, 43.4983072 ], [ 1.4653947, 43.4982824 ], [ 1.4656384, 43.4982427 ], [ 1.4665093, 43.4980162 ], [ 1.4667582, 43.4980216 ], [ 1.4668159, 43.4980079 ], [ 1.4670455, 43.4978973 ], [ 1.4679463, 43.4977153 ], [ 1.4681374, 43.4977055 ], [ 1.4682337, 43.4977213 ], [ 1.4683278, 43.4977848 ], [ 1.4684412, 43.4979716 ], [ 1.4686105, 43.4981755 ], [ 1.4689627, 43.4984549 ], [ 1.4690561, 43.4985617 ], [ 1.469129, 43.4986083 ], [ 1.4693093, 43.4986468 ], [ 1.4693998, 43.4987012 ], [ 1.4695708, 43.4987363 ], [ 1.4696588, 43.4987806 ], [ 1.4698225, 43.4988193 ], [ 1.4699094, 43.498881 ], [ 1.470041, 43.4990995 ], [ 1.4700874, 43.4991419 ], [ 1.4703318, 43.49927 ], [ 1.470454, 43.4993734 ], [ 1.4705332, 43.4994036 ], [ 1.4707063, 43.4994203 ], [ 1.4711203, 43.4995217 ], [ 1.4713132, 43.4996054 ], [ 1.4715379, 43.4996795 ], [ 1.4719155, 43.4997349 ], [ 1.4721913, 43.4998358 ], [ 1.4725207, 43.4998526 ], [ 1.472612, 43.4998685 ], [ 1.4734626, 43.5002951 ], [ 1.4738473, 43.5006283 ], [ 1.4739987, 43.5007231 ], [ 1.4742746, 43.5008474 ], [ 1.4744373, 43.5009475 ], [ 1.4745051, 43.5009664 ], [ 1.4746973, 43.5009243 ], [ 1.475105, 43.5009451 ], [ 1.4752979, 43.5009935 ], [ 1.4755757, 43.5009988 ], [ 1.475946, 43.5010374 ], [ 1.4760356, 43.5010257 ], [ 1.4762478, 43.5009472 ], [ 1.4763241, 43.5009375 ], [ 1.4764878, 43.5009785 ], [ 1.4767555, 43.5010821 ], [ 1.4772625, 43.5013357 ], [ 1.4775261, 43.501448 ], [ 1.4777373, 43.5015088 ], [ 1.47803, 43.5015296 ], [ 1.4785915, 43.5014809 ], [ 1.478788, 43.5014855 ], [ 1.4794991, 43.50156 ], [ 1.4818415, 43.5012918 ], [ 1.4821164, 43.5012417 ], [ 1.4824604, 43.5011467 ], [ 1.4836621, 43.5007641 ], [ 1.4842534, 43.5010757 ], [ 1.4843115, 43.5010478 ], [ 1.4847705, 43.5006398 ], [ 1.4849444, 43.5005194 ], [ 1.485141, 43.500392 ], [ 1.485079, 43.5005315 ], [ 1.4851567, 43.50084 ], [ 1.4852672, 43.5018022 ], [ 1.4853291, 43.5023415 ], [ 1.485369, 43.502607 ], [ 1.4852669, 43.5028754 ], [ 1.4852169, 43.5030541 ], [ 1.4851118, 43.5036772 ], [ 1.4851556, 43.5039221 ], [ 1.4855672, 43.5049239 ], [ 1.4859346, 43.5057085 ], [ 1.4862487, 43.5062518 ], [ 1.4868165, 43.5067677 ], [ 1.4874044, 43.507248 ], [ 1.486201, 43.5078829 ], [ 1.4850728, 43.50847 ], [ 1.4842389, 43.5091374 ], [ 1.4840127, 43.509337 ], [ 1.4840087, 43.5096157 ], [ 1.4841778, 43.510066 ], [ 1.484152, 43.5102237 ], [ 1.4841609, 43.5105846 ], [ 1.484305, 43.5109893 ], [ 1.4842865, 43.5117583 ], [ 1.4843226, 43.5123858 ], [ 1.4843943, 43.51261 ], [ 1.4844143, 43.5127901 ], [ 1.4842763, 43.5130018 ], [ 1.4843968, 43.5134639 ], [ 1.4841662, 43.5135622 ], [ 1.4841625, 43.5135559 ], [ 1.4840693, 43.5135382 ], [ 1.4838315, 43.5134612 ], [ 1.4836585, 43.5133942 ], [ 1.4836135, 43.5133721 ], [ 1.4833603, 43.5134336 ], [ 1.4831218, 43.5133115 ], [ 1.4825776, 43.5133468 ], [ 1.4819219, 43.5133956 ], [ 1.4816096, 43.513405 ], [ 1.48102, 43.5135101 ], [ 1.4807505, 43.5136535 ], [ 1.4809885, 43.5140544 ], [ 1.4800229, 43.5145769 ], [ 1.4799095, 43.5146943 ], [ 1.4798213, 43.5146498 ], [ 1.4791466, 43.5150025 ], [ 1.4782673, 43.5153196 ], [ 1.4777984, 43.5154509 ], [ 1.477687, 43.515468 ], [ 1.4775908, 43.5154529 ], [ 1.4774532, 43.5154015 ], [ 1.4773161, 43.5153106 ], [ 1.4767083, 43.5151315 ], [ 1.476618, 43.5150517 ], [ 1.4764428, 43.5148669 ], [ 1.4762349, 43.5147179 ], [ 1.4758879, 43.5146145 ], [ 1.4753986, 43.5144489 ], [ 1.4743854, 43.5147955 ], [ 1.4729838, 43.5153441 ], [ 1.4729491, 43.5153492 ], [ 1.4729666, 43.5149969 ], [ 1.4729481, 43.5145669 ], [ 1.4728538, 43.5144223 ], [ 1.4726774, 43.5141458 ], [ 1.4724665, 43.5138655 ], [ 1.4720043, 43.5138691 ], [ 1.4709095, 43.514055 ], [ 1.4699728, 43.5142384 ], [ 1.4697547, 43.5142799 ], [ 1.4688845, 43.514311 ], [ 1.4684906, 43.5143799 ] ] ] } },
{ "type": "Feature", "properties": { "id": "relation/158987", "ID_COMM": "310411", "NOMCOM": "PECHBUSQUE", "Commune": "PECHBUSQUE", "median": 1183.0516031968873, "q1": 818.97985081304796 }, "geometry": { "type": "Polygon", "coordinates": [ [ [ 1.4517856, 43.5126754 ], [ 1.4518439, 43.5126672 ], [ 1.4521276, 43.5127162 ], [ 1.4523769, 43.5126475 ], [ 1.452751, 43.5126605 ], [ 1.453347, 43.5125973 ], [ 1.4536409, 43.5126255 ], [ 1.4539035, 43.5126223 ], [ 1.4544891, 43.5125846 ], [ 1.4546755, 43.5127299 ], [ 1.4555929, 43.5133011 ], [ 1.4557092, 43.5133168 ], [ 1.4558184, 43.5133052 ], [ 1.4561433, 43.5132326 ], [ 1.45682, 43.5132336 ], [ 1.4574896, 43.5132117 ], [ 1.4577095, 43.513263 ], [ 1.4578782, 43.5133711 ], [ 1.458032, 43.5132321 ], [ 1.458485, 43.5130183 ], [ 1.4588438, 43.5128129 ], [ 1.4615834, 43.511865 ], [ 1.4616088, 43.5119017 ], [ 1.4620452, 43.5128436 ], [ 1.4625119, 43.5126318 ], [ 1.4629998, 43.5124435 ], [ 1.4633124, 43.5123455 ], [ 1.4638803, 43.5122178 ], [ 1.4642333, 43.5121203 ], [ 1.4646974, 43.5120557 ], [ 1.4652082, 43.5120249 ], [ 1.4652299, 43.5120139 ], [ 1.4652971, 43.5120356 ], [ 1.4658825, 43.5130171 ], [ 1.4662095, 43.5128995 ], [ 1.466243, 43.5129158 ], [ 1.4666425, 43.5133348 ], [ 1.4667931, 43.5134643 ], [ 1.4669552, 43.513558 ], [ 1.4674211, 43.5137374 ], [ 1.4680042, 43.5141014 ], [ 1.4680182, 43.5141126 ], [ 1.4684906, 43.5143799 ], [ 1.4684413, 43.5145378 ], [ 1.4682819, 43.5146247 ], [ 1.4679016, 43.5147818 ], [ 1.4675982, 43.5149162 ], [ 1.4669504, 43.515109 ], [ 1.4661954, 43.5153711 ], [ 1.4654385, 43.5156695 ], [ 1.4661008, 43.516379 ], [ 1.4659063, 43.5165576 ], [ 1.46562, 43.5168719 ], [ 1.4655365, 43.5170116 ], [ 1.465528, 43.517087 ], [ 1.466009, 43.5178262 ], [ 1.4664775, 43.5184053 ], [ 1.4664976, 43.5185493 ], [ 1.4666316, 43.5186835 ], [ 1.466652, 43.5188131 ], [ 1.4671574, 43.5190652 ], [ 1.4673497, 43.5190954 ], [ 1.4676525, 43.5191715 ], [ 1.4675511, 43.5193487 ], [ 1.4673751, 43.5198959 ], [ 1.467493, 43.5199453 ], [ 1.4674274, 43.5200401 ], [ 1.4672517, 43.5203985 ], [ 1.4670891, 43.5205339 ], [ 1.4670281, 43.5206521 ], [ 1.4668329, 43.520816 ], [ 1.4664216, 43.5212265 ], [ 1.4661392, 43.5217836 ], [ 1.4659635, 43.522311 ], [ 1.4657798, 43.5225379 ], [ 1.4657046, 43.5226075 ], [ 1.4655782, 43.5229788 ], [ 1.4654592, 43.5231703 ], [ 1.4653696, 43.5233818 ], [ 1.4653353, 43.5234254 ], [ 1.465264, 43.5234939 ], [ 1.4651538, 43.5236085 ], [ 1.4650954, 43.523716 ], [ 1.4650715, 43.5238273 ], [ 1.4650488, 43.5240321 ], [ 1.4650603, 43.5240898 ], [ 1.464944, 43.5242669 ], [ 1.4648855, 43.5243834 ], [ 1.4646753, 43.5245634 ], [ 1.4645666, 43.5248952 ], [ 1.4645078, 43.5250278 ], [ 1.4646202, 43.5252877 ], [ 1.4645626, 43.5256811 ], [ 1.4645493, 43.5259148 ], [ 1.4645141, 43.5261285 ], [ 1.4645527, 43.5263572 ], [ 1.4646948, 43.5266136 ], [ 1.4647406, 43.5266931 ], [ 1.4648665, 43.5268775 ], [ 1.4650865, 43.5270411 ], [ 1.4651135, 43.5272265 ], [ 1.4650352, 43.5273428 ], [ 1.4650345, 43.5277276 ], [ 1.4648941, 43.5280377 ], [ 1.4646894, 43.5281728 ], [ 1.4645743, 43.5282672 ], [ 1.4645438, 43.5284989 ], [ 1.4646348, 43.5286957 ], [ 1.4644546, 43.5290216 ], [ 1.4643419, 43.5294613 ], [ 1.4642271, 43.529705 ], [ 1.4641812, 43.5298017 ], [ 1.4641964, 43.5302856 ], [ 1.4641064, 43.5305277 ], [ 1.4641959, 43.5308323 ], [ 1.4641983, 43.5310068 ], [ 1.4640648, 43.5311748 ], [ 1.4640105, 43.5315089 ], [ 1.4639071, 43.5316501 ], [ 1.4638816, 43.5318783 ], [ 1.4639204, 43.5319236 ], [ 1.46389, 43.5319773 ], [ 1.4637802, 43.5320502 ], [ 1.4637843, 43.5321042 ], [ 1.4631924, 43.5322517 ], [ 1.4629983, 43.5322546 ], [ 1.462831, 43.5322883 ], [ 1.4625197, 43.532299 ], [ 1.4622743, 43.5323801 ], [ 1.4619149, 43.5324382 ], [ 1.461299, 43.5326969 ], [ 1.4609446, 43.5327172 ], [ 1.4604309, 43.532833 ], [ 1.4603152, 43.5328629 ], [ 1.4596035, 43.5331077 ], [ 1.4590026, 43.5333351 ], [ 1.4585244, 43.5335098 ], [ 1.458344, 43.533581 ], [ 1.4580442, 43.533707 ], [ 1.4572481, 43.5341282 ], [ 1.4568068, 43.5343225 ], [ 1.456769, 43.5343288 ], [ 1.4567313, 43.5343294 ], [ 1.4566011, 43.5343407 ], [ 1.4565633, 43.5343461 ], [ 1.4565229, 43.5343524 ], [ 1.4565139, 43.5343539 ], [ 1.456403, 43.5343707 ], [ 1.4563191, 43.5343658 ], [ 1.4563069, 43.5343633 ], [ 1.4562705, 43.534363 ], [ 1.456155, 43.5344312 ], [ 1.4561365, 43.5344509 ], [ 1.4561182, 43.5344584 ], [ 1.4560959, 43.5344695 ], [ 1.4558946, 43.534538 ], [ 1.4558763, 43.5345464 ], [ 1.455854, 43.5345613 ], [ 1.4558356, 43.5345763 ], [ 1.455825, 43.5345892 ], [ 1.4558128, 43.5346232 ], [ 1.4558022, 43.5346319 ], [ 1.4557576, 43.5346493 ], [ 1.455729, 43.5346587 ], [ 1.455712, 43.5346671 ], [ 1.4556936, 43.5346764 ], [ 1.4556844, 43.5346839 ], [ 1.4556699, 43.5346977 ], [ 1.4556593, 43.534715 ], [ 1.4556497, 43.5347442 ], [ 1.455644, 43.5347798 ], [ 1.4555716, 43.5348392 ], [ 1.4555506, 43.5348513 ], [ 1.4554866, 43.5348726 ], [ 1.4554735, 43.5348772 ], [ 1.455391, 43.5349201 ], [ 1.4553308, 43.5349411 ], [ 1.4553085, 43.5349544 ], [ 1.4552638, 43.5349907 ], [ 1.4551942, 43.5350346 ], [ 1.4550709, 43.5351037 ], [ 1.4550459, 43.5351224 ], [ 1.454977, 43.5352083 ], [ 1.4548941, 43.5352764 ], [ 1.4547804, 43.5353165 ], [ 1.4547323, 43.5353149 ], [ 1.4546623, 43.535302 ], [ 1.4543566, 43.5354825 ], [ 1.4542697, 43.5355525 ], [ 1.4542239, 43.5355733 ], [ 1.4541077, 43.5356036 ], [ 1.4541079, 43.5356793 ], [ 1.4540272, 43.5356859 ], [ 1.4539449, 43.5357108 ], [ 1.4539079, 43.5357468 ], [ 1.453893, 43.5357845 ], [ 1.4536584, 43.5359082 ], [ 1.4535388, 43.5359934 ], [ 1.4534883, 43.5360152 ], [ 1.4532909, 43.53614 ], [ 1.4531724, 43.5362387 ], [ 1.4530924, 43.5362851 ], [ 1.452955, 43.5363408 ], [ 1.452788, 43.5364618 ], [ 1.4525115, 43.5366041 ], [ 1.4523604, 43.5366231 ], [ 1.4521765, 43.5366586 ], [ 1.4521516, 43.5366707 ], [ 1.452155, 43.5367038 ], [ 1.4519394, 43.5367721 ], [ 1.4517952, 43.5367622 ], [ 1.4517913, 43.5367631 ], [ 1.4516151, 43.5368037 ], [ 1.4515696, 43.5368024 ], [ 1.4515519, 43.5367691 ], [ 1.4514972, 43.5367734 ], [ 1.451471, 43.5367871 ], [ 1.4514275, 43.5368258 ], [ 1.4513416, 43.5368296 ], [ 1.4513234, 43.5368326 ], [ 1.4511492, 43.5370041 ], [ 1.4511164, 43.5370218 ], [ 1.4508507, 43.5372206 ], [ 1.4507731, 43.537285 ], [ 1.4507202, 43.5373426 ], [ 1.4505878, 43.5374116 ], [ 1.4505679, 43.537436 ], [ 1.4505908, 43.5374731 ], [ 1.4505918, 43.5374911 ], [ 1.4505744, 43.5375259 ], [ 1.4503438, 43.5376402 ], [ 1.4502715, 43.537692 ], [ 1.4502531, 43.5377089 ], [ 1.4502075, 43.5377151 ], [ 1.4501853, 43.5377216 ], [ 1.4501473, 43.5377402 ], [ 1.4501277, 43.5377429 ], [ 1.45005, 43.5377196 ], [ 1.4499498, 43.5377235 ], [ 1.4499248, 43.5377273 ], [ 1.4499199, 43.537728 ], [ 1.4499194, 43.5377283 ], [ 1.4498465, 43.5377653 ], [ 1.4497619, 43.5377684 ], [ 1.4497254, 43.5377719 ], [ 1.4496837, 43.5377782 ], [ 1.4496669, 43.5377743 ], [ 1.4496596, 43.5377504 ], [ 1.4496582, 43.5377458 ], [ 1.4496531, 43.5377391 ], [ 1.4496091, 43.5377246 ], [ 1.4496057, 43.5377246 ], [ 1.4495909, 43.5377245 ], [ 1.4495804, 43.5377301 ], [ 1.4495432, 43.5377816 ], [ 1.4495339, 43.5377921 ], [ 1.4495065, 43.5378039 ], [ 1.4494358, 43.5378311 ], [ 1.4494097, 43.5378368 ], [ 1.4494067, 43.5378372 ], [ 1.4493993, 43.5378374 ], [ 1.4493602, 43.5378466 ], [ 1.4493583, 43.5378479 ], [ 1.449331, 43.5378672 ], [ 1.4493067, 43.5378805 ], [ 1.4492881, 43.5378839 ], [ 1.4492465, 43.5378817 ], [ 1.4491329, 43.5379129 ], [ 1.4491015, 43.5379231 ], [ 1.4490991, 43.5379258 ], [ 1.4490936, 43.5379287 ], [ 1.4490883, 43.5379353 ], [ 1.4490782, 43.5379638 ], [ 1.4490546, 43.5379757 ], [ 1.4490254, 43.5379885 ], [ 1.4490186, 43.5379915 ], [ 1.4490173, 43.5379943 ], [ 1.4490159, 43.5379953 ], [ 1.4490119, 43.5380016 ], [ 1.449011, 43.538004 ], [ 1.4489879, 43.5380449 ], [ 1.4489563, 43.5380625 ], [ 1.4489446, 43.5380682 ], [ 1.4489259, 43.5380794 ], [ 1.4488866, 43.5381012 ], [ 1.4488816, 43.5381037 ], [ 1.4488803, 43.5381046 ], [ 1.4488489, 43.5381167 ], [ 1.4488228, 43.5381269 ], [ 1.4487588, 43.5381434 ], [ 1.4487393, 43.5381442 ], [ 1.4487198, 43.538145 ], [ 1.4487066, 43.5381501 ], [ 1.4486975, 43.5381533 ], [ 1.4486965, 43.5381541 ], [ 1.4486936, 43.5381552 ], [ 1.4486844, 43.5381608 ], [ 1.4486121, 43.5382135 ], [ 1.4485962, 43.5382339 ], [ 1.4485912, 43.5382632 ], [ 1.4485761, 43.5382747 ], [ 1.4485644, 43.5382746 ], [ 1.4485305, 43.5382772 ], [ 1.4485202, 43.5382787 ], [ 1.4485045, 43.5382798 ], [ 1.4484861, 43.538286 ], [ 1.4484823, 43.5382872 ], [ 1.44846, 43.5382981 ], [ 1.4484073, 43.538346 ], [ 1.4483905, 43.5383556 ], [ 1.4483823, 43.53836 ], [ 1.4483653, 43.5383696 ], [ 1.448354, 43.5383767 ], [ 1.4483377, 43.5383861 ], [ 1.4483062, 43.5384386 ], [ 1.4482953, 43.5384438 ], [ 1.448274, 43.5384445 ], [ 1.4482315, 43.5384461 ], [ 1.448218, 43.5384468 ], [ 1.4481989, 43.5384477 ], [ 1.4481076, 43.5384678 ], [ 1.448079, 43.5384686 ], [ 1.448057, 43.5384637 ], [ 1.448044, 43.5384626 ], [ 1.4480348, 43.5384663 ], [ 1.4477049, 43.538612 ], [ 1.4464988, 43.5390076 ], [ 1.4464596, 43.5390114 ], [ 1.4464246, 43.5390015 ], [ 1.4463945, 43.5389637 ], [ 1.4463939, 43.5389627 ], [ 1.4463927, 43.5389605 ], [ 1.4463906, 43.5389588 ], [ 1.4463734, 43.5389443 ], [ 1.4463682, 43.5389427 ], [ 1.4463203, 43.5389284 ], [ 1.4463151, 43.5389268 ], [ 1.4463108, 43.5389276 ], [ 1.4463047, 43.5389286 ], [ 1.4463034, 43.5389308 ], [ 1.4463004, 43.5389327 ], [ 1.446298, 43.538939 ], [ 1.446296, 43.5389853 ], [ 1.4462813, 43.5390183 ], [ 1.4462454, 43.5390691 ], [ 1.4461965, 43.5391198 ], [ 1.4461925, 43.5391336 ], [ 1.4461924, 43.539134 ], [ 1.4461928, 43.5391351 ], [ 1.4461948, 43.5391454 ], [ 1.446211, 43.5391845 ], [ 1.4462036, 43.5391919 ], [ 1.4461884, 43.5391939 ], [ 1.4461355, 43.539188 ], [ 1.4461235, 43.5391907 ], [ 1.446056, 43.5392566 ], [ 1.4459051, 43.5393236 ], [ 1.4458889, 43.5393258 ], [ 1.4458752, 43.5393233 ], [ 1.4458646, 43.53932 ], [ 1.4458486, 43.5393164 ], [ 1.4458439, 43.5393178 ], [ 1.4458359, 43.5393202 ], [ 1.4457582, 43.5393523 ], [ 1.4457382, 43.5393569 ], [ 1.4455172, 43.539423 ], [ 1.4453553, 43.539464 ], [ 1.4452795, 43.5394678 ], [ 1.4452631, 43.5394724 ], [ 1.4451969, 43.5394987 ], [ 1.4451608, 43.5395122 ], [ 1.4450569, 43.5395252 ], [ 1.4450231, 43.5395306 ], [ 1.4448816, 43.5395589 ], [ 1.4447604, 43.5395488 ], [ 1.444707, 43.5395923 ], [ 1.444624, 43.5395986 ], [ 1.4445479, 43.5396217 ], [ 1.4443238, 43.5397002 ], [ 1.4439916, 43.5398452 ], [ 1.4439628, 43.5398607 ], [ 1.4438699, 43.5399811 ], [ 1.4436215, 43.5402469 ], [ 1.443472, 43.5403302 ], [ 1.4431923, 43.5405065 ], [ 1.4430901, 43.5405578 ], [ 1.4430061, 43.5406044 ], [ 1.4429064, 43.5406623 ], [ 1.4427244, 43.5407491 ], [ 1.4426747, 43.5407676 ], [ 1.4425621, 43.5408166 ], [ 1.442511, 43.5408392 ], [ 1.4423332, 43.5409009 ], [ 1.4421884, 43.5409319 ], [ 1.4419295, 43.5411059 ], [ 1.4419258, 43.5411862 ], [ 1.441933, 43.541226 ], [ 1.4419629, 43.5413052 ], [ 1.4417988, 43.5413838 ], [ 1.441794, 43.5413861 ], [ 1.4417927, 43.5413886 ], [ 1.4417913, 43.5413898 ], [ 1.4417807, 43.5414074 ], [ 1.4417662, 43.5414152 ], [ 1.4415591, 43.5414362 ], [ 1.441542, 43.5414397 ], [ 1.4415409, 43.5414399 ], [ 1.4415368, 43.5414421 ], [ 1.4415016, 43.5414585 ], [ 1.4414876, 43.5414642 ], [ 1.4413986, 43.5414709 ], [ 1.4413834, 43.541469 ], [ 1.4413692, 43.5414605 ], [ 1.4413186, 43.5414306 ], [ 1.4413179, 43.5414309 ], [ 1.4411943, 43.5414804 ], [ 1.4411793, 43.5414899 ], [ 1.4411614, 43.5415063 ], [ 1.4411212, 43.5415379 ], [ 1.4410977, 43.5415347 ], [ 1.4410413, 43.5415246 ], [ 1.4410314, 43.5415258 ], [ 1.4410228, 43.541533 ], [ 1.4409835, 43.5415743 ], [ 1.4408284, 43.5417102 ], [ 1.4407596, 43.5417582 ], [ 1.4407569, 43.5417664 ], [ 1.4407477, 43.5417947 ], [ 1.4404367, 43.541538 ], [ 1.4402169, 43.5414404 ], [ 1.4401842, 43.5414064 ], [ 1.44018, 43.5413445 ], [ 1.4402905, 43.5410932 ], [ 1.4404442, 43.5406602 ], [ 1.4409548, 43.5400222 ], [ 1.4411698, 43.5398112 ], [ 1.4415635, 43.5394949 ], [ 1.4416275, 43.5394111 ], [ 1.4418173, 43.5390387 ], [ 1.4420096, 43.5387428 ], [ 1.4426662, 43.5380137 ], [ 1.4428841, 43.5376921 ], [ 1.443063, 43.5375188 ], [ 1.4431779, 43.5374406 ], [ 1.4432005, 43.5373103 ], [ 1.4434058, 43.5370832 ], [ 1.4435851, 43.5369209 ], [ 1.443708, 43.5367274 ], [ 1.4439022, 43.5365922 ], [ 1.4440948, 43.5364071 ], [ 1.444404, 43.5361548 ], [ 1.4444546, 43.5360921 ], [ 1.4445192, 43.5359132 ], [ 1.4445772, 43.5358854 ], [ 1.4449294, 43.5355912 ], [ 1.4450159, 43.5354147 ], [ 1.4451035, 43.5350965 ], [ 1.4454335, 43.5346527 ], [ 1.4455093, 43.5345123 ], [ 1.4461431, 43.5337024 ], [ 1.446287, 43.5335805 ], [ 1.4465379, 43.5334979 ], [ 1.4466208, 43.5334074 ], [ 1.446745, 43.5333771 ], [ 1.4467746, 43.5333575 ], [ 1.446851, 43.5332078 ], [ 1.446917, 43.5331716 ], [ 1.4470438, 43.5331396 ], [ 1.4471103, 43.5331027 ], [ 1.4473412, 43.5326857 ], [ 1.4474849, 43.5325155 ], [ 1.4474352, 43.5323261 ], [ 1.4474655, 43.5322792 ], [ 1.4477546, 43.5321384 ], [ 1.4485393, 43.531406 ], [ 1.4486963, 43.5312767 ], [ 1.4489753, 43.5310823 ], [ 1.4494977, 43.5308413 ], [ 1.4496001, 43.5307621 ], [ 1.450116, 43.5302157 ], [ 1.450412, 43.5299375 ], [ 1.4507569, 43.5296518 ], [ 1.4509266, 43.529489 ], [ 1.4511409, 43.5292189 ], [ 1.4514521, 43.5287559 ], [ 1.4514658, 43.528687 ], [ 1.4514514, 43.5285426 ], [ 1.4513555, 43.5282847 ], [ 1.4513667, 43.5281353 ], [ 1.4512891, 43.5280877 ], [ 1.4511455, 43.5275383 ], [ 1.4511265, 43.5274005 ], [ 1.4511433, 43.5271886 ], [ 1.4512225, 43.5268824 ], [ 1.4513203, 43.5267329 ], [ 1.4513411, 43.5266564 ], [ 1.451341, 43.5264914 ], [ 1.4513858, 43.5262503 ], [ 1.4514849, 43.5262323 ], [ 1.451525, 43.5261985 ], [ 1.4516562, 43.5260056 ], [ 1.451972, 43.5253857 ], [ 1.4519673, 43.525224 ], [ 1.4519847, 43.5251299 ], [ 1.4521637, 43.524666 ], [ 1.4522429, 43.5245905 ], [ 1.4522581, 43.5241262 ], [ 1.4523058, 43.5239432 ], [ 1.4523925, 43.5237423 ], [ 1.4524014, 43.5236626 ], [ 1.4523256, 43.5235553 ], [ 1.4522428, 43.5233757 ], [ 1.452133, 43.5232209 ], [ 1.4521015, 43.5231207 ], [ 1.4521367, 43.5227516 ], [ 1.4521927, 43.5225026 ], [ 1.452318, 43.5222416 ], [ 1.4524624, 43.5220827 ], [ 1.4523104, 43.5220228 ], [ 1.4519587, 43.5219646 ], [ 1.4513421, 43.5218098 ], [ 1.4504802, 43.5216293 ], [ 1.4506495, 43.5213138 ], [ 1.4507283, 43.5212216 ], [ 1.4510617, 43.5209792 ], [ 1.4513558, 43.5206614 ], [ 1.4519202, 43.5198494 ], [ 1.4523164, 43.5190943 ], [ 1.45245, 43.5188889 ], [ 1.4528864, 43.518317 ], [ 1.4531904, 43.5179824 ], [ 1.4534675, 43.5177229 ], [ 1.4534487, 43.5176695 ], [ 1.4525577, 43.5179659 ], [ 1.4515555, 43.518247 ], [ 1.4512928, 43.5182998 ], [ 1.4511995, 43.5182214 ], [ 1.45084, 43.5175304 ], [ 1.4508443, 43.5175101 ], [ 1.4519113, 43.517231 ], [ 1.4515394, 43.5162054 ], [ 1.4517995, 43.5161156 ], [ 1.4518247, 43.5127172 ], [ 1.4517856, 43.5126754 ] ] ] } },
{ "type": "Feature", "properties": { "id": "relation/159003", "ID_COMM": "310148", "NOMCOM": "CLERMONT LE FORT", "Commune": "CLERMONT LE FORT", "median": 1505.5033903245285, "q1": 814.72240383177996 }, "geometry": { "type": "Polygon", "coordinates": [ [ [ 1.4196446, 43.4718084 ], [ 1.4194539, 43.4708144 ], [ 1.4191115, 43.4691196 ], [ 1.4185219, 43.466903 ], [ 1.4184918, 43.466328 ], [ 1.4185828, 43.4654709 ], [ 1.4188664, 43.4641314 ], [ 1.4188456, 43.4636384 ], [ 1.4189209, 43.4632925 ], [ 1.4184529, 43.4632816 ], [ 1.4181065, 43.4624076 ], [ 1.4178656, 43.4618811 ], [ 1.4175854, 43.4615272 ], [ 1.4174677, 43.461439 ], [ 1.4166868, 43.4609875 ], [ 1.4164903, 43.4608958 ], [ 1.4163793, 43.4608794 ], [ 1.4162664, 43.4608884 ], [ 1.4158367, 43.4609995 ], [ 1.4157224, 43.4609744 ], [ 1.4155102, 43.4608651 ], [ 1.414384, 43.4603742 ], [ 1.4143814, 43.460339 ], [ 1.414518, 43.4601093 ], [ 1.4170207, 43.454596 ], [ 1.4184637, 43.4513837 ], [ 1.4203624, 43.4472759 ], [ 1.420632, 43.446641 ], [ 1.420695, 43.44666 ], [ 1.420972, 43.44665 ], [ 1.421168, 43.446668 ], [ 1.421257, 43.44669 ], [ 1.421307, 43.446709 ], [ 1.421339, 43.446772 ], [ 1.421431, 43.44706 ], [ 1.421582, 43.447431 ], [ 1.42169, 43.447627 ], [ 1.422029, 43.448153 ], [ 1.422245, 43.44834 ], [ 1.422433, 43.448565 ], [ 1.422848, 43.448923 ], [ 1.423314, 43.449392 ], [ 1.423427, 43.449492 ], [ 1.423874, 43.449829 ], [ 1.42404, 43.449913 ], [ 1.424546, 43.449945 ], [ 1.425279, 43.450017 ], [ 1.425459, 43.450039 ], [ 1.425481, 43.450066 ], [ 1.425552, 43.450146 ], [ 1.425628, 43.450224 ], [ 1.425799, 43.450033 ], [ 1.425906, 43.449984 ], [ 1.426302, 43.44996 ], [ 1.426272, 43.44987 ], [ 1.426203, 43.44968 ], [ 1.426129, 43.44949 ], [ 1.426002, 43.449036 ], [ 1.425941, 43.448694 ], [ 1.425985, 43.448246 ], [ 1.426078, 43.447793 ], [ 1.426174, 43.447564 ], [ 1.426338, 43.447283 ], [ 1.426546, 43.447041 ], [ 1.426825, 43.446784 ], [ 1.4275029, 43.446852 ], [ 1.4339296, 43.4477797 ], [ 1.4343319, 43.4478089 ], [ 1.434784, 43.4477644 ], [ 1.434882, 43.447774 ], [ 1.4351053, 43.4478475 ], [ 1.4353253, 43.4478945 ], [ 1.4356206, 43.4479811 ], [ 1.4360752, 43.4480525 ], [ 1.4362564, 43.4480651 ], [ 1.4364356, 43.4480466 ], [ 1.4365115, 43.4480183 ], [ 1.4366901, 43.4479084 ], [ 1.4367229, 43.4478325 ], [ 1.4368047, 43.447748 ], [ 1.4369511, 43.447673 ], [ 1.4372806, 43.4476163 ], [ 1.4373753, 43.4475493 ], [ 1.4376145, 43.4474285 ], [ 1.4378714, 43.4473584 ], [ 1.4379831, 43.4473078 ], [ 1.4382549, 43.447128 ], [ 1.4384467, 43.4470593 ], [ 1.4387013, 43.4468858 ], [ 1.4390012, 43.4467352 ], [ 1.4395134, 43.4464276 ], [ 1.4396785, 43.4463648 ], [ 1.4399356, 43.446308 ], [ 1.4402871, 43.4460869 ], [ 1.4410149, 43.4456672 ], [ 1.4412927, 43.4454706 ], [ 1.4424577, 43.4448224 ], [ 1.4425352, 43.4447396 ], [ 1.4428542, 43.4442621 ], [ 1.4429832, 43.4440168 ], [ 1.4431766, 43.4434317 ], [ 1.4432813, 43.4432653 ], [ 1.4436893, 43.442865 ], [ 1.4437785, 43.4428051 ], [ 1.4439468, 43.4427371 ], [ 1.4443252, 43.4432052 ], [ 1.4444828, 43.4433366 ], [ 1.4452209, 43.4437538 ], [ 1.4456208, 43.4439302 ], [ 1.446077, 43.4441873 ], [ 1.4463072, 43.4443722 ], [ 1.4464234, 43.4444872 ], [ 1.4472802, 43.4449799 ], [ 1.4475439, 43.4451891 ], [ 1.447677, 43.4453946 ], [ 1.4500508, 43.4448816 ], [ 1.4509433, 43.4446373 ], [ 1.4508492, 43.4450407 ], [ 1.4508539, 43.4451259 ], [ 1.4510143, 43.4458191 ], [ 1.4509729, 43.4459318 ], [ 1.4508752, 43.446062 ], [ 1.451041, 43.446049 ], [ 1.4510639, 43.4460825 ], [ 1.4513767, 43.4475006 ], [ 1.4528449, 43.4478765 ], [ 1.4532929, 43.4480403 ], [ 1.4540918, 43.4484276 ], [ 1.4543504, 43.4484651 ], [ 1.4548046, 43.4484609 ], [ 1.4562981, 43.4483004 ], [ 1.4571458, 43.4480824 ], [ 1.4578747, 43.4479492 ], [ 1.4581888, 43.4479129 ], [ 1.458882, 43.4478631 ], [ 1.4599571, 43.4478257 ], [ 1.4601541, 43.4478363 ], [ 1.4621988, 43.448296 ], [ 1.4631155, 43.4484514 ], [ 1.4634049, 43.4485158 ], [ 1.4635909, 43.4485735 ], [ 1.463835, 43.4487038 ], [ 1.4641247, 43.4489257 ], [ 1.4643707, 43.4491698 ], [ 1.4645662, 43.4494022 ], [ 1.4649683, 43.4496919 ], [ 1.4654147, 43.4499244 ], [ 1.4665337, 43.4503956 ], [ 1.4678583, 43.4514407 ], [ 1.4683442, 43.4517922 ], [ 1.4686294, 43.4519574 ], [ 1.4700887, 43.4526526 ], [ 1.4702244, 43.4527389 ], [ 1.4704706, 43.4529647 ], [ 1.4706794, 43.4532027 ], [ 1.4708302, 43.4534069 ], [ 1.4709376, 43.4536109 ], [ 1.4710319, 43.4538543 ], [ 1.4712887, 43.4547218 ], [ 1.4713408, 43.4548397 ], [ 1.4716929, 43.4554462 ], [ 1.4720756, 43.4560333 ], [ 1.4722692, 43.4562383 ], [ 1.4732657, 43.4569456 ], [ 1.4735192, 43.4571023 ], [ 1.4745047, 43.4575556 ], [ 1.4746073, 43.4576209 ], [ 1.4747325, 43.4577287 ], [ 1.4749591, 43.4579564 ], [ 1.4762095, 43.459212 ], [ 1.4744904, 43.4602008 ], [ 1.472858, 43.460804 ], [ 1.4723849, 43.4611587 ], [ 1.4710251, 43.4617293 ], [ 1.4703077, 43.4618003 ], [ 1.4695987, 43.4616244 ], [ 1.4692277, 43.4615207 ], [ 1.4685984, 43.4614463 ], [ 1.4681897, 43.461304 ], [ 1.4673868, 43.461343 ], [ 1.4669428, 43.4613326 ], [ 1.467205, 43.4616999 ], [ 1.4655541, 43.4625812 ], [ 1.4640661, 43.463422 ], [ 1.4639543, 43.4635864 ], [ 1.463592, 43.463783 ], [ 1.4633346, 43.4638309 ], [ 1.462768, 43.4639636 ], [ 1.4623367, 43.4641971 ], [ 1.4620244, 43.4644939 ], [ 1.4618178, 43.4645795 ], [ 1.4611721, 43.4654346 ], [ 1.4610143, 43.4656951 ], [ 1.4607032, 43.4659046 ], [ 1.4604598, 43.4661645 ], [ 1.4604567, 43.4663764 ], [ 1.4599635, 43.4661606 ], [ 1.4595867, 43.4661827 ], [ 1.4588525, 43.4660648 ], [ 1.4583232, 43.4659859 ], [ 1.4588096, 43.4666627 ], [ 1.457286, 43.46786 ], [ 1.4565583, 43.4684651 ], [ 1.4557482, 43.4688577 ], [ 1.4552606, 43.4694272 ], [ 1.4534205, 43.4701988 ], [ 1.4531591, 43.4698598 ], [ 1.453051, 43.4695833 ], [ 1.4531331, 43.469247 ], [ 1.4531924, 43.4690228 ], [ 1.4522423, 43.4693638 ], [ 1.4519397, 43.4694785 ], [ 1.4512481, 43.4699549 ], [ 1.4507631, 43.4702724 ], [ 1.4501146, 43.4708009 ], [ 1.4489764, 43.4716519 ], [ 1.4481941, 43.4722046 ], [ 1.4479038, 43.4724147 ], [ 1.4471143, 43.4728285 ], [ 1.4466352, 43.4730723 ], [ 1.4462116, 43.4732881 ], [ 1.4456596, 43.4736384 ], [ 1.4452978, 43.4739517 ], [ 1.4451529, 43.4738859 ], [ 1.4442078, 43.4735493 ], [ 1.4435675, 43.4733236 ], [ 1.4429257, 43.4730234 ], [ 1.4426242, 43.4728179 ], [ 1.4418651, 43.472583 ], [ 1.441798, 43.4725501 ], [ 1.4417425, 43.4724845 ], [ 1.4405431, 43.4702211 ], [ 1.4404852, 43.4701427 ], [ 1.4404431, 43.4701321 ], [ 1.4402518, 43.4701729 ], [ 1.4401388, 43.4701548 ], [ 1.4400719, 43.4701025 ], [ 1.4399601, 43.4699011 ], [ 1.439852, 43.469837 ], [ 1.4397953, 43.4697361 ], [ 1.439665, 43.4696514 ], [ 1.4395072, 43.4695176 ], [ 1.4393728, 43.4694799 ], [ 1.4390686, 43.4692213 ], [ 1.438993, 43.4691341 ], [ 1.4389589, 43.4691164 ], [ 1.4389035, 43.4691157 ], [ 1.4386361, 43.4691995 ], [ 1.4384708, 43.4692267 ], [ 1.4381686, 43.469167 ], [ 1.4379532, 43.4692338 ], [ 1.4378126, 43.4691921 ], [ 1.4376128, 43.4692092 ], [ 1.43752, 43.4691781 ], [ 1.4374112, 43.4691751 ], [ 1.4373322, 43.4691456 ], [ 1.4370778, 43.4691776 ], [ 1.4370302, 43.4691706 ], [ 1.4368727, 43.469099 ], [ 1.4366299, 43.4691241 ], [ 1.4365273, 43.4691163 ], [ 1.4363063, 43.4689716 ], [ 1.4359062, 43.4689294 ], [ 1.4358147, 43.4688876 ], [ 1.435778, 43.4688865 ], [ 1.4356499, 43.468959 ], [ 1.4356091, 43.4689629 ], [ 1.4354068, 43.4689278 ], [ 1.4351907, 43.4689736 ], [ 1.4351022, 43.4689536 ], [ 1.4350234, 43.4689788 ], [ 1.4349551, 43.4689493 ], [ 1.4348526, 43.4689775 ], [ 1.4347434, 43.4690398 ], [ 1.4346507, 43.4690712 ], [ 1.4345748, 43.4690702 ], [ 1.4343549, 43.4690307 ], [ 1.4341183, 43.4690148 ], [ 1.4338198, 43.4690337 ], [ 1.4336595, 43.46906 ], [ 1.4333781, 43.4690022 ], [ 1.4331537, 43.4690381 ], [ 1.4328899, 43.4690059 ], [ 1.4327685, 43.4690123 ], [ 1.4325847, 43.4689775 ], [ 1.4322798, 43.4689712 ], [ 1.432143, 43.4689865 ], [ 1.43188, 43.4690433 ], [ 1.431803, 43.4690569 ], [ 1.4316404, 43.4689853 ], [ 1.4315556, 43.4689928 ], [ 1.4314484, 43.4690277 ], [ 1.4312476, 43.469123 ], [ 1.4311408, 43.469154 ], [ 1.4309535, 43.469146 ], [ 1.4307367, 43.4690676 ], [ 1.4304831, 43.4690613 ], [ 1.4302998, 43.4691172 ], [ 1.4302175, 43.4691299 ], [ 1.4299105, 43.4690595 ], [ 1.4298464, 43.469071 ], [ 1.4296367, 43.4691424 ], [ 1.4294924, 43.4691814 ], [ 1.429349, 43.4692266 ], [ 1.4290872, 43.4692064 ], [ 1.4288905, 43.4692503 ], [ 1.4283176, 43.4693029 ], [ 1.428033, 43.4692823 ], [ 1.4277594, 43.4692889 ], [ 1.4276645, 43.469275 ], [ 1.4275207, 43.4692099 ], [ 1.4273864, 43.4691887 ], [ 1.4271295, 43.4692089 ], [ 1.4271171, 43.4692104 ], [ 1.4267191, 43.4692955 ], [ 1.426489, 43.4693084 ], [ 1.4260282, 43.4693763 ], [ 1.4259647, 43.4694354 ], [ 1.425583, 43.4694283 ], [ 1.425429, 43.4693713 ], [ 1.4253483, 43.4693773 ], [ 1.4252174, 43.4694438 ], [ 1.4250598, 43.4694429 ], [ 1.4249806, 43.46948 ], [ 1.4247164, 43.4694706 ], [ 1.4246095, 43.4694798 ], [ 1.4243912, 43.4695863 ], [ 1.4242842, 43.4695877 ], [ 1.4240368, 43.4695266 ], [ 1.423884, 43.4695524 ], [ 1.4238114, 43.4695919 ], [ 1.4237788, 43.4696408 ], [ 1.4237442, 43.4697756 ], [ 1.4237139, 43.4698241 ], [ 1.4236555, 43.4698624 ], [ 1.423096, 43.4700215 ], [ 1.422959, 43.470154 ], [ 1.422866, 43.4701956 ], [ 1.4220434, 43.4704121 ], [ 1.4215794, 43.470661 ], [ 1.4214164, 43.4707179 ], [ 1.4212071, 43.470886 ], [ 1.4206821, 43.4712045 ], [ 1.4200943, 43.4715884 ], [ 1.4196446, 43.4718084 ] ] ] } },
{ "type": "Feature", "properties": { "id": "relation/159010", "ID_COMM": "310151", "NOMCOM": "CORRONSAC", "Commune": "CORRONSAC", "median": 738.5393966078409, "q1": 599.93663081689738 }, "geometry": { "type": "Polygon", "coordinates": [ [ [ 1.4930788, 43.456971 ], [ 1.4931184, 43.4569856 ], [ 1.4939254, 43.4575642 ], [ 1.5012488, 43.4626588 ], [ 1.5029799, 43.464168 ], [ 1.5030336, 43.46423 ], [ 1.5049624, 43.4659256 ], [ 1.5051155, 43.4660437 ], [ 1.5058605, 43.466506 ], [ 1.5060789, 43.4666739 ], [ 1.5065817, 43.4671066 ], [ 1.5070456, 43.4675617 ], [ 1.5074689, 43.4680229 ], [ 1.5076662, 43.4682807 ], [ 1.50797, 43.4687401 ], [ 1.5084287, 43.4693768 ], [ 1.5084592, 43.4694433 ], [ 1.5084444, 43.4694662 ], [ 1.5074288, 43.4698242 ], [ 1.5067981, 43.4700683 ], [ 1.5067805, 43.4700956 ], [ 1.5078705, 43.4714159 ], [ 1.5084255, 43.4722556 ], [ 1.5089197, 43.4728023 ], [ 1.5093561, 43.4733326 ], [ 1.5098441, 43.4737359 ], [ 1.5104155, 43.4741677 ], [ 1.5103568, 43.474236 ], [ 1.509935, 43.4746265 ], [ 1.50897, 43.4751658 ], [ 1.5079879, 43.4756438 ], [ 1.5064441, 43.4767327 ], [ 1.5053707, 43.477786 ], [ 1.5052628, 43.4782747 ], [ 1.5054113, 43.4787358 ], [ 1.5042509, 43.479972 ], [ 1.5041394, 43.4800189 ], [ 1.5040591, 43.4799267 ], [ 1.5031933, 43.4803091 ], [ 1.5031405, 43.4805932 ], [ 1.5031025, 43.4806976 ], [ 1.5024897, 43.4809892 ], [ 1.5020737, 43.4811368 ], [ 1.5018422, 43.4813195 ], [ 1.5015976, 43.4814028 ], [ 1.5011602, 43.4816851 ], [ 1.5001988, 43.4821744 ], [ 1.4995168, 43.4825382 ], [ 1.4993573, 43.4826203 ], [ 1.4988405, 43.4826644 ], [ 1.4984151, 43.4827871 ], [ 1.4971177, 43.4832686 ], [ 1.4959966, 43.4836823 ], [ 1.4945905, 43.4839254 ], [ 1.4940171, 43.4840074 ], [ 1.4933732, 43.484062 ], [ 1.493233, 43.4840242 ], [ 1.4923046, 43.4839962 ], [ 1.4922144, 43.4840042 ], [ 1.492204, 43.4840276 ], [ 1.4922241, 43.48411 ], [ 1.4922082, 43.4841293 ], [ 1.4913113, 43.4841276 ], [ 1.4909938, 43.484153 ], [ 1.4907134, 43.4842094 ], [ 1.4905461, 43.4841853 ], [ 1.4895401, 43.4842327 ], [ 1.4894246, 43.4842681 ], [ 1.4893258, 43.484268 ], [ 1.4891194, 43.4843154 ], [ 1.4890397, 43.4843166 ], [ 1.4887598, 43.4842224 ], [ 1.4885368, 43.4841836 ], [ 1.4884828, 43.4841608 ], [ 1.4884529, 43.4841204 ], [ 1.4884388, 43.4840272 ], [ 1.4883686, 43.4838718 ], [ 1.4883063, 43.4838047 ], [ 1.4881141, 43.483708 ], [ 1.4879651, 43.4836666 ], [ 1.4877611, 43.4836343 ], [ 1.487686, 43.4836076 ], [ 1.4876298, 43.4835054 ], [ 1.4875572, 43.4834338 ], [ 1.4873743, 43.4833229 ], [ 1.4872472, 43.4832752 ], [ 1.486831, 43.4832428 ], [ 1.4867725, 43.4832256 ], [ 1.4866063, 43.4831081 ], [ 1.4862246, 43.4830991 ], [ 1.4858093, 43.4830175 ], [ 1.4856706, 43.4830355 ], [ 1.4851831, 43.483043 ], [ 1.4850419, 43.4830604 ], [ 1.4849033, 43.4831354 ], [ 1.4847547, 43.4831453 ], [ 1.4846969, 43.4831323 ], [ 1.4845556, 43.4830219 ], [ 1.4845103, 43.4830125 ], [ 1.4844472, 43.4830418 ], [ 1.4843336, 43.4830592 ], [ 1.4842317, 43.483117 ], [ 1.4840792, 43.4831699 ], [ 1.4835249, 43.4831693 ], [ 1.4834674, 43.4831506 ], [ 1.4833627, 43.4831617 ], [ 1.4832691, 43.4831359 ], [ 1.4831177, 43.4831329 ], [ 1.4830394, 43.483028 ], [ 1.48293, 43.4830367 ], [ 1.4826061, 43.4830208 ], [ 1.4825371, 43.4829988 ], [ 1.4824186, 43.4829917 ], [ 1.4822098, 43.4830281 ], [ 1.4821147, 43.4830084 ], [ 1.4819746, 43.4828864 ], [ 1.4816986, 43.4828128 ], [ 1.4816425, 43.4828594 ], [ 1.4814338, 43.4828217 ], [ 1.4812989, 43.4828143 ], [ 1.4810803, 43.4828691 ], [ 1.48098, 43.4828681 ], [ 1.4805112, 43.4827874 ], [ 1.4804023, 43.4827331 ], [ 1.480285, 43.4827388 ], [ 1.4801951, 43.4826777 ], [ 1.4800331, 43.4826675 ], [ 1.4799873, 43.4826363 ], [ 1.479804, 43.4823275 ], [ 1.4797563, 43.4822856 ], [ 1.4796055, 43.482231 ], [ 1.4794966, 43.4821121 ], [ 1.4794032, 43.4820839 ], [ 1.4791817, 43.482088 ], [ 1.4790248, 43.4820538 ], [ 1.4787824, 43.4819391 ], [ 1.4786268, 43.481908 ], [ 1.4785605, 43.4818577 ], [ 1.4784763, 43.4816978 ], [ 1.4784161, 43.4816493 ], [ 1.478298, 43.4816313 ], [ 1.4781175, 43.4816771 ], [ 1.4778818, 43.4816942 ], [ 1.4777244, 43.4817288 ], [ 1.4773818, 43.4816339 ], [ 1.4772053, 43.4816191 ], [ 1.4771751, 43.4815951 ], [ 1.4772192, 43.4813484 ], [ 1.4772198, 43.4810986 ], [ 1.4770611, 43.4797027 ], [ 1.477009, 43.4794147 ], [ 1.4769298, 43.4791778 ], [ 1.4764366, 43.4783635 ], [ 1.4760895, 43.4776794 ], [ 1.4760588, 43.4776787 ], [ 1.4748352, 43.478107 ], [ 1.4739231, 43.4783158 ], [ 1.4729518, 43.4784417 ], [ 1.4724784, 43.4782093 ], [ 1.4716535, 43.4777385 ], [ 1.471804, 43.4776586 ], [ 1.4723129, 43.4774806 ], [ 1.4730127, 43.4770466 ], [ 1.4738584, 43.4766035 ], [ 1.4741106, 43.4764286 ], [ 1.4743277, 43.4762788 ], [ 1.4746208, 43.4761598 ], [ 1.4747959, 43.4760348 ], [ 1.4751813, 43.475765 ], [ 1.475684, 43.4755315 ], [ 1.4761938, 43.4752879 ], [ 1.4765293, 43.4751086 ], [ 1.4766138, 43.4750183 ], [ 1.4765883, 43.4749578 ], [ 1.4765732, 43.4748743 ], [ 1.4763344, 43.4746593 ], [ 1.4761913, 43.4744993 ], [ 1.475935, 43.4742378 ], [ 1.4758974, 43.4742005 ], [ 1.4757777, 43.4740552 ], [ 1.4756714, 43.4739869 ], [ 1.4755437, 43.4738893 ], [ 1.4754797, 43.4737855 ], [ 1.4754397, 43.4736647 ], [ 1.4753914, 43.4734777 ], [ 1.4753583, 43.4733768 ], [ 1.4752743, 43.4728854 ], [ 1.4752928, 43.4727485 ], [ 1.4751407, 43.4725539 ], [ 1.4749658, 43.4724035 ], [ 1.4745522, 43.4719208 ], [ 1.4744877, 43.4717914 ], [ 1.474218, 43.4716926 ], [ 1.4740319, 43.4715501 ], [ 1.4737315, 43.4712819 ], [ 1.4735267, 43.4709056 ], [ 1.4734489, 43.4705423 ], [ 1.4734457, 43.4703811 ], [ 1.4734984, 43.470176 ], [ 1.4735565, 43.4699871 ], [ 1.473597, 43.4698624 ], [ 1.4737378, 43.4695803 ], [ 1.4737433, 43.4694834 ], [ 1.4739193, 43.4693909 ], [ 1.4742515, 43.46913 ], [ 1.474608, 43.4689147 ], [ 1.4750316, 43.4686605 ], [ 1.4750784, 43.4685852 ], [ 1.4754727, 43.4683429 ], [ 1.4759965, 43.4680562 ], [ 1.4762981, 43.467898 ], [ 1.4757575, 43.4674338 ], [ 1.4750093, 43.466918 ], [ 1.4737918, 43.466025 ], [ 1.4735283, 43.4658447 ], [ 1.4722875, 43.4649324 ], [ 1.4718751, 43.4647135 ], [ 1.4712491, 43.4644061 ], [ 1.4721463, 43.4637938 ], [ 1.4725753, 43.4635222 ], [ 1.471913, 43.4630788 ], [ 1.4724287, 43.4627593 ], [ 1.4742424, 43.4615034 ], [ 1.4744256, 43.46139 ], [ 1.4753436, 43.4609796 ], [ 1.4760893, 43.4606026 ], [ 1.4769309, 43.4601916 ], [ 1.4770247, 43.4603667 ], [ 1.4772609, 43.4606536 ], [ 1.4774064, 43.4607746 ], [ 1.477698, 43.4609696 ], [ 1.4792598, 43.4618936 ], [ 1.4799283, 43.4622439 ], [ 1.4813264, 43.4621528 ], [ 1.4818089, 43.4620835 ], [ 1.482108, 43.4619979 ], [ 1.482387, 43.461888 ], [ 1.482599, 43.4618533 ], [ 1.4828122, 43.4618643 ], [ 1.4831569, 43.4619225 ], [ 1.4832721, 43.461706 ], [ 1.4832955, 43.4616152 ], [ 1.4832774, 43.4615353 ], [ 1.4842395, 43.4605796 ], [ 1.4854198, 43.4593523 ], [ 1.4863068, 43.458471 ], [ 1.4884546, 43.4597207 ], [ 1.4884795, 43.4597194 ], [ 1.4905955, 43.4584469 ], [ 1.4917748, 43.4577716 ], [ 1.4930788, 43.456971 ] ] ] } },
{ "type": "Feature", "properties": { "id": "relation/160882", "ID_COMM": "310402", "NOMCOM": "ODARS", "Commune": "ODARS", "median": 1485.6782251400873, "q1": 868.54250389710069 }, "geometry": { "type": "Polygon", "coordinates": [ [ [ 1.5991382, 43.5043069 ], [ 1.599147, 43.5044026 ], [ 1.6003469, 43.5060102 ], [ 1.6009296, 43.5066473 ], [ 1.6022198, 43.5077925 ], [ 1.6023795, 43.5077049 ], [ 1.6039953, 43.5087634 ], [ 1.6042431, 43.5086544 ], [ 1.6045222, 43.5084868 ], [ 1.6045493, 43.5085065 ], [ 1.6059163, 43.5098201 ], [ 1.6057409, 43.5099299 ], [ 1.6063688, 43.5106732 ], [ 1.6064707, 43.5107843 ], [ 1.6074993, 43.5119064 ], [ 1.6079507, 43.5124951 ], [ 1.608034, 43.5126835 ], [ 1.6080849, 43.5126939 ], [ 1.6083717, 43.5126606 ], [ 1.608527, 43.5126761 ], [ 1.6091816, 43.5129215 ], [ 1.6097639, 43.5130705 ], [ 1.6098264, 43.5131259 ], [ 1.6098835, 43.5132348 ], [ 1.6098906, 43.513347 ], [ 1.6096901, 43.5137128 ], [ 1.6096293, 43.5137723 ], [ 1.6092271, 43.5145255 ], [ 1.6089996, 43.5148756 ], [ 1.6089825, 43.514945 ], [ 1.6090474, 43.5150228 ], [ 1.6090464, 43.5152334 ], [ 1.6090034, 43.5153829 ], [ 1.6088538, 43.5155837 ], [ 1.6087756, 43.5157659 ], [ 1.6085942, 43.5159551 ], [ 1.6083282, 43.5166211 ], [ 1.6081766, 43.5167462 ], [ 1.6080156, 43.5169189 ], [ 1.6078878, 43.5171915 ], [ 1.6076865, 43.517521 ], [ 1.6076113, 43.5176809 ], [ 1.6075025, 43.5180102 ], [ 1.6073777, 43.518197 ], [ 1.6075146, 43.5188032 ], [ 1.6074969, 43.5189302 ], [ 1.6075468, 43.5190394 ], [ 1.6075519, 43.5191559 ], [ 1.6075867, 43.5192234 ], [ 1.6078435, 43.5194612 ], [ 1.6079241, 43.5195588 ], [ 1.6079236, 43.5197244 ], [ 1.6079561, 43.5197996 ], [ 1.6080618, 43.5198711 ], [ 1.6083093, 43.5198437 ], [ 1.6083246, 43.5198719 ], [ 1.6083466, 43.5199149 ], [ 1.6084735, 43.520026 ], [ 1.6083951, 43.5201294 ], [ 1.6083831, 43.5203112 ], [ 1.6082102, 43.5207491 ], [ 1.608231, 43.5207768 ], [ 1.6084434, 43.5208931 ], [ 1.6106818, 43.5223827 ], [ 1.6106378, 43.5224335 ], [ 1.6101064, 43.5228009 ], [ 1.6097728, 43.5229596 ], [ 1.6096384, 43.5231415 ], [ 1.6094885, 43.5232521 ], [ 1.6092864, 43.5233569 ], [ 1.608923, 43.5236771 ], [ 1.6087539, 43.5237906 ], [ 1.6083917, 43.5239075 ], [ 1.6082131, 43.5240074 ], [ 1.6078056, 43.5241356 ], [ 1.6072744, 43.5243617 ], [ 1.6069539, 43.5244642 ], [ 1.606768, 43.5245627 ], [ 1.6065204, 43.5247575 ], [ 1.6064212, 43.5248029 ], [ 1.6060955, 43.5248183 ], [ 1.6059131, 43.5248498 ], [ 1.6058061, 43.5248856 ], [ 1.6054792, 43.5250635 ], [ 1.605355, 43.5251064 ], [ 1.6051464, 43.5251395 ], [ 1.6048794, 43.5252196 ], [ 1.6045385, 43.5253913 ], [ 1.6042306, 43.5255026 ], [ 1.602342, 43.5263241 ], [ 1.6018027, 43.5266358 ], [ 1.6008893, 43.5270841 ], [ 1.6005139, 43.5273371 ], [ 1.6003609, 43.5274133 ], [ 1.5999947, 43.5275545 ], [ 1.5994632, 43.5278038 ], [ 1.5992632, 43.5279197 ], [ 1.5988904, 43.528069 ], [ 1.5985922, 43.5282923 ], [ 1.5982869, 43.5284103 ], [ 1.5980174, 43.5286277 ], [ 1.5971233, 43.5292111 ], [ 1.596193, 43.5298678 ], [ 1.5956017, 43.5303425 ], [ 1.5944658, 43.5313724 ], [ 1.594112, 43.5316538 ], [ 1.5938944, 43.5318438 ], [ 1.5940079, 43.5319325 ], [ 1.5941458, 43.5320307 ], [ 1.5943321, 43.53223 ], [ 1.5945458, 43.5324222 ], [ 1.5947247, 43.5327421 ], [ 1.5948509, 43.5329393 ], [ 1.5949159, 43.53302 ], [ 1.5950232, 43.5331386 ], [ 1.5952592, 43.5333618 ], [ 1.5953216, 43.5333394 ], [ 1.5954188, 43.53332 ], [ 1.5956233, 43.5332952 ], [ 1.5969347, 43.5334965 ], [ 1.5972932, 43.5335735 ], [ 1.5984446, 43.5338705 ], [ 1.5993082, 43.5341458 ], [ 1.5995099, 43.534187 ], [ 1.5996848, 43.5342502 ], [ 1.5999111, 43.5343623 ], [ 1.6000244, 43.5344441 ], [ 1.6004025, 43.5346505 ], [ 1.6005304, 43.5346871 ], [ 1.6009252, 43.5347126 ], [ 1.6010414, 43.5346833 ], [ 1.6012602, 43.5346912 ], [ 1.6014746, 43.5346425 ], [ 1.6016349, 43.5346547 ], [ 1.602379, 43.5344529 ], [ 1.6025045, 43.5344028 ], [ 1.602736, 43.5343389 ], [ 1.6027816, 43.5343391 ], [ 1.6029585, 43.5346366 ], [ 1.6030817, 43.5349231 ], [ 1.6032666, 43.5354587 ], [ 1.6034222, 43.5358432 ], [ 1.603626, 43.5362678 ], [ 1.6038765, 43.5364814 ], [ 1.6032913, 43.5366622 ], [ 1.6032285, 43.5366936 ], [ 1.6030478, 43.5368884 ], [ 1.60244, 43.5371647 ], [ 1.6024453, 43.5371967 ], [ 1.6036291, 43.5385483 ], [ 1.6036277, 43.5385885 ], [ 1.6033843, 43.5388609 ], [ 1.6031484, 43.5390235 ], [ 1.6026711, 43.5393269 ], [ 1.6024166, 43.5394878 ], [ 1.6020271, 43.5397944 ], [ 1.6019332, 43.5398148 ], [ 1.601456, 43.5401728 ], [ 1.6011868, 43.5403983 ], [ 1.6007353, 43.5406745 ], [ 1.6007186, 43.5406992 ], [ 1.6007038, 43.5407275 ], [ 1.6005994, 43.5407938 ], [ 1.60028, 43.5409637 ], [ 1.6000791, 43.5410746 ], [ 1.5998174, 43.5412692 ], [ 1.5996176, 43.5414278 ], [ 1.5994771, 43.5415749 ], [ 1.5993797, 43.5417335 ], [ 1.5992139, 43.5418705 ], [ 1.5990239, 43.5419631 ], [ 1.5988347, 43.542047 ], [ 1.5987258, 43.5420835 ], [ 1.5984265, 43.5422139 ], [ 1.5979929, 43.5424369 ], [ 1.5964841, 43.5409931 ], [ 1.5959909, 43.5411104 ], [ 1.5953099, 43.5411604 ], [ 1.5941338, 43.5412018 ], [ 1.5933647, 43.5412664 ], [ 1.5932714, 43.5412667 ], [ 1.5925155, 43.5413813 ], [ 1.5921151, 43.5410033 ], [ 1.5913888, 43.5402602 ], [ 1.5910371, 43.5399719 ], [ 1.5905731, 43.5395317 ], [ 1.5904535, 43.5394772 ], [ 1.5900628, 43.5393839 ], [ 1.58963, 43.5392519 ], [ 1.5892564, 43.5391131 ], [ 1.5889787, 43.5389892 ], [ 1.5885031, 43.5387307 ], [ 1.5883087, 43.5385608 ], [ 1.5876992, 43.5381125 ], [ 1.5873921, 43.5378937 ], [ 1.5872337, 43.5378188 ], [ 1.5867675, 43.5374789 ], [ 1.5864478, 43.5372605 ], [ 1.5863726, 43.5372269 ], [ 1.5863344, 43.5372165 ], [ 1.5862514, 43.5371843 ], [ 1.5862489, 43.5371447 ], [ 1.5863783, 43.5370956 ], [ 1.5863788, 43.5370714 ], [ 1.5855421, 43.5363711 ], [ 1.5855119, 43.5363239 ], [ 1.5858818, 43.5359114 ], [ 1.5858124, 43.5358233 ], [ 1.585668, 43.5357363 ], [ 1.5856164, 43.5356814 ], [ 1.5856284, 43.5356352 ], [ 1.5857185, 43.53552 ], [ 1.5857647, 43.5354591 ], [ 1.5857412, 43.5353399 ], [ 1.5857252, 43.5349809 ], [ 1.5857079, 43.534731 ], [ 1.5856683, 43.5346266 ], [ 1.5855447, 43.5345149 ], [ 1.5853235, 43.5343844 ], [ 1.5851315, 43.5342906 ], [ 1.5849344, 43.534056 ], [ 1.5849459, 43.5338593 ], [ 1.5849309, 43.5337914 ], [ 1.5847893, 43.5336565 ], [ 1.5846997, 43.533555 ], [ 1.5846017, 43.5334254 ], [ 1.5845275, 43.5333273 ], [ 1.584391, 43.5331577 ], [ 1.584227, 43.5329978 ], [ 1.5841585, 43.5328452 ], [ 1.5841329, 43.5327144 ], [ 1.5841435, 43.5325888 ], [ 1.5841742, 43.5324963 ], [ 1.584202, 43.5324552 ], [ 1.5842454, 43.5323803 ], [ 1.5843532, 43.5321866 ], [ 1.5845995, 43.531864 ], [ 1.5846558, 43.5317172 ], [ 1.5847591, 43.5316229 ], [ 1.5847188, 43.5315616 ], [ 1.5843423, 43.5314274 ], [ 1.5841761, 43.5312642 ], [ 1.5840329, 43.531078 ], [ 1.5839591, 43.5309882 ], [ 1.5837314, 43.5306543 ], [ 1.5836713, 43.5305563 ], [ 1.5833833, 43.5303146 ], [ 1.5830397, 43.5299831 ], [ 1.5828891, 43.5298482 ], [ 1.5827611, 43.5297233 ], [ 1.582603, 43.5298231 ], [ 1.5825598, 43.5298261 ], [ 1.5822678, 43.5295496 ], [ 1.5817611, 43.5291741 ], [ 1.5815032, 43.5288896 ], [ 1.5813708, 43.5287548 ], [ 1.581301, 43.5287047 ], [ 1.5812601, 43.5286831 ], [ 1.5816195, 43.5283743 ], [ 1.5818314, 43.5281877 ], [ 1.5820373, 43.5280034 ], [ 1.5819712, 43.5279592 ], [ 1.5802572, 43.5262066 ], [ 1.5802162, 43.5261554 ], [ 1.5802374, 43.5260903 ], [ 1.5802446, 43.5260681 ], [ 1.5802934, 43.5260147 ], [ 1.5804209, 43.5259415 ], [ 1.5803033, 43.5258914 ], [ 1.5802003, 43.5257598 ], [ 1.5800457, 43.5253667 ], [ 1.5800145, 43.5250997 ], [ 1.5800607, 43.5248412 ], [ 1.5800576, 43.5246278 ], [ 1.5800235, 43.5244688 ], [ 1.579504, 43.5234792 ], [ 1.5794983, 43.5234683 ], [ 1.5790336, 43.5234402 ], [ 1.5787025, 43.5234202 ], [ 1.5784936, 43.5233941 ], [ 1.5778887, 43.5232698 ], [ 1.577703, 43.5231859 ], [ 1.5759098, 43.522244 ], [ 1.5752337, 43.5219964 ], [ 1.5750262, 43.5218369 ], [ 1.574073, 43.5208939 ], [ 1.5738333, 43.52063 ], [ 1.5734304, 43.5202896 ], [ 1.5730164, 43.5197002 ], [ 1.5730488, 43.5196823 ], [ 1.5731514, 43.5196527 ], [ 1.5731966, 43.5196497 ], [ 1.5733195, 43.5197015 ], [ 1.5734841, 43.5197159 ], [ 1.5736637, 43.5195719 ], [ 1.5739657, 43.5194866 ], [ 1.5741347, 43.5194721 ], [ 1.5744155, 43.5193836 ], [ 1.5747393, 43.519255 ], [ 1.5749553, 43.5192128 ], [ 1.5752409, 43.519231 ], [ 1.5753436, 43.5192098 ], [ 1.5755621, 43.5191193 ], [ 1.5758547, 43.5189233 ], [ 1.5761125, 43.5188385 ], [ 1.5763865, 43.5187707 ], [ 1.5764231, 43.5187468 ], [ 1.5765209, 43.5184773 ], [ 1.5765541, 43.5182559 ], [ 1.5766131, 43.5181826 ], [ 1.5767834, 43.5181046 ], [ 1.5771686, 43.5178909 ], [ 1.5773953, 43.5177159 ], [ 1.5778055, 43.5172405 ], [ 1.57792, 43.5171696 ], [ 1.578846, 43.5167161 ], [ 1.5789067, 43.5167248 ], [ 1.578973, 43.5167131 ], [ 1.5792574, 43.5165947 ], [ 1.5795472, 43.5164149 ], [ 1.5791907, 43.5158191 ], [ 1.5806807, 43.5153557 ], [ 1.5806388, 43.5152626 ], [ 1.5818067, 43.5147937 ], [ 1.5813638, 43.5141327 ], [ 1.5810041, 43.513596 ], [ 1.5810176, 43.5135809 ], [ 1.5812649, 43.5135016 ], [ 1.5807368, 43.5125416 ], [ 1.5817257, 43.5121016 ], [ 1.5818146, 43.512062 ], [ 1.5815322, 43.5115604 ], [ 1.5818894, 43.5114461 ], [ 1.5823023, 43.5113048 ], [ 1.5829978, 43.5110137 ], [ 1.5833187, 43.5109293 ], [ 1.5835739, 43.5108339 ], [ 1.5840334, 43.5106609 ], [ 1.5849602, 43.5102803 ], [ 1.5859812, 43.5099823 ], [ 1.5864533, 43.5098151 ], [ 1.5870101, 43.5095881 ], [ 1.5886387, 43.5088343 ], [ 1.5907828, 43.5078165 ], [ 1.5920915, 43.5071608 ], [ 1.5925653, 43.5069218 ], [ 1.5930405, 43.5066873 ], [ 1.5931277, 43.5066339 ], [ 1.5932044, 43.5065903 ], [ 1.5936157, 43.5063782 ], [ 1.5935958, 43.5063151 ], [ 1.5937574, 43.506323 ], [ 1.5940204, 43.5062173 ], [ 1.594243, 43.5061122 ], [ 1.5946358, 43.5059169 ], [ 1.5950184, 43.5057362 ], [ 1.5966325, 43.5051707 ], [ 1.597466, 43.5048807 ], [ 1.5989394, 43.5043851 ], [ 1.5991382, 43.5043069 ] ] ] } },
{ "type": "Feature", "properties": { "id": "relation/160885", "ID_COMM": "310057", "NOMCOM": "BELBERAUD", "Commune": "BELBERAUD", "median": 779.29820383278275, "q1": 642.50313030937468 }, "geometry": { "type": "Polygon", "coordinates": [ [ [ 1.5427714, 43.506204 ], [ 1.5431996, 43.5050627 ], [ 1.5435216, 43.5041092 ], [ 1.5440418, 43.5030845 ], [ 1.5447064, 43.501644 ], [ 1.5451583, 43.5006241 ], [ 1.5454064, 43.5000992 ], [ 1.5454198, 43.50007 ], [ 1.5484021, 43.4935693 ], [ 1.549161, 43.4918532 ], [ 1.5502049, 43.4894046 ], [ 1.5559088, 43.4933778 ], [ 1.5609855, 43.4960097 ], [ 1.5610889, 43.4960829 ], [ 1.5612645, 43.4962446 ], [ 1.561407, 43.4964395 ], [ 1.5621489, 43.4972512 ], [ 1.5623215, 43.4973748 ], [ 1.5643511, 43.4973672 ], [ 1.5667731, 43.4973182 ], [ 1.5668938, 43.4972743 ], [ 1.5691467, 43.4962261 ], [ 1.5696127, 43.4960121 ], [ 1.5697471, 43.4959505 ], [ 1.5708974, 43.4957261 ], [ 1.5709316, 43.4957133 ], [ 1.5709523, 43.4957321 ], [ 1.5709975, 43.4957059 ], [ 1.5710639, 43.4957001 ], [ 1.5717849, 43.4956188 ], [ 1.5734946, 43.4954605 ], [ 1.5738552, 43.4954354 ], [ 1.5741212, 43.4954165 ], [ 1.5778455, 43.4952976 ], [ 1.5793909, 43.4952341 ], [ 1.5856868, 43.4950295 ], [ 1.5857389, 43.4950328 ], [ 1.5893939, 43.4949108 ], [ 1.5901456, 43.4949008 ], [ 1.5904249, 43.4953249 ], [ 1.5909882, 43.4950541 ], [ 1.5913583, 43.495341 ], [ 1.5933983, 43.4969324 ], [ 1.5950042, 43.4978377 ], [ 1.5952363, 43.4979106 ], [ 1.5953744, 43.4979638 ], [ 1.5964308, 43.4969562 ], [ 1.5967796, 43.498447 ], [ 1.5967861, 43.498478 ], [ 1.5972972, 43.5005057 ], [ 1.5973547, 43.5007842 ], [ 1.5974243, 43.5010029 ], [ 1.5985689, 43.5035066 ], [ 1.5991017, 43.5042272 ], [ 1.5991382, 43.5043069 ], [ 1.5989394, 43.5043851 ], [ 1.597466, 43.5048807 ], [ 1.5966325, 43.5051707 ], [ 1.5950184, 43.5057362 ], [ 1.5946358, 43.5059169 ], [ 1.594243, 43.5061122 ], [ 1.5940204, 43.5062173 ], [ 1.5937574, 43.506323 ], [ 1.5935958, 43.5063151 ], [ 1.5936157, 43.5063782 ], [ 1.5932044, 43.5065903 ], [ 1.5931277, 43.5066339 ], [ 1.5930405, 43.5066873 ], [ 1.5925653, 43.5069218 ], [ 1.5920915, 43.5071608 ], [ 1.5907828, 43.5078165 ], [ 1.5886387, 43.5088343 ], [ 1.5870101, 43.5095881 ], [ 1.5864533, 43.5098151 ], [ 1.5859812, 43.5099823 ], [ 1.5849602, 43.5102803 ], [ 1.5840334, 43.5106609 ], [ 1.5835739, 43.5108339 ], [ 1.5833187, 43.5109293 ], [ 1.5829978, 43.5110137 ], [ 1.5823023, 43.5113048 ], [ 1.5818894, 43.5114461 ], [ 1.5815322, 43.5115604 ], [ 1.5818146, 43.512062 ], [ 1.5817257, 43.5121016 ], [ 1.5807368, 43.5125416 ], [ 1.5812649, 43.5135016 ], [ 1.5810176, 43.5135809 ], [ 1.5810041, 43.513596 ], [ 1.5813638, 43.5141327 ], [ 1.5818067, 43.5147937 ], [ 1.5806388, 43.5152626 ], [ 1.5806807, 43.5153557 ], [ 1.5791907, 43.5158191 ], [ 1.5795472, 43.5164149 ], [ 1.5792574, 43.5165947 ], [ 1.578973, 43.5167131 ], [ 1.5789067, 43.5167248 ], [ 1.578846, 43.5167161 ], [ 1.57792, 43.5171696 ], [ 1.5778055, 43.5172405 ], [ 1.5773953, 43.5177159 ], [ 1.5771686, 43.5178909 ], [ 1.5767834, 43.5181046 ], [ 1.5766131, 43.5181826 ], [ 1.5765541, 43.5182559 ], [ 1.5765209, 43.5184773 ], [ 1.5764231, 43.5187468 ], [ 1.5763865, 43.5187707 ], [ 1.5761125, 43.5188385 ], [ 1.5758547, 43.5189233 ], [ 1.5755621, 43.5191193 ], [ 1.5753436, 43.5192098 ], [ 1.5752409, 43.519231 ], [ 1.5749553, 43.5192128 ], [ 1.5747393, 43.519255 ], [ 1.5744155, 43.5193836 ], [ 1.5741347, 43.5194721 ], [ 1.5739657, 43.5194866 ], [ 1.5738134, 43.5192655 ], [ 1.5734743, 43.5184959 ], [ 1.5732566, 43.517983 ], [ 1.572633, 43.5181411 ], [ 1.5720963, 43.5172049 ], [ 1.5711212, 43.5156506 ], [ 1.5709582, 43.515473 ], [ 1.5707202, 43.5152483 ], [ 1.5705711, 43.5151076 ], [ 1.569681, 43.5139537 ], [ 1.5695211, 43.5136548 ], [ 1.569489, 43.5135386 ], [ 1.5694498, 43.5135496 ], [ 1.5677386, 43.5141263 ], [ 1.5674053, 43.5138563 ], [ 1.5649674, 43.5119232 ], [ 1.5642754, 43.5123527 ], [ 1.5637179, 43.5118502 ], [ 1.5637698, 43.5117807 ], [ 1.5640612, 43.5113266 ], [ 1.5642052, 43.5110139 ], [ 1.5641888, 43.5109114 ], [ 1.5641282, 43.5108193 ], [ 1.5640839, 43.5107922 ], [ 1.5639634, 43.5107631 ], [ 1.5638311, 43.5107275 ], [ 1.5636973, 43.5107638 ], [ 1.5635327, 43.5107728 ], [ 1.5633178, 43.5108698 ], [ 1.5625707, 43.5111937 ], [ 1.5620729, 43.511393 ], [ 1.5613808, 43.5116346 ], [ 1.560814, 43.511805 ], [ 1.5605975, 43.5113307 ], [ 1.5601865, 43.5104441 ], [ 1.559905, 43.5104659 ], [ 1.5597192, 43.5104198 ], [ 1.5575283, 43.5096107 ], [ 1.5565925, 43.5092671 ], [ 1.5563029, 43.5091758 ], [ 1.5562511, 43.5091518 ], [ 1.5565141, 43.5088418 ], [ 1.5566902, 43.5085589 ], [ 1.5567246, 43.5084809 ], [ 1.55662, 43.5084835 ], [ 1.5564902, 43.5084929 ], [ 1.5562487, 43.5085642 ], [ 1.5557581, 43.5086546 ], [ 1.5554809, 43.5087211 ], [ 1.5552941, 43.5088049 ], [ 1.5548791, 43.5088464 ], [ 1.5546758, 43.5088073 ], [ 1.5543888, 43.5088688 ], [ 1.5541331, 43.5088177 ], [ 1.5538774, 43.5088412 ], [ 1.5532192, 43.5087694 ], [ 1.5531365, 43.5087229 ], [ 1.5528295, 43.5084637 ], [ 1.5525537, 43.5083217 ], [ 1.5520132, 43.5075808 ], [ 1.5516461, 43.5073411 ], [ 1.5504145, 43.5073447 ], [ 1.5499884, 43.5073597 ], [ 1.5484842, 43.5074631 ], [ 1.5464408, 43.5075963 ], [ 1.5436085, 43.5065473 ], [ 1.5435852, 43.5065076 ], [ 1.5428553, 43.506225 ], [ 1.5427714, 43.506204 ] ] ] } },
{ "type": "Feature", "properties": { "id": "relation/160886", "ID_COMM": "310384", "NOMCOM": "MONTLAUR", "Commune": "MONTLAUR", "median": 661.21430617617443, "q1": 507.2889409342315 }, "geometry": { "type": "Polygon", "coordinates": [ [ [ 1.5648417, 43.4764525 ], [ 1.5648647, 43.4763318 ], [ 1.5651844, 43.4759296 ], [ 1.5654314, 43.4757651 ], [ 1.5657156, 43.4756246 ], [ 1.5658825, 43.4755664 ], [ 1.5661484, 43.475507 ], [ 1.5662597, 43.4754415 ], [ 1.56629, 43.4753725 ], [ 1.5662816, 43.4753306 ], [ 1.5662176, 43.4752585 ], [ 1.5661109, 43.475206 ], [ 1.5656539, 43.4750923 ], [ 1.5655835, 43.4750417 ], [ 1.5655525, 43.4749799 ], [ 1.5655821, 43.4746485 ], [ 1.5656022, 43.474607 ], [ 1.5656614, 43.4745769 ], [ 1.5657368, 43.4745752 ], [ 1.5659528, 43.4746156 ], [ 1.5661064, 43.4745975 ], [ 1.5662367, 43.4745264 ], [ 1.5662355, 43.4744612 ], [ 1.5661967, 43.4744126 ], [ 1.5659923, 43.4742738 ], [ 1.5659398, 43.4742145 ], [ 1.5659318, 43.4741332 ], [ 1.566026, 43.473885 ], [ 1.5660528, 43.4737354 ], [ 1.566083, 43.4736906 ], [ 1.5662608, 43.4735986 ], [ 1.5662989, 43.4735618 ], [ 1.5663822, 43.4733885 ], [ 1.566668, 43.4731014 ], [ 1.5667885, 43.4729 ], [ 1.5667943, 43.4728605 ], [ 1.5667425, 43.4728062 ], [ 1.5665119, 43.4726827 ], [ 1.5664252, 43.4726164 ], [ 1.5663668, 43.4725412 ], [ 1.5663583, 43.4724609 ], [ 1.5663797, 43.47242 ], [ 1.5664704, 43.4723599 ], [ 1.5665218, 43.4723476 ], [ 1.5666287, 43.472356 ], [ 1.5670195, 43.4725266 ], [ 1.5672174, 43.472574 ], [ 1.5672941, 43.4725495 ], [ 1.5673213, 43.4725092 ], [ 1.5673154, 43.4724657 ], [ 1.5671984, 43.472287 ], [ 1.5671728, 43.4720791 ], [ 1.5671355, 43.4720253 ], [ 1.5670335, 43.4719656 ], [ 1.5668746, 43.4719146 ], [ 1.5667709, 43.4718584 ], [ 1.5667386, 43.4718114 ], [ 1.5667307, 43.4716844 ], [ 1.5667551, 43.4716254 ], [ 1.5667984, 43.4715836 ], [ 1.5668725, 43.4715664 ], [ 1.5669433, 43.4715852 ], [ 1.5671501, 43.4717285 ], [ 1.5672403, 43.4717606 ], [ 1.5673076, 43.47176 ], [ 1.5674374, 43.4717138 ], [ 1.5676697, 43.4715375 ], [ 1.5677576, 43.4715157 ], [ 1.5678022, 43.4715216 ], [ 1.5678756, 43.4715673 ], [ 1.5680518, 43.4718269 ], [ 1.568187, 43.4719395 ], [ 1.5683158, 43.4719949 ], [ 1.5684534, 43.4720199 ], [ 1.5685137, 43.4720166 ], [ 1.5685616, 43.4719761 ], [ 1.5685619, 43.4719309 ], [ 1.568511, 43.4718594 ], [ 1.5685007, 43.4717362 ], [ 1.5685439, 43.4716375 ], [ 1.5686652, 43.4715459 ], [ 1.5689819, 43.4713725 ], [ 1.569116, 43.471255 ], [ 1.5692097, 43.4712229 ], [ 1.5694777, 43.4712479 ], [ 1.5698685, 43.4712252 ], [ 1.5700966, 43.4712391 ], [ 1.570225, 43.4712036 ], [ 1.5704098, 43.4710528 ], [ 1.5706121, 43.4707618 ], [ 1.5706967, 43.4707048 ], [ 1.5707832, 43.4706966 ], [ 1.570925, 43.4707101 ], [ 1.5710411, 43.4707502 ], [ 1.5712381, 43.4709205 ], [ 1.5713294, 43.4709667 ], [ 1.5714347, 43.470966 ], [ 1.5715382, 43.4709089 ], [ 1.5715673, 43.4708538 ], [ 1.5715541, 43.4708 ], [ 1.5714571, 43.4706681 ], [ 1.5714184, 43.4705307 ], [ 1.5714148, 43.4703861 ], [ 1.5714399, 43.4703038 ], [ 1.5715256, 43.4701584 ], [ 1.5716617, 43.4700329 ], [ 1.5717732, 43.4699924 ], [ 1.5718725, 43.4700004 ], [ 1.5720319, 43.4700471 ], [ 1.5724835, 43.4702344 ], [ 1.5725571, 43.4703293 ], [ 1.5725405, 43.4704015 ], [ 1.5723897, 43.470553 ], [ 1.5723821, 43.4706227 ], [ 1.5724454, 43.4706927 ], [ 1.5725537, 43.4707304 ], [ 1.5726571, 43.4707227 ], [ 1.5729321, 43.4705832 ], [ 1.5729681, 43.4705546 ], [ 1.5732503, 43.4704766 ], [ 1.5733511, 43.4704571 ], [ 1.5735307, 43.4704354 ], [ 1.5736824, 43.4703991 ], [ 1.5737877, 43.4703849 ], [ 1.5739036, 43.4703778 ], [ 1.5742044, 43.4703488 ], [ 1.5744207, 43.4703034 ], [ 1.5745282, 43.4702515 ], [ 1.5747148, 43.4701148 ], [ 1.5747853, 43.470088 ], [ 1.5748766, 43.4700918 ], [ 1.5749348, 43.4701139 ], [ 1.5749747, 43.4701492 ], [ 1.5749895, 43.4701945 ], [ 1.5749573, 43.4702676 ], [ 1.574793, 43.4704217 ], [ 1.5747592, 43.4705079 ], [ 1.5747865, 43.4705834 ], [ 1.5748606, 43.4706353 ], [ 1.5750739, 43.4706829 ], [ 1.5753722, 43.4706744 ], [ 1.5755705, 43.4706417 ], [ 1.5756578, 43.4706135 ], [ 1.576066, 43.4703934 ], [ 1.5768295, 43.4701287 ], [ 1.5769311, 43.4700706 ], [ 1.5769614, 43.4700267 ], [ 1.5769793, 43.4698377 ], [ 1.5770629, 43.4697581 ], [ 1.5771775, 43.4696991 ], [ 1.5772306, 43.4696886 ], [ 1.577316, 43.469721 ], [ 1.5773603, 43.4697915 ], [ 1.577388, 43.469901 ], [ 1.5773965, 43.4700942 ], [ 1.5774373, 43.4701425 ], [ 1.5775525, 43.4701669 ], [ 1.5776074, 43.4701494 ], [ 1.5778584, 43.4699751 ], [ 1.5779734, 43.4699596 ], [ 1.5780217, 43.4699757 ], [ 1.5787275, 43.4699254 ], [ 1.5789446, 43.4698687 ], [ 1.5792273, 43.4698214 ], [ 1.57942, 43.4697589 ], [ 1.5802924, 43.4695696 ], [ 1.5804265, 43.4695098 ], [ 1.5804487, 43.4694681 ], [ 1.5804317, 43.4693675 ], [ 1.5804415, 43.4693035 ], [ 1.5804842, 43.4692478 ], [ 1.5805428, 43.4692169 ], [ 1.5807005, 43.4691845 ], [ 1.5809705, 43.4691846 ], [ 1.5829395, 43.4717803 ], [ 1.5838738, 43.4729418 ], [ 1.5850775, 43.4730529 ], [ 1.585253, 43.473053 ], [ 1.5895086, 43.4733958 ], [ 1.5896481, 43.4733052 ], [ 1.5896854, 43.4733036 ], [ 1.5897185, 43.4733237 ], [ 1.58999, 43.4735734 ], [ 1.5901624, 43.4737232 ], [ 1.5902179, 43.4737545 ], [ 1.5910956, 43.4731646 ], [ 1.5911805, 43.4731264 ], [ 1.5929727, 43.4717285 ], [ 1.5939602, 43.4726501 ], [ 1.5941818, 43.4727714 ], [ 1.5948561, 43.4730343 ], [ 1.595292, 43.4731695 ], [ 1.5971818, 43.4736445 ], [ 1.597299, 43.4736521 ], [ 1.5976984, 43.4736173 ], [ 1.597815, 43.4736407 ], [ 1.5979131, 43.473728 ], [ 1.598142, 43.4740653 ], [ 1.5984075, 43.4744086 ], [ 1.5985604, 43.4745568 ], [ 1.5988118, 43.474715 ], [ 1.5990759, 43.4748217 ], [ 1.5991012, 43.4749983 ], [ 1.5994037, 43.475859 ], [ 1.5994797, 43.4760399 ], [ 1.5995555, 43.4762204 ], [ 1.5996048, 43.4762756 ], [ 1.600112, 43.4766764 ], [ 1.6008662, 43.4774155 ], [ 1.6010106, 43.4775788 ], [ 1.6014202, 43.4781339 ], [ 1.6017984, 43.4785487 ], [ 1.6024312, 43.4791837 ], [ 1.6025461, 43.479299 ], [ 1.6032293, 43.4802455 ], [ 1.6032475, 43.4802834 ], [ 1.6032949, 43.4803363 ], [ 1.6040616, 43.4814443 ], [ 1.6048743, 43.4821498 ], [ 1.6068373, 43.48385 ], [ 1.6073781, 43.48451 ], [ 1.6075759, 43.4847211 ], [ 1.6077979, 43.4850476 ], [ 1.6089135, 43.4866918 ], [ 1.6090001, 43.4868238 ], [ 1.609127, 43.4869732 ], [ 1.6092569, 43.4871815 ], [ 1.6093509, 43.4872841 ], [ 1.609591, 43.4873838 ], [ 1.6096475, 43.4874247 ], [ 1.6097056, 43.4875153 ], [ 1.6097745, 43.487786 ], [ 1.6097703, 43.4878327 ], [ 1.6094991, 43.4879261 ], [ 1.6094294, 43.4879335 ], [ 1.6086351, 43.4879013 ], [ 1.6085755, 43.4879848 ], [ 1.6084882, 43.4881071 ], [ 1.6079683, 43.4888308 ], [ 1.6075967, 43.4892993 ], [ 1.6074396, 43.4893909 ], [ 1.6073834, 43.4894519 ], [ 1.6067928, 43.4898592 ], [ 1.6062845, 43.4902566 ], [ 1.60609, 43.4904179 ], [ 1.6031279, 43.4919474 ], [ 1.6030852, 43.4919612 ], [ 1.6030234, 43.4919823 ], [ 1.6025161, 43.492152 ], [ 1.6005236, 43.4931771 ], [ 1.5990624, 43.4937865 ], [ 1.5990076, 43.4938458 ], [ 1.5987287, 43.4942727 ], [ 1.5984207, 43.4945861 ], [ 1.597723, 43.4954535 ], [ 1.5971649, 43.4961709 ], [ 1.5968015, 43.4965252 ], [ 1.596489, 43.4968905 ], [ 1.5964308, 43.4969562 ], [ 1.5953744, 43.4979638 ], [ 1.5952363, 43.4979106 ], [ 1.5950042, 43.4978377 ], [ 1.5933983, 43.4969324 ], [ 1.5913583, 43.495341 ], [ 1.5909882, 43.4950541 ], [ 1.5904249, 43.4953249 ], [ 1.5901456, 43.4949008 ], [ 1.5893939, 43.4949108 ], [ 1.5857389, 43.4950328 ], [ 1.5856868, 43.4950295 ], [ 1.5793909, 43.4952341 ], [ 1.5778455, 43.4952976 ], [ 1.5741212, 43.4954165 ], [ 1.5738552, 43.4954354 ], [ 1.5734946, 43.4954605 ], [ 1.5717849, 43.4956188 ], [ 1.5710639, 43.4957001 ], [ 1.5709975, 43.4957059 ], [ 1.5709523, 43.4957321 ], [ 1.5709316, 43.4957133 ], [ 1.5708974, 43.4957261 ], [ 1.5697471, 43.4959505 ], [ 1.5696127, 43.4960121 ], [ 1.5691467, 43.4962261 ], [ 1.5668938, 43.4972743 ], [ 1.5667731, 43.4973182 ], [ 1.5643511, 43.4973672 ], [ 1.5623215, 43.4973748 ], [ 1.5621489, 43.4972512 ], [ 1.561407, 43.4964395 ], [ 1.5612645, 43.4962446 ], [ 1.5610889, 43.4960829 ], [ 1.5609855, 43.4960097 ], [ 1.5559088, 43.4933778 ], [ 1.5502049, 43.4894046 ], [ 1.5505441, 43.4887376 ], [ 1.5515773, 43.4869397 ], [ 1.552079, 43.4860807 ], [ 1.5524157, 43.485898 ], [ 1.5537379, 43.485522 ], [ 1.5545927, 43.4851427 ], [ 1.5549515, 43.4850401 ], [ 1.5551949, 43.4848158 ], [ 1.555951, 43.4842168 ], [ 1.5569001, 43.4834209 ], [ 1.5570414, 43.4830158 ], [ 1.5570915, 43.4829759 ], [ 1.5579303, 43.4827775 ], [ 1.5580939, 43.4826769 ], [ 1.5581832, 43.4826488 ], [ 1.5582241, 43.482665 ], [ 1.5582989, 43.4827067 ], [ 1.5584598, 43.4826432 ], [ 1.5585026, 43.4826335 ], [ 1.5586123, 43.4826466 ], [ 1.5588183, 43.4827068 ], [ 1.5589186, 43.4827103 ], [ 1.5590198, 43.482667 ], [ 1.5590806, 43.4825955 ], [ 1.5590968, 43.4825157 ], [ 1.5590899, 43.4823478 ], [ 1.5591141, 43.4822681 ], [ 1.5591975, 43.4821697 ], [ 1.5594219, 43.4817301 ], [ 1.5595896, 43.4814653 ], [ 1.5597477, 43.4812701 ], [ 1.5598728, 43.4810751 ], [ 1.5599873, 43.4807768 ], [ 1.5600713, 43.4807137 ], [ 1.5601525, 43.4806892 ], [ 1.5602371, 43.4806834 ], [ 1.5605644, 43.4807215 ], [ 1.5606722, 43.4806892 ], [ 1.5608075, 43.4805622 ], [ 1.56105, 43.4804246 ], [ 1.5611398, 43.480355 ], [ 1.561168, 43.4803078 ], [ 1.5611787, 43.480194 ], [ 1.5611485, 43.4800885 ], [ 1.5610999, 43.4800096 ], [ 1.5610842, 43.4798701 ], [ 1.5611432, 43.4797204 ], [ 1.5612761, 43.4795563 ], [ 1.5613552, 43.4794977 ], [ 1.561551, 43.4794635 ], [ 1.5616134, 43.4794749 ], [ 1.5616778, 43.479509 ], [ 1.5617549, 43.4795856 ], [ 1.5619023, 43.4798518 ], [ 1.5620741, 43.4799814 ], [ 1.5621294, 43.479996 ], [ 1.5624612, 43.4799873 ], [ 1.5625648, 43.4799683 ], [ 1.5626327, 43.4799253 ], [ 1.5626591, 43.4798576 ], [ 1.5626423, 43.4797906 ], [ 1.5624985, 43.4797301 ], [ 1.5624134, 43.4796749 ], [ 1.5621191, 43.4794119 ], [ 1.5621069, 43.4793835 ], [ 1.5622019, 43.4793142 ], [ 1.5622684, 43.4792987 ], [ 1.5623309, 43.479308 ], [ 1.5626309, 43.4794457 ], [ 1.5627215, 43.4794597 ], [ 1.5628184, 43.4794528 ], [ 1.5630009, 43.4793942 ], [ 1.5630943, 43.4793324 ], [ 1.5631761, 43.4792152 ], [ 1.5631949, 43.4791123 ], [ 1.5631546, 43.4789457 ], [ 1.5631902, 43.4788131 ], [ 1.5632324, 43.4787546 ], [ 1.5633266, 43.4786926 ], [ 1.5635766, 43.4785984 ], [ 1.5636699, 43.4785355 ], [ 1.563695, 43.4784934 ], [ 1.5636919, 43.4784146 ], [ 1.5634201, 43.4781093 ], [ 1.5633709, 43.4780122 ], [ 1.5633645, 43.4779226 ], [ 1.563437, 43.4777445 ], [ 1.5635271, 43.4776472 ], [ 1.5635963, 43.4776207 ], [ 1.5637755, 43.4776046 ], [ 1.5638737, 43.4776196 ], [ 1.5640334, 43.4776146 ], [ 1.5641719, 43.4775619 ], [ 1.5642289, 43.4774625 ], [ 1.5642095, 43.4773803 ], [ 1.564141, 43.477315 ], [ 1.5639005, 43.4771781 ], [ 1.5636952, 43.4769701 ], [ 1.5636013, 43.4768397 ], [ 1.5635874, 43.4767891 ], [ 1.563599, 43.4767396 ], [ 1.5636579, 43.4766895 ], [ 1.5637012, 43.476682 ], [ 1.5640775, 43.4767686 ], [ 1.5642749, 43.4767625 ], [ 1.5644325, 43.4767354 ], [ 1.5645283, 43.4767368 ], [ 1.5647012, 43.4767684 ], [ 1.5648018, 43.4767688 ], [ 1.5648833, 43.4767241 ], [ 1.5648984, 43.4766578 ], [ 1.5648417, 43.4764525 ] ] ] } },
{ "type": "Feature", "properties": { "id": "relation/160887", "ID_COMM": "310162", "NOMCOM": "DONNEVILLE", "Commune": "DONNEVILLE", "median": 918.09267656481825, "q1": 852.3499370322229 }, "geometry": { "type": "Polygon", "coordinates": [ [ [ 1.5368052, 43.4711828 ], [ 1.5383765, 43.4707465 ], [ 1.5375486, 43.46961 ], [ 1.5379862, 43.4694578 ], [ 1.5386064, 43.4693078 ], [ 1.5387638, 43.4692864 ], [ 1.538926, 43.4692749 ], [ 1.5393029, 43.4693176 ], [ 1.5393582, 43.4692863 ], [ 1.5384264, 43.4690008 ], [ 1.5382066, 43.4689526 ], [ 1.5370507, 43.4688089 ], [ 1.536464, 43.4687495 ], [ 1.5362717, 43.4686785 ], [ 1.5363151, 43.4686416 ], [ 1.5364895, 43.468541 ], [ 1.5367189, 43.4684157 ], [ 1.5375948, 43.4679193 ], [ 1.5381194, 43.4676429 ], [ 1.5384314, 43.4674869 ], [ 1.5388321, 43.4673221 ], [ 1.5390213, 43.4674673 ], [ 1.5413345, 43.4666291 ], [ 1.5410937, 43.4660952 ], [ 1.541077, 43.4660149 ], [ 1.5410764, 43.4652812 ], [ 1.5434277, 43.4644431 ], [ 1.5434993, 43.4644313 ], [ 1.5447986, 43.4640059 ], [ 1.5448421, 43.4640125 ], [ 1.5451155, 43.4643842 ], [ 1.5452373, 43.4645792 ], [ 1.5465928, 43.4641185 ], [ 1.5472686, 43.463995 ], [ 1.547491, 43.464222 ], [ 1.5489698, 43.463547 ], [ 1.5496615, 43.4635602 ], [ 1.5497756, 43.4635413 ], [ 1.5503577, 43.4633833 ], [ 1.5508928, 43.4631851 ], [ 1.5511577, 43.4630859 ], [ 1.5515003, 43.4629327 ], [ 1.5521861, 43.4625345 ], [ 1.5522063, 43.4625376 ], [ 1.5528881, 43.4631311 ], [ 1.5530924, 43.4632712 ], [ 1.5541382, 43.4638521 ], [ 1.5544718, 43.4640101 ], [ 1.5547735, 43.4641624 ], [ 1.5548791, 43.4642129 ], [ 1.5549585, 43.4642753 ], [ 1.5550206, 43.4643991 ], [ 1.555011, 43.4645686 ], [ 1.5548776, 43.4646714 ], [ 1.5548188, 43.4647992 ], [ 1.5545746, 43.4650986 ], [ 1.5545561, 43.4651384 ], [ 1.5545232, 43.465165 ], [ 1.5558002, 43.4657569 ], [ 1.5554849, 43.4660367 ], [ 1.5547057, 43.4666618 ], [ 1.5544231, 43.466905 ], [ 1.5539318, 43.4673547 ], [ 1.5534047, 43.4678876 ], [ 1.5535123, 43.4679306 ], [ 1.5539507, 43.4682047 ], [ 1.5540566, 43.4682804 ], [ 1.5553245, 43.4694188 ], [ 1.5562356, 43.4702655 ], [ 1.5563241, 43.4702188 ], [ 1.5563723, 43.4702228 ], [ 1.5570098, 43.4705968 ], [ 1.5572484, 43.4707228 ], [ 1.557536, 43.4708225 ], [ 1.5576249, 43.4705435 ], [ 1.5577978, 43.4702723 ], [ 1.5583219, 43.4698483 ], [ 1.5586391, 43.4696291 ], [ 1.5586817, 43.4696204 ], [ 1.5602422, 43.4708066 ], [ 1.5602854, 43.4708739 ], [ 1.5602937, 43.4709521 ], [ 1.5602459, 43.4712432 ], [ 1.5602216, 43.4712877 ], [ 1.559825, 43.4714697 ], [ 1.5597946, 43.4714971 ], [ 1.5597926, 43.4715878 ], [ 1.5600252, 43.4719501 ], [ 1.5603177, 43.4722986 ], [ 1.5609185, 43.473146 ], [ 1.5614447, 43.474012 ], [ 1.5615915, 43.4741576 ], [ 1.5624315, 43.4751236 ], [ 1.5625224, 43.4751603 ], [ 1.5631913, 43.4756053 ], [ 1.5634199, 43.4757382 ], [ 1.5635515, 43.4756474 ], [ 1.5647347, 43.4763677 ], [ 1.5648417, 43.4764525 ], [ 1.5648984, 43.4766578 ], [ 1.5648833, 43.4767241 ], [ 1.5648018, 43.4767688 ], [ 1.5647012, 43.4767684 ], [ 1.5645283, 43.4767368 ], [ 1.5644325, 43.4767354 ], [ 1.5642749, 43.4767625 ], [ 1.5640775, 43.4767686 ], [ 1.5637012, 43.476682 ], [ 1.5636579, 43.4766895 ], [ 1.563599, 43.4767396 ], [ 1.5635874, 43.4767891 ], [ 1.5636013, 43.4768397 ], [ 1.5636952, 43.4769701 ], [ 1.5639005, 43.4771781 ], [ 1.564141, 43.477315 ], [ 1.5642095, 43.4773803 ], [ 1.5642289, 43.4774625 ], [ 1.5641719, 43.4775619 ], [ 1.5640334, 43.4776146 ], [ 1.5638737, 43.4776196 ], [ 1.5637755, 43.4776046 ], [ 1.5635963, 43.4776207 ], [ 1.5635271, 43.4776472 ], [ 1.563437, 43.4777445 ], [ 1.5633645, 43.4779226 ], [ 1.5633709, 43.4780122 ], [ 1.5634201, 43.4781093 ], [ 1.5636919, 43.4784146 ], [ 1.563695, 43.4784934 ], [ 1.5636699, 43.4785355 ], [ 1.5635766, 43.4785984 ], [ 1.5633266, 43.4786926 ], [ 1.5632324, 43.4787546 ], [ 1.5631902, 43.4788131 ], [ 1.5631546, 43.4789457 ], [ 1.5631949, 43.4791123 ], [ 1.5631761, 43.4792152 ], [ 1.5630943, 43.4793324 ], [ 1.5630009, 43.4793942 ], [ 1.5628184, 43.4794528 ], [ 1.5627215, 43.4794597 ], [ 1.5626309, 43.4794457 ], [ 1.5623309, 43.479308 ], [ 1.5622684, 43.4792987 ], [ 1.5622019, 43.4793142 ], [ 1.5621069, 43.4793835 ], [ 1.5621191, 43.4794119 ], [ 1.5624134, 43.4796749 ], [ 1.5624985, 43.4797301 ], [ 1.5626423, 43.4797906 ], [ 1.5626591, 43.4798576 ], [ 1.5626327, 43.4799253 ], [ 1.5625648, 43.4799683 ], [ 1.5624612, 43.4799873 ], [ 1.5621294, 43.479996 ], [ 1.5620741, 43.4799814 ], [ 1.5619023, 43.4798518 ], [ 1.5617549, 43.4795856 ], [ 1.5616778, 43.479509 ], [ 1.5616134, 43.4794749 ], [ 1.561551, 43.4794635 ], [ 1.5613552, 43.4794977 ], [ 1.5612761, 43.4795563 ], [ 1.5611432, 43.4797204 ], [ 1.5610842, 43.4798701 ], [ 1.5610999, 43.4800096 ], [ 1.5611485, 43.4800885 ], [ 1.5611787, 43.480194 ], [ 1.561168, 43.4803078 ], [ 1.5611398, 43.480355 ], [ 1.56105, 43.4804246 ], [ 1.5608075, 43.4805622 ], [ 1.5606722, 43.4806892 ], [ 1.5605644, 43.4807215 ], [ 1.5602371, 43.4806834 ], [ 1.5601525, 43.4806892 ], [ 1.5600713, 43.4807137 ], [ 1.5599873, 43.4807768 ], [ 1.5598728, 43.4810751 ], [ 1.5597477, 43.4812701 ], [ 1.5595896, 43.4814653 ], [ 1.5594219, 43.4817301 ], [ 1.5591975, 43.4821697 ], [ 1.5591141, 43.4822681 ], [ 1.5590899, 43.4823478 ], [ 1.5590968, 43.4825157 ], [ 1.5590806, 43.4825955 ], [ 1.5590198, 43.482667 ], [ 1.5589186, 43.4827103 ], [ 1.5588183, 43.4827068 ], [ 1.5586123, 43.4826466 ], [ 1.5585026, 43.4826335 ], [ 1.5584598, 43.4826432 ], [ 1.5582989, 43.4827067 ], [ 1.5582241, 43.482665 ], [ 1.5581832, 43.4826488 ], [ 1.5580939, 43.4826769 ], [ 1.5579303, 43.4827775 ], [ 1.5570915, 43.4829759 ], [ 1.5570414, 43.4830158 ], [ 1.5545864, 43.4814039 ], [ 1.5523368, 43.4798414 ], [ 1.5508904, 43.4788449 ], [ 1.5498901, 43.4780688 ], [ 1.5496652, 43.4778982 ], [ 1.5493202, 43.4774648 ], [ 1.5498011, 43.4772848 ], [ 1.5488171, 43.4762836 ], [ 1.5486884, 43.4763738 ], [ 1.5480703, 43.4759652 ], [ 1.5485264, 43.4756074 ], [ 1.5483803, 43.4755051 ], [ 1.5462668, 43.4767789 ], [ 1.5441885, 43.4780528 ], [ 1.5434095, 43.4775613 ], [ 1.5429623, 43.4772848 ], [ 1.5422917, 43.4767276 ], [ 1.5420569, 43.4766276 ], [ 1.5414904, 43.4761985 ], [ 1.5382998, 43.4741123 ], [ 1.5396729, 43.4733749 ], [ 1.5388106, 43.472599 ], [ 1.5387378, 43.4725069 ], [ 1.5381802, 43.4727518 ], [ 1.5380795, 43.4727269 ], [ 1.5368052, 43.4711828 ] ] ] } },
{ "type": "Feature", "properties": { "id": "relation/160889", "ID_COMM": "310366", "NOMCOM": "MONTBRUN LAURAGAIS", "Commune": "MONTBRUN LAURAGAIS", "median": 1214.2174183487659, "q1": 896.56144107470027 }, "geometry": { "type": "Polygon", "coordinates": [ [ [ 1.5188322, 43.4400147 ], [ 1.5188964, 43.4400515 ], [ 1.5199263, 43.4403166 ], [ 1.5208062, 43.4405159 ], [ 1.5232456, 43.4407382 ], [ 1.5235407, 43.4407469 ], [ 1.5265153, 43.4406967 ], [ 1.5270823, 43.4415394 ], [ 1.528014, 43.4428627 ], [ 1.5280462, 43.4429317 ], [ 1.5281709, 43.4440293 ], [ 1.5282102, 43.444162 ], [ 1.5282598, 43.444183 ], [ 1.5284025, 43.4444633 ], [ 1.5286281, 43.444752 ], [ 1.5287412, 43.4448349 ], [ 1.5288295, 43.4448611 ], [ 1.5294431, 43.4449611 ], [ 1.5305208, 43.4450518 ], [ 1.5307041, 43.4450845 ], [ 1.5314316, 43.4451277 ], [ 1.5318256, 43.4452005 ], [ 1.5325508, 43.4451775 ], [ 1.5328302, 43.4451443 ], [ 1.5330747, 43.4450955 ], [ 1.5340975, 43.4448235 ], [ 1.5349884, 43.4445434 ], [ 1.5351879, 43.4446391 ], [ 1.536317, 43.4453868 ], [ 1.5366439, 43.4456256 ], [ 1.5368005, 43.4458493 ], [ 1.5372095, 43.4468223 ], [ 1.5374767, 43.4475876 ], [ 1.5376084, 43.4479006 ], [ 1.5376809, 43.4479814 ], [ 1.5379842, 43.4488325 ], [ 1.5380528, 43.4489517 ], [ 1.5383852, 43.4492448 ], [ 1.5386536, 43.449436 ], [ 1.5403259, 43.4504505 ], [ 1.5411601, 43.4509108 ], [ 1.5412737, 43.4509891 ], [ 1.5413978, 43.4511322 ], [ 1.5423179, 43.4528851 ], [ 1.5427845, 43.4539012 ], [ 1.5429244, 43.4541604 ], [ 1.5434206, 43.4555439 ], [ 1.5434918, 43.4557846 ], [ 1.5435015, 43.4559057 ], [ 1.5434398, 43.4562023 ], [ 1.5438788, 43.4579483 ], [ 1.5436483, 43.457981 ], [ 1.5439128, 43.4585352 ], [ 1.5441964, 43.4592342 ], [ 1.544538, 43.4598441 ], [ 1.5448073, 43.4602472 ], [ 1.5456904, 43.4600512 ], [ 1.5461818, 43.460772 ], [ 1.5462709, 43.4607588 ], [ 1.5472817, 43.4604751 ], [ 1.5471798, 43.4601892 ], [ 1.5486377, 43.4597012 ], [ 1.5486733, 43.4596999 ], [ 1.5489289, 43.4601473 ], [ 1.5494288, 43.4607003 ], [ 1.5494948, 43.4606921 ], [ 1.5495001, 43.4611657 ], [ 1.5495258, 43.4613203 ], [ 1.5496098, 43.4614883 ], [ 1.5507384, 43.4629452 ], [ 1.5508928, 43.4631851 ], [ 1.5503577, 43.4633833 ], [ 1.5497756, 43.4635413 ], [ 1.5496615, 43.4635602 ], [ 1.5489698, 43.463547 ], [ 1.547491, 43.464222 ], [ 1.5472686, 43.463995 ], [ 1.5465928, 43.4641185 ], [ 1.5452373, 43.4645792 ], [ 1.5451155, 43.4643842 ], [ 1.5448421, 43.4640125 ], [ 1.5447986, 43.4640059 ], [ 1.5434993, 43.4644313 ], [ 1.5434277, 43.4644431 ], [ 1.5410764, 43.4652812 ], [ 1.541077, 43.4660149 ], [ 1.5410937, 43.4660952 ], [ 1.5413345, 43.4666291 ], [ 1.5390213, 43.4674673 ], [ 1.5388321, 43.4673221 ], [ 1.5384314, 43.4674869 ], [ 1.5381194, 43.4676429 ], [ 1.5375948, 43.4679193 ], [ 1.5367189, 43.4684157 ], [ 1.5364895, 43.468541 ], [ 1.5363151, 43.4686416 ], [ 1.5362717, 43.4686785 ], [ 1.536464, 43.4687495 ], [ 1.5370507, 43.4688089 ], [ 1.5382066, 43.4689526 ], [ 1.5384264, 43.4690008 ], [ 1.5393582, 43.4692863 ], [ 1.5393029, 43.4693176 ], [ 1.538926, 43.4692749 ], [ 1.5387638, 43.4692864 ], [ 1.5386064, 43.4693078 ], [ 1.5379862, 43.4694578 ], [ 1.5375486, 43.46961 ], [ 1.5383765, 43.4707465 ], [ 1.5368052, 43.4711828 ], [ 1.5356552, 43.4716859 ], [ 1.5350996, 43.4719188 ], [ 1.534336, 43.4722771 ], [ 1.5342653, 43.4721994 ], [ 1.5331869, 43.4727476 ], [ 1.5329168, 43.4729143 ], [ 1.5327123, 43.4726532 ], [ 1.5323503, 43.4721653 ], [ 1.532223, 43.4720167 ], [ 1.5319726, 43.471582 ], [ 1.5319445, 43.4713628 ], [ 1.5317607, 43.4712041 ], [ 1.5316101, 43.4711064 ], [ 1.5313476, 43.4709966 ], [ 1.5309366, 43.4708802 ], [ 1.5306659, 43.4706774 ], [ 1.5304541, 43.4707507 ], [ 1.5302145, 43.4707962 ], [ 1.5297412, 43.4709132 ], [ 1.5296733, 43.4705411 ], [ 1.528852, 43.4704251 ], [ 1.5287968, 43.4699545 ], [ 1.5286532, 43.4694831 ], [ 1.5272062, 43.4701279 ], [ 1.5260547, 43.4708432 ], [ 1.5256685, 43.4698001 ], [ 1.5244503, 43.4703385 ], [ 1.5239815, 43.4700136 ], [ 1.5236349, 43.469828 ], [ 1.5228502, 43.469502 ], [ 1.5221786, 43.4690801 ], [ 1.5217789, 43.4686856 ], [ 1.5216382, 43.4682472 ], [ 1.5202012, 43.4681857 ], [ 1.5185092, 43.4687637 ], [ 1.5186999, 43.4691969 ], [ 1.517149, 43.469711 ], [ 1.5169267, 43.4698115 ], [ 1.516824, 43.4698174 ], [ 1.5142385, 43.4709482 ], [ 1.5142089, 43.470921 ], [ 1.5127107, 43.4716162 ], [ 1.5117322, 43.472672 ], [ 1.5114098, 43.4730307 ], [ 1.5109797, 43.4734484 ], [ 1.5104155, 43.4741677 ], [ 1.5098441, 43.4737359 ], [ 1.5093561, 43.4733326 ], [ 1.5089197, 43.4728023 ], [ 1.5084255, 43.4722556 ], [ 1.5078705, 43.4714159 ], [ 1.5067805, 43.4700956 ], [ 1.5067981, 43.4700683 ], [ 1.5074288, 43.4698242 ], [ 1.5084444, 43.4694662 ], [ 1.5084592, 43.4694433 ], [ 1.5084287, 43.4693768 ], [ 1.50797, 43.4687401 ], [ 1.5076662, 43.4682807 ], [ 1.5074689, 43.4680229 ], [ 1.5070456, 43.4675617 ], [ 1.5065817, 43.4671066 ], [ 1.5060789, 43.4666739 ], [ 1.5058605, 43.466506 ], [ 1.5051155, 43.4660437 ], [ 1.5049624, 43.4659256 ], [ 1.5030336, 43.46423 ], [ 1.5029799, 43.464168 ], [ 1.5012488, 43.4626588 ], [ 1.4939254, 43.4575642 ], [ 1.4931184, 43.4569856 ], [ 1.4930788, 43.456971 ], [ 1.4930789, 43.4569257 ], [ 1.4948642, 43.4554738 ], [ 1.4949791, 43.4554114 ], [ 1.4962447, 43.4549184 ], [ 1.4973732, 43.4544368 ], [ 1.4981817, 43.4540289 ], [ 1.4990825, 43.4536932 ], [ 1.4993605, 43.4535583 ], [ 1.4997578, 43.453335 ], [ 1.5017957, 43.4519915 ], [ 1.5020858, 43.4517587 ], [ 1.5033385, 43.4506757 ], [ 1.5037713, 43.4503392 ], [ 1.5046097, 43.4497524 ], [ 1.5046408, 43.4497161 ], [ 1.5046303, 43.4496852 ], [ 1.5038174, 43.4487884 ], [ 1.503821, 43.4487698 ], [ 1.5041003, 43.4486127 ], [ 1.504112, 43.4485885 ], [ 1.5025172, 43.4469502 ], [ 1.502741, 43.4468234 ], [ 1.5031701, 43.446702 ], [ 1.5037586, 43.4464182 ], [ 1.5041187, 43.4462196 ], [ 1.5041958, 43.4461588 ], [ 1.503085, 43.4458559 ], [ 1.5029881, 43.445845 ], [ 1.5027098, 43.4458768 ], [ 1.5024836, 43.4458843 ], [ 1.5020829, 43.4458555 ], [ 1.5018452, 43.4457957 ], [ 1.5008663, 43.4454327 ], [ 1.4999142, 43.4453916 ], [ 1.4983821, 43.4452687 ], [ 1.4978377, 43.4448819 ], [ 1.4973332, 43.444582 ], [ 1.4968723, 43.4442729 ], [ 1.4967152, 43.444237 ], [ 1.4959393, 43.4436685 ], [ 1.4942257, 43.4423041 ], [ 1.493962, 43.4421149 ], [ 1.4937897, 43.4419295 ], [ 1.4950802, 43.441838 ], [ 1.4967989, 43.4415712 ], [ 1.497066, 43.4418457 ], [ 1.4971062, 43.4418499 ], [ 1.4984662, 43.4416487 ], [ 1.4985724, 43.4416168 ], [ 1.4989336, 43.4413853 ], [ 1.4989953, 43.441385 ], [ 1.4991767, 43.4412856 ], [ 1.5003986, 43.4405229 ], [ 1.500405, 43.440469 ], [ 1.5018466, 43.4397245 ], [ 1.5030253, 43.4390747 ], [ 1.5030149, 43.4390015 ], [ 1.5034859, 43.4386783 ], [ 1.5044571, 43.4382685 ], [ 1.5047364, 43.4381365 ], [ 1.5047628, 43.4381067 ], [ 1.5049937, 43.4371881 ], [ 1.5053159, 43.4370111 ], [ 1.5053695, 43.4370211 ], [ 1.5060634, 43.4373333 ], [ 1.5064444, 43.4374365 ], [ 1.5065429, 43.4374812 ], [ 1.5072339, 43.4379165 ], [ 1.5076965, 43.4383175 ], [ 1.507754, 43.4383462 ], [ 1.5087477, 43.4386064 ], [ 1.5088478, 43.4386201 ], [ 1.5093892, 43.4385881 ], [ 1.5096542, 43.4386 ], [ 1.5097899, 43.4386228 ], [ 1.5101458, 43.438779 ], [ 1.5104549, 43.43889 ], [ 1.5114269, 43.4391002 ], [ 1.5118162, 43.4391546 ], [ 1.5121014, 43.4391773 ], [ 1.5126615, 43.4391821 ], [ 1.5133344, 43.4391225 ], [ 1.5135734, 43.4391152 ], [ 1.5137654, 43.439163 ], [ 1.5140909, 43.4393462 ], [ 1.514299, 43.4394429 ], [ 1.5146963, 43.4395721 ], [ 1.5152573, 43.4396667 ], [ 1.5169514, 43.4400119 ], [ 1.5178306, 43.4400253 ], [ 1.51874, 43.440004 ], [ 1.5188322, 43.4400147 ] ] ] } },
{ "type": "Feature", "properties": { "id": "relation/160891", "ID_COMM": "310171", "NOMCOM": "ESPANES", "Commune": "ESPANES", "median": 1126.4680228717625, "q1": 1126.3970376104116 }, "geometry": { "type": "Polygon", "coordinates": [ [ [ 1.4747325, 43.4577287 ], [ 1.4747685, 43.4576921 ], [ 1.4760105, 43.4571173 ], [ 1.4765355, 43.4569186 ], [ 1.4769442, 43.4568078 ], [ 1.4772202, 43.4567601 ], [ 1.4775316, 43.4551612 ], [ 1.4776618, 43.4550929 ], [ 1.477651, 43.4549722 ], [ 1.4777036, 43.4547472 ], [ 1.4779227, 43.4541901 ], [ 1.4779966, 43.4540677 ], [ 1.4781085, 43.4539398 ], [ 1.4783938, 43.4536793 ], [ 1.4782077, 43.4533095 ], [ 1.4782766, 43.4531646 ], [ 1.4782401, 43.4528865 ], [ 1.4783381, 43.4527323 ], [ 1.478367, 43.4523584 ], [ 1.4783309, 43.4523065 ], [ 1.4781625, 43.4521726 ], [ 1.4778388, 43.4519966 ], [ 1.4774974, 43.4518633 ], [ 1.4773407, 43.4517718 ], [ 1.4772071, 43.4516627 ], [ 1.4769535, 43.4513163 ], [ 1.4769402, 43.4512323 ], [ 1.4769663, 43.4511561 ], [ 1.4771189, 43.4509144 ], [ 1.4770974, 43.4507123 ], [ 1.477267, 43.450174 ], [ 1.4772679, 43.4500859 ], [ 1.4769389, 43.4496797 ], [ 1.4768741, 43.4495735 ], [ 1.4765847, 43.4493497 ], [ 1.4763268, 43.4489415 ], [ 1.4763001, 43.4486822 ], [ 1.4762701, 43.4485952 ], [ 1.4762124, 43.4485112 ], [ 1.4757554, 43.4481071 ], [ 1.4756945, 43.4479666 ], [ 1.4756687, 43.4478344 ], [ 1.4756731, 43.4471843 ], [ 1.4756601, 43.4471543 ], [ 1.4754985, 43.4470274 ], [ 1.4753143, 43.446839 ], [ 1.4750931, 43.4467193 ], [ 1.4750546, 43.4467151 ], [ 1.4749547, 43.4467379 ], [ 1.4748962, 43.4467512 ], [ 1.4746676, 43.4467057 ], [ 1.4745936, 43.4466781 ], [ 1.4745029, 43.4465996 ], [ 1.4742575, 43.4465111 ], [ 1.474063, 43.446394 ], [ 1.4738189, 43.4462911 ], [ 1.4734281, 43.4460769 ], [ 1.4730268, 43.4459211 ], [ 1.4728222, 43.4457997 ], [ 1.4727739, 43.4457467 ], [ 1.4727307, 43.4456092 ], [ 1.4725352, 43.4454326 ], [ 1.472516, 43.4453912 ], [ 1.4725428, 43.4453712 ], [ 1.4728327, 43.445295 ], [ 1.4730157, 43.4452762 ], [ 1.4744199, 43.4448373 ], [ 1.474746, 43.444692 ], [ 1.4752029, 43.4445115 ], [ 1.4755236, 43.4442997 ], [ 1.4756942, 43.4442499 ], [ 1.4765767, 43.4436742 ], [ 1.4768864, 43.4437725 ], [ 1.4770206, 43.4437785 ], [ 1.4776733, 43.4437465 ], [ 1.4778844, 43.4437162 ], [ 1.4782943, 43.4436053 ], [ 1.4798696, 43.4433638 ], [ 1.4801312, 43.4433062 ], [ 1.481182, 43.4430234 ], [ 1.4829182, 43.4424842 ], [ 1.4854708, 43.4417866 ], [ 1.4862747, 43.4414762 ], [ 1.486509, 43.4414127 ], [ 1.4865845, 43.4414066 ], [ 1.4869415, 43.4412927 ], [ 1.4878196, 43.4410877 ], [ 1.4884714, 43.4409648 ], [ 1.4886434, 43.4409513 ], [ 1.488988, 43.4409677 ], [ 1.4892795, 43.4410149 ], [ 1.4895471, 43.4410775 ], [ 1.4901079, 43.4411001 ], [ 1.4906685, 43.4410548 ], [ 1.4909933, 43.4409869 ], [ 1.4911128, 43.4410098 ], [ 1.4917317, 43.4409751 ], [ 1.4925878, 43.4407285 ], [ 1.4929441, 43.4406691 ], [ 1.4937024, 43.4404665 ], [ 1.4937096, 43.4405262 ], [ 1.4936001, 43.4414553 ], [ 1.4937897, 43.4419295 ], [ 1.493962, 43.4421149 ], [ 1.4942257, 43.4423041 ], [ 1.4959393, 43.4436685 ], [ 1.4967152, 43.444237 ], [ 1.4968723, 43.4442729 ], [ 1.4973332, 43.444582 ], [ 1.4978377, 43.4448819 ], [ 1.4983821, 43.4452687 ], [ 1.4999142, 43.4453916 ], [ 1.5008663, 43.4454327 ], [ 1.5018452, 43.4457957 ], [ 1.5020829, 43.4458555 ], [ 1.5024836, 43.4458843 ], [ 1.5027098, 43.4458768 ], [ 1.5029881, 43.445845 ], [ 1.503085, 43.4458559 ], [ 1.5041958, 43.4461588 ], [ 1.5041187, 43.4462196 ], [ 1.5037586, 43.4464182 ], [ 1.5031701, 43.446702 ], [ 1.502741, 43.4468234 ], [ 1.5025172, 43.4469502 ], [ 1.504112, 43.4485885 ], [ 1.5041003, 43.4486127 ], [ 1.503821, 43.4487698 ], [ 1.5038174, 43.4487884 ], [ 1.5046303, 43.4496852 ], [ 1.5046408, 43.4497161 ], [ 1.5046097, 43.4497524 ], [ 1.5037713, 43.4503392 ], [ 1.5033385, 43.4506757 ], [ 1.5020858, 43.4517587 ], [ 1.5017957, 43.4519915 ], [ 1.4997578, 43.453335 ], [ 1.4993605, 43.4535583 ], [ 1.4990825, 43.4536932 ], [ 1.4981817, 43.4540289 ], [ 1.4973732, 43.4544368 ], [ 1.4962447, 43.4549184 ], [ 1.4949791, 43.4554114 ], [ 1.4948642, 43.4554738 ], [ 1.4930789, 43.4569257 ], [ 1.4930788, 43.456971 ], [ 1.4917748, 43.4577716 ], [ 1.4905955, 43.4584469 ], [ 1.4884795, 43.4597194 ], [ 1.4884546, 43.4597207 ], [ 1.4863068, 43.458471 ], [ 1.4854198, 43.4593523 ], [ 1.4842395, 43.4605796 ], [ 1.4832774, 43.4615353 ], [ 1.4832955, 43.4616152 ], [ 1.4832721, 43.461706 ], [ 1.4831569, 43.4619225 ], [ 1.4828122, 43.4618643 ], [ 1.482599, 43.4618533 ], [ 1.482387, 43.461888 ], [ 1.482108, 43.4619979 ], [ 1.4818089, 43.4620835 ], [ 1.4813264, 43.4621528 ], [ 1.4799283, 43.4622439 ], [ 1.4792598, 43.4618936 ], [ 1.477698, 43.4609696 ], [ 1.4774064, 43.4607746 ], [ 1.4772609, 43.4606536 ], [ 1.4770247, 43.4603667 ], [ 1.4769309, 43.4601916 ], [ 1.4762095, 43.459212 ], [ 1.4749591, 43.4579564 ], [ 1.4747325, 43.4577287 ] ] ] } },
{ "type": "Feature", "properties": { "id": "relation/160894", "ID_COMM": "310240", "NOMCOM": "ISSUS", "Commune": "ISSUS", "median": 890.20962253864855, "q1": 805.45224400050938 }, "geometry": { "type": "Polygon", "coordinates": [ [ [ 1.4794973, 43.4099332 ], [ 1.4795866, 43.4099409 ], [ 1.4796945, 43.4099761 ], [ 1.4819426, 43.411161 ], [ 1.482279, 43.4108918 ], [ 1.4822996, 43.4108967 ], [ 1.4840494, 43.4126662 ], [ 1.4841022, 43.4126983 ], [ 1.485242, 43.4115763 ], [ 1.4855445, 43.4118134 ], [ 1.4855885, 43.4118322 ], [ 1.486193, 43.4115262 ], [ 1.4875915, 43.4099152 ], [ 1.4875395, 43.4099209 ], [ 1.4874923, 43.4099069 ], [ 1.4875461, 43.4098844 ], [ 1.4877191, 43.4097347 ], [ 1.4878901, 43.4095538 ], [ 1.4890777, 43.4091564 ], [ 1.4893522, 43.4090372 ], [ 1.4918425, 43.4078433 ], [ 1.4919712, 43.4077932 ], [ 1.4921105, 43.4077687 ], [ 1.4926333, 43.4075515 ], [ 1.4929584, 43.4073958 ], [ 1.4938589, 43.4069023 ], [ 1.4943267, 43.4066757 ], [ 1.494899, 43.4064449 ], [ 1.495525, 43.4071484 ], [ 1.4958, 43.4074148 ], [ 1.4960414, 43.4075986 ], [ 1.4960706, 43.4076061 ], [ 1.4965964, 43.4072358 ], [ 1.4969395, 43.4070229 ], [ 1.4970431, 43.4069175 ], [ 1.4979894, 43.4064424 ], [ 1.4986015, 43.4062143 ], [ 1.4986743, 43.4062056 ], [ 1.4996899, 43.4070058 ], [ 1.4997872, 43.4070616 ], [ 1.5005881, 43.4072452 ], [ 1.5006334, 43.4072452 ], [ 1.5012948, 43.406868 ], [ 1.5020173, 43.4065722 ], [ 1.5027459, 43.4070328 ], [ 1.5032025, 43.406709 ], [ 1.5042946, 43.4058361 ], [ 1.5043519, 43.405725 ], [ 1.5046488, 43.4054161 ], [ 1.5052166, 43.4048737 ], [ 1.5053374, 43.4047907 ], [ 1.5055775, 43.4046752 ], [ 1.5059048, 43.4044297 ], [ 1.5059385, 43.4044289 ], [ 1.5084272, 43.4072151 ], [ 1.5100613, 43.4067366 ], [ 1.5101301, 43.4068063 ], [ 1.5110146, 43.4092369 ], [ 1.511279, 43.4100609 ], [ 1.5112619, 43.4101532 ], [ 1.5110079, 43.4102462 ], [ 1.5099921, 43.4104575 ], [ 1.5087301, 43.4107666 ], [ 1.5083664, 43.4108287 ], [ 1.507328, 43.4110788 ], [ 1.5071251, 43.4111054 ], [ 1.5070422, 43.4111299 ], [ 1.5069636, 43.4111781 ], [ 1.5069152, 43.4112367 ], [ 1.5082153, 43.4120471 ], [ 1.5082525, 43.4120991 ], [ 1.5093138, 43.412815 ], [ 1.5097157, 43.4130659 ], [ 1.5097988, 43.4131401 ], [ 1.5098433, 43.41324 ], [ 1.5099524, 43.413374 ], [ 1.509997, 43.4135 ], [ 1.5101414, 43.4136739 ], [ 1.5102349, 43.4138708 ], [ 1.5105636, 43.414737 ], [ 1.5106715, 43.4151215 ], [ 1.5107014, 43.4153985 ], [ 1.5106897, 43.4156178 ], [ 1.5106672, 43.4156572 ], [ 1.5106147, 43.4156873 ], [ 1.5102448, 43.4157155 ], [ 1.5101832, 43.4157375 ], [ 1.5101298, 43.4157859 ], [ 1.5097331, 43.4165434 ], [ 1.5097322, 43.4168333 ], [ 1.5096453, 43.4169506 ], [ 1.5094746, 43.4171101 ], [ 1.5091054, 43.4173834 ], [ 1.5090623, 43.4174336 ], [ 1.5090374, 43.4175313 ], [ 1.5092308, 43.4182821 ], [ 1.509815, 43.420093 ], [ 1.5098899, 43.4201888 ], [ 1.5100068, 43.4202572 ], [ 1.5102478, 43.4203574 ], [ 1.5106538, 43.420493 ], [ 1.5116447, 43.4207707 ], [ 1.5126432, 43.4210207 ], [ 1.5138103, 43.4212577 ], [ 1.5141905, 43.4214125 ], [ 1.5144662, 43.4214609 ], [ 1.5146753, 43.4215199 ], [ 1.5149521, 43.42167 ], [ 1.5150284, 43.4216924 ], [ 1.5154039, 43.4216658 ], [ 1.5159682, 43.4217839 ], [ 1.516212, 43.4218573 ], [ 1.5166472, 43.4219272 ], [ 1.5168008, 43.4219864 ], [ 1.5169008, 43.4221274 ], [ 1.5169529, 43.4222674 ], [ 1.5170197, 43.4225521 ], [ 1.5178903, 43.4237752 ], [ 1.5180058, 43.4240984 ], [ 1.518052, 43.4241745 ], [ 1.5182599, 43.424377 ], [ 1.5183401, 43.424486 ], [ 1.5183473, 43.4245213 ], [ 1.5182369, 43.4247349 ], [ 1.518255, 43.4247742 ], [ 1.5184329, 43.4248946 ], [ 1.5184584, 43.4249349 ], [ 1.5184535, 43.4251268 ], [ 1.5185038, 43.4251874 ], [ 1.5187849, 43.4253451 ], [ 1.5194316, 43.4259143 ], [ 1.5204523, 43.4265395 ], [ 1.5207721, 43.4267121 ], [ 1.5215536, 43.4270267 ], [ 1.5216184, 43.4270691 ], [ 1.5218086, 43.4272025 ], [ 1.521959, 43.4272492 ], [ 1.5236081, 43.4275992 ], [ 1.5241954, 43.4276867 ], [ 1.5246946, 43.4277019 ], [ 1.5248016, 43.4277187 ], [ 1.5252794, 43.4278485 ], [ 1.525565, 43.4278627 ], [ 1.5255905, 43.4278773 ], [ 1.5254226, 43.4283022 ], [ 1.5253431, 43.4283953 ], [ 1.524686, 43.4289093 ], [ 1.5245016, 43.4291739 ], [ 1.5240152, 43.4297459 ], [ 1.523924, 43.4299355 ], [ 1.5236003, 43.4307993 ], [ 1.5234961, 43.4308759 ], [ 1.5233367, 43.4310457 ], [ 1.5229686, 43.4313316 ], [ 1.5227117, 43.4314554 ], [ 1.5220739, 43.4318537 ], [ 1.5216309, 43.4322545 ], [ 1.5214175, 43.4324184 ], [ 1.5207528, 43.4327898 ], [ 1.5202375, 43.4330456 ], [ 1.5197063, 43.4332825 ], [ 1.5189763, 43.4335811 ], [ 1.5188282, 43.4341995 ], [ 1.5188007, 43.4344217 ], [ 1.5188184, 43.4347444 ], [ 1.5189007, 43.4351857 ], [ 1.5187523, 43.4357043 ], [ 1.5187599, 43.4358947 ], [ 1.5187937, 43.4361569 ], [ 1.5189375, 43.4372715 ], [ 1.5190841, 43.4386324 ], [ 1.5191362, 43.4391166 ], [ 1.5191094, 43.4392781 ], [ 1.5190637, 43.4393995 ], [ 1.5188812, 43.4398846 ], [ 1.5188322, 43.4400147 ], [ 1.51874, 43.440004 ], [ 1.5178306, 43.4400253 ], [ 1.5169514, 43.4400119 ], [ 1.5152573, 43.4396667 ], [ 1.5146963, 43.4395721 ], [ 1.514299, 43.4394429 ], [ 1.5140909, 43.4393462 ], [ 1.5137654, 43.439163 ], [ 1.5135734, 43.4391152 ], [ 1.5133344, 43.4391225 ], [ 1.5126615, 43.4391821 ], [ 1.5121014, 43.4391773 ], [ 1.5118162, 43.4391546 ], [ 1.5114269, 43.4391002 ], [ 1.5104549, 43.43889 ], [ 1.5101458, 43.438779 ], [ 1.5097899, 43.4386228 ], [ 1.5096542, 43.4386 ], [ 1.5093892, 43.4385881 ], [ 1.5088478, 43.4386201 ], [ 1.5087477, 43.4386064 ], [ 1.507754, 43.4383462 ], [ 1.5076965, 43.4383175 ], [ 1.5072339, 43.4379165 ], [ 1.5065429, 43.4374812 ], [ 1.5064444, 43.4374365 ], [ 1.5060634, 43.4373333 ], [ 1.5053695, 43.4370211 ], [ 1.5053159, 43.4370111 ], [ 1.5049937, 43.4371881 ], [ 1.5047628, 43.4381067 ], [ 1.5047364, 43.4381365 ], [ 1.5044571, 43.4382685 ], [ 1.5034859, 43.4386783 ], [ 1.5030149, 43.4390015 ], [ 1.5030253, 43.4390747 ], [ 1.5018466, 43.4397245 ], [ 1.500405, 43.440469 ], [ 1.5003986, 43.4405229 ], [ 1.4991767, 43.4412856 ], [ 1.4989953, 43.441385 ], [ 1.4989336, 43.4413853 ], [ 1.4985724, 43.4416168 ], [ 1.4984662, 43.4416487 ], [ 1.4971062, 43.4418499 ], [ 1.497066, 43.4418457 ], [ 1.4967989, 43.4415712 ], [ 1.4950802, 43.441838 ], [ 1.4937897, 43.4419295 ], [ 1.4936001, 43.4414553 ], [ 1.4937096, 43.4405262 ], [ 1.4937024, 43.4404665 ], [ 1.4938862, 43.4404147 ], [ 1.4940083, 43.4403134 ], [ 1.4940997, 43.4401716 ], [ 1.4942006, 43.4400905 ], [ 1.4944505, 43.4399387 ], [ 1.4945162, 43.4398723 ], [ 1.4945968, 43.4396749 ], [ 1.4948776, 43.4394012 ], [ 1.4950327, 43.4393014 ], [ 1.4950827, 43.4392394 ], [ 1.4951159, 43.4391087 ], [ 1.4953606, 43.4389074 ], [ 1.4956667, 43.4383948 ], [ 1.495866, 43.4381565 ], [ 1.4958927, 43.4380061 ], [ 1.4959462, 43.4379207 ], [ 1.4960233, 43.4378632 ], [ 1.4964008, 43.4372838 ], [ 1.4965263, 43.436871 ], [ 1.4966038, 43.4367062 ], [ 1.4967397, 43.4365227 ], [ 1.4968202, 43.4362902 ], [ 1.4968806, 43.4361978 ], [ 1.4973445, 43.4356453 ], [ 1.4975465, 43.4354724 ], [ 1.4977634, 43.435244 ], [ 1.4979923, 43.4350937 ], [ 1.4980823, 43.4350117 ], [ 1.4983568, 43.4346235 ], [ 1.4986547, 43.4343575 ], [ 1.4986893, 43.4341652 ], [ 1.4987644, 43.4341347 ], [ 1.4987831, 43.434111 ], [ 1.4987692, 43.4339064 ], [ 1.4988027, 43.4338306 ], [ 1.4987899, 43.4338113 ], [ 1.4986617, 43.4337477 ], [ 1.4977772, 43.4331034 ], [ 1.4969585, 43.4326098 ], [ 1.4968288, 43.4325117 ], [ 1.4963461, 43.432051 ], [ 1.4962497, 43.4319201 ], [ 1.4962176, 43.4317918 ], [ 1.4963546, 43.4313352 ], [ 1.4963716, 43.4312071 ], [ 1.4962981, 43.4310028 ], [ 1.4957813, 43.4301145 ], [ 1.4956457, 43.429911 ], [ 1.495406, 43.4296041 ], [ 1.4953718, 43.4295078 ], [ 1.4954141, 43.4294392 ], [ 1.4957707, 43.4292333 ], [ 1.4958003, 43.429173 ], [ 1.4957931, 43.429125 ], [ 1.495525, 43.428609 ], [ 1.4954912, 43.4283347 ], [ 1.4956081, 43.4278987 ], [ 1.4955755, 43.4277271 ], [ 1.4954528, 43.4273827 ], [ 1.4954145, 43.4267981 ], [ 1.4953678, 43.4264777 ], [ 1.4955779, 43.4260629 ], [ 1.495576, 43.4260154 ], [ 1.4954835, 43.4259023 ], [ 1.4953575, 43.4258003 ], [ 1.4950854, 43.4256445 ], [ 1.4950613, 43.425613 ], [ 1.4950594, 43.4255622 ], [ 1.4953388, 43.4252693 ], [ 1.4955667, 43.4248514 ], [ 1.4956206, 43.4246951 ], [ 1.4955414, 43.4244243 ], [ 1.4955439, 43.424354 ], [ 1.4955933, 43.424259 ], [ 1.4957633, 43.4240606 ], [ 1.4958248, 43.4239606 ], [ 1.4958172, 43.4239019 ], [ 1.4956933, 43.4236473 ], [ 1.4954538, 43.4232582 ], [ 1.4953022, 43.4230726 ], [ 1.4951761, 43.4230135 ], [ 1.4951395, 43.4229788 ], [ 1.4951348, 43.4229052 ], [ 1.4952738, 43.4227508 ], [ 1.4953332, 43.4226536 ], [ 1.4953306, 43.4225414 ], [ 1.49524, 43.4223343 ], [ 1.4947303, 43.4215396 ], [ 1.4947136, 43.4213501 ], [ 1.4946819, 43.4212677 ], [ 1.4944513, 43.4211286 ], [ 1.4944149, 43.421079 ], [ 1.4944065, 43.4208601 ], [ 1.4943574, 43.4206366 ], [ 1.494398, 43.4204662 ], [ 1.4943512, 43.4204115 ], [ 1.4941618, 43.4203915 ], [ 1.4940761, 43.42043 ], [ 1.4939885, 43.4205687 ], [ 1.4939627, 43.4205835 ], [ 1.4938354, 43.4205686 ], [ 1.4937971, 43.4205452 ], [ 1.4937737, 43.4204651 ], [ 1.4937884, 43.4203089 ], [ 1.4938736, 43.4201191 ], [ 1.494015, 43.4199481 ], [ 1.4943574, 43.4196361 ], [ 1.4944378, 43.4195294 ], [ 1.4944491, 43.4194674 ], [ 1.4941451, 43.4182002 ], [ 1.4940407, 43.4180455 ], [ 1.4938264, 43.4175698 ], [ 1.4938241, 43.4174733 ], [ 1.4939875, 43.4172981 ], [ 1.4940028, 43.4172503 ], [ 1.4939545, 43.416968 ], [ 1.4939589, 43.4164681 ], [ 1.49379, 43.4149168 ], [ 1.4937319, 43.4149633 ], [ 1.4936266, 43.4150985 ], [ 1.493424, 43.4152751 ], [ 1.4930393, 43.4155149 ], [ 1.4929096, 43.4155643 ], [ 1.4927688, 43.4155841 ], [ 1.4926849, 43.4155686 ], [ 1.4926098, 43.4155285 ], [ 1.4925635, 43.4154725 ], [ 1.4924509, 43.4151621 ], [ 1.4924027, 43.4150966 ], [ 1.4922474, 43.4149985 ], [ 1.492107, 43.4149507 ], [ 1.4919137, 43.4149179 ], [ 1.4918389, 43.4149242 ], [ 1.4916787, 43.4149894 ], [ 1.49162, 43.4150366 ], [ 1.4915658, 43.415141 ], [ 1.491572, 43.4152545 ], [ 1.4916424, 43.4154885 ], [ 1.4916487, 43.4156345 ], [ 1.4915904, 43.4156949 ], [ 1.491468, 43.4157437 ], [ 1.4913621, 43.4159199 ], [ 1.4913152, 43.4159496 ], [ 1.4911785, 43.4159695 ], [ 1.4911102, 43.4159298 ], [ 1.4910249, 43.4158271 ], [ 1.4908103, 43.4157099 ], [ 1.4905422, 43.4155313 ], [ 1.4898206, 43.4149951 ], [ 1.4897719, 43.4150028 ], [ 1.4896636, 43.4150911 ], [ 1.4895285, 43.415258 ], [ 1.4894947, 43.4153558 ], [ 1.4895629, 43.4154859 ], [ 1.489676, 43.4155798 ], [ 1.4897706, 43.4156868 ], [ 1.4898214, 43.4157894 ], [ 1.4898132, 43.4158511 ], [ 1.4898375, 43.4159028 ], [ 1.4897589, 43.4160724 ], [ 1.4897091, 43.4161184 ], [ 1.4896282, 43.416153 ], [ 1.489542, 43.4161495 ], [ 1.4894605, 43.4161152 ], [ 1.4891622, 43.4158612 ], [ 1.4890447, 43.4157847 ], [ 1.4889287, 43.4157453 ], [ 1.4886469, 43.4156903 ], [ 1.488498, 43.4156953 ], [ 1.4882369, 43.415837 ], [ 1.4882014, 43.4159065 ], [ 1.488158, 43.4162044 ], [ 1.4882523, 43.4163701 ], [ 1.4882189, 43.4164411 ], [ 1.4881217, 43.4165215 ], [ 1.4879893, 43.4165768 ], [ 1.4875996, 43.4166884 ], [ 1.487349, 43.4167893 ], [ 1.4872849, 43.4167771 ], [ 1.4872807, 43.4167427 ], [ 1.4873877, 43.4165583 ], [ 1.4873802, 43.4165042 ], [ 1.4873514, 43.4164696 ], [ 1.4873098, 43.4164533 ], [ 1.4870515, 43.4164353 ], [ 1.4869188, 43.4164399 ], [ 1.4868652, 43.416459 ], [ 1.4868391, 43.4164958 ], [ 1.4868536, 43.4167231 ], [ 1.4868139, 43.4167635 ], [ 1.486289, 43.4167546 ], [ 1.4860506, 43.4168066 ], [ 1.4859932, 43.4168014 ], [ 1.4858232, 43.4167445 ], [ 1.485739, 43.4167534 ], [ 1.4855834, 43.4168195 ], [ 1.4854174, 43.4168163 ], [ 1.4853215, 43.4166887 ], [ 1.4852748, 43.4166643 ], [ 1.4851926, 43.4166795 ], [ 1.4846739, 43.4169746 ], [ 1.4845882, 43.4170097 ], [ 1.4842861, 43.4170619 ], [ 1.4841984, 43.4171277 ], [ 1.484065, 43.4172884 ], [ 1.4839929, 43.4173259 ], [ 1.4838357, 43.417327 ], [ 1.4835912, 43.4172876 ], [ 1.4834867, 43.4172918 ], [ 1.4833233, 43.4173572 ], [ 1.4832956, 43.4173945 ], [ 1.4832954, 43.4174814 ], [ 1.4833301, 43.4175398 ], [ 1.4834764, 43.4176505 ], [ 1.4835242, 43.417774 ], [ 1.4835383, 43.4179634 ], [ 1.4834438, 43.4180668 ], [ 1.4831217, 43.4183468 ], [ 1.4819559, 43.4185524 ], [ 1.4819359, 43.4185661 ], [ 1.481876, 43.4193938 ], [ 1.4818358, 43.4195751 ], [ 1.4818104, 43.4196005 ], [ 1.4817343, 43.4196204 ], [ 1.4814499, 43.4196045 ], [ 1.4812003, 43.419631 ], [ 1.4811518, 43.419625 ], [ 1.480826, 43.4193955 ], [ 1.4807539, 43.4193187 ], [ 1.4806734, 43.4191757 ], [ 1.4805801, 43.4191276 ], [ 1.4803841, 43.4191003 ], [ 1.4801386, 43.41895 ], [ 1.4800978, 43.418953 ], [ 1.4799013, 43.4191404 ], [ 1.4795212, 43.4194427 ], [ 1.4793553, 43.4196563 ], [ 1.4792734, 43.4197328 ], [ 1.479166, 43.4197845 ], [ 1.4790189, 43.4197933 ], [ 1.4785726, 43.4196748 ], [ 1.4785365, 43.41964 ], [ 1.478574, 43.4194886 ], [ 1.4786891, 43.4193621 ], [ 1.4786955, 43.4193356 ], [ 1.4786726, 43.4193019 ], [ 1.4785634, 43.4192686 ], [ 1.4783288, 43.4192585 ], [ 1.4780864, 43.4191796 ], [ 1.4779067, 43.4194174 ], [ 1.4774926, 43.419907 ], [ 1.4774307, 43.419953 ], [ 1.4773617, 43.4199689 ], [ 1.4772996, 43.4199538 ], [ 1.4771795, 43.4198928 ], [ 1.4771132, 43.4198779 ], [ 1.4769249, 43.4198892 ], [ 1.4767053, 43.4199672 ], [ 1.4765998, 43.4199765 ], [ 1.476523, 43.4199632 ], [ 1.4762239, 43.4198379 ], [ 1.4760407, 43.4198378 ], [ 1.475942, 43.4198557 ], [ 1.4756604, 43.4199619 ], [ 1.4755917, 43.4199691 ], [ 1.4757637, 43.4198596 ], [ 1.4757524, 43.4198298 ], [ 1.4755631, 43.4196478 ], [ 1.4755188, 43.4195837 ], [ 1.4755975, 43.4195653 ], [ 1.4753459, 43.4182628 ], [ 1.4753123, 43.4181609 ], [ 1.4752378, 43.4180529 ], [ 1.4747334, 43.4175316 ], [ 1.4746307, 43.4175295 ], [ 1.475898, 43.4162414 ], [ 1.4763049, 43.4158281 ], [ 1.4764231, 43.4156411 ], [ 1.4768133, 43.4150419 ], [ 1.4770563, 43.4147365 ], [ 1.4773948, 43.414317 ], [ 1.4776919, 43.4139073 ], [ 1.4778005, 43.4134338 ], [ 1.4780335, 43.4128847 ], [ 1.4781681, 43.4126804 ], [ 1.4787611, 43.4119994 ], [ 1.4790402, 43.4116747 ], [ 1.4791407, 43.4114884 ], [ 1.4793078, 43.4108855 ], [ 1.4793448, 43.410228 ], [ 1.4793566, 43.4101993 ], [ 1.4794973, 43.4099332 ] ] ] } },
{ "type": "Feature", "properties": { "id": "relation/160896", "ID_COMM": "310437", "NOMCOM": "POUZE", "Commune": "POUZE", "median": null, "q1": null }, "geometry": { "type": "Polygon", "coordinates": [ [ [ 1.5413149, 43.4275266 ], [ 1.5413207, 43.4275478 ], [ 1.5411345, 43.4278238 ], [ 1.5415834, 43.4277884 ], [ 1.5421911, 43.4278174 ], [ 1.5424598, 43.4278038 ], [ 1.5430859, 43.4276977 ], [ 1.5435665, 43.4276579 ], [ 1.5447934, 43.4274582 ], [ 1.5450661, 43.4273617 ], [ 1.5453608, 43.4272892 ], [ 1.5458411, 43.4272104 ], [ 1.5459566, 43.4272131 ], [ 1.5462196, 43.4273183 ], [ 1.5463663, 43.4273352 ], [ 1.5468278, 43.4273463 ], [ 1.5470304, 43.4273885 ], [ 1.5470995, 43.4273789 ], [ 1.5475527, 43.4272232 ], [ 1.5480327, 43.4271414 ], [ 1.5481923, 43.4271421 ], [ 1.5486171, 43.4270548 ], [ 1.5487184, 43.4270727 ], [ 1.5489492, 43.4272673 ], [ 1.5492037, 43.4273652 ], [ 1.5494506, 43.4274276 ], [ 1.5496408, 43.4274432 ], [ 1.5497619, 43.4278827 ], [ 1.5497653, 43.4279655 ], [ 1.5495606, 43.4287383 ], [ 1.5494802, 43.4289017 ], [ 1.5493808, 43.4291999 ], [ 1.5492492, 43.4294303 ], [ 1.5492551, 43.4295119 ], [ 1.5494739, 43.4300605 ], [ 1.5494431, 43.4302708 ], [ 1.5496616, 43.4304591 ], [ 1.5497784, 43.4306013 ], [ 1.5502231, 43.4309334 ], [ 1.550599, 43.4311215 ], [ 1.5507652, 43.4312436 ], [ 1.5509823, 43.4313684 ], [ 1.5511773, 43.4315219 ], [ 1.5512128, 43.4316011 ], [ 1.551239, 43.4317423 ], [ 1.5514172, 43.4320886 ], [ 1.5514561, 43.4322061 ], [ 1.5514719, 43.4325104 ], [ 1.5514238, 43.4327192 ], [ 1.5514512, 43.4327736 ], [ 1.5519407, 43.4333042 ], [ 1.5519708, 43.4333554 ], [ 1.5503987, 43.4338421 ], [ 1.5503933, 43.4338583 ], [ 1.5507472, 43.4341753 ], [ 1.5507552, 43.4342002 ], [ 1.5506902, 43.4342541 ], [ 1.5494298, 43.4350028 ], [ 1.5490821, 43.4351868 ], [ 1.5489668, 43.4352318 ], [ 1.5489442, 43.4352711 ], [ 1.5485817, 43.4354803 ], [ 1.5479661, 43.4357308 ], [ 1.5476808, 43.4358702 ], [ 1.5473797, 43.4360766 ], [ 1.5471791, 43.4361673 ], [ 1.5463135, 43.4367416 ], [ 1.5461119, 43.4368558 ], [ 1.546061, 43.4369718 ], [ 1.5455195, 43.4373179 ], [ 1.5440704, 43.4380045 ], [ 1.5440302, 43.4379943 ], [ 1.5438685, 43.4378897 ], [ 1.543825, 43.4378817 ], [ 1.5437631, 43.437898 ], [ 1.543624, 43.4379912 ], [ 1.5435204, 43.4380362 ], [ 1.5427928, 43.4382071 ], [ 1.5416654, 43.4384307 ], [ 1.5403739, 43.4386563 ], [ 1.5401903, 43.4387143 ], [ 1.5397954, 43.4388042 ], [ 1.5392713, 43.4389462 ], [ 1.5392371, 43.4389766 ], [ 1.540651, 43.4413681 ], [ 1.540645, 43.4413828 ], [ 1.5403898, 43.4414735 ], [ 1.5404141, 43.4415342 ], [ 1.5380275, 43.4423047 ], [ 1.5379055, 43.4423259 ], [ 1.5374125, 43.4423558 ], [ 1.537292, 43.4422553 ], [ 1.5372061, 43.4422089 ], [ 1.5371063, 43.4421833 ], [ 1.5368782, 43.4421719 ], [ 1.5362056, 43.4420985 ], [ 1.5358257, 43.4420873 ], [ 1.5356978, 43.4421302 ], [ 1.535209, 43.4421488 ], [ 1.5355679, 43.443388 ], [ 1.533675, 43.4438714 ], [ 1.5337666, 43.4439181 ], [ 1.5348293, 43.444328 ], [ 1.5348924, 43.4443638 ], [ 1.5349909, 43.4445018 ], [ 1.5349884, 43.4445434 ], [ 1.5340975, 43.4448235 ], [ 1.5330747, 43.4450955 ], [ 1.5328302, 43.4451443 ], [ 1.5325508, 43.4451775 ], [ 1.5318256, 43.4452005 ], [ 1.5314316, 43.4451277 ], [ 1.5307041, 43.4450845 ], [ 1.5305208, 43.4450518 ], [ 1.5294431, 43.4449611 ], [ 1.5288295, 43.4448611 ], [ 1.5287412, 43.4448349 ], [ 1.5286281, 43.444752 ], [ 1.5284025, 43.4444633 ], [ 1.5282598, 43.444183 ], [ 1.5282102, 43.444162 ], [ 1.5281709, 43.4440293 ], [ 1.5280462, 43.4429317 ], [ 1.528014, 43.4428627 ], [ 1.5270823, 43.4415394 ], [ 1.5265153, 43.4406967 ], [ 1.5235407, 43.4407469 ], [ 1.5232456, 43.4407382 ], [ 1.5208062, 43.4405159 ], [ 1.5199263, 43.4403166 ], [ 1.5188964, 43.4400515 ], [ 1.5188322, 43.4400147 ], [ 1.5188812, 43.4398846 ], [ 1.5190637, 43.4393995 ], [ 1.5191094, 43.4392781 ], [ 1.5191362, 43.4391166 ], [ 1.5190841, 43.4386324 ], [ 1.5189375, 43.4372715 ], [ 1.5187937, 43.4361569 ], [ 1.5187599, 43.4358947 ], [ 1.5187523, 43.4357043 ], [ 1.5189007, 43.4351857 ], [ 1.5188184, 43.4347444 ], [ 1.5188007, 43.4344217 ], [ 1.5188282, 43.4341995 ], [ 1.5189763, 43.4335811 ], [ 1.5197063, 43.4332825 ], [ 1.5202375, 43.4330456 ], [ 1.5207528, 43.4327898 ], [ 1.5214175, 43.4324184 ], [ 1.5216309, 43.4322545 ], [ 1.5220739, 43.4318537 ], [ 1.5227117, 43.4314554 ], [ 1.5229686, 43.4313316 ], [ 1.5233367, 43.4310457 ], [ 1.5234961, 43.4308759 ], [ 1.5236003, 43.4307993 ], [ 1.523924, 43.4299355 ], [ 1.5240152, 43.4297459 ], [ 1.5245016, 43.4291739 ], [ 1.524686, 43.4289093 ], [ 1.5253431, 43.4283953 ], [ 1.5254226, 43.4283022 ], [ 1.5255905, 43.4278773 ], [ 1.525565, 43.4278627 ], [ 1.5252794, 43.4278485 ], [ 1.5248016, 43.4277187 ], [ 1.5246946, 43.4277019 ], [ 1.5241954, 43.4276867 ], [ 1.5236081, 43.4275992 ], [ 1.521959, 43.4272492 ], [ 1.5218086, 43.4272025 ], [ 1.5216184, 43.4270691 ], [ 1.5215683, 43.4269646 ], [ 1.5215713, 43.4269339 ], [ 1.5216092, 43.4269101 ], [ 1.5218229, 43.426863 ], [ 1.5254333, 43.4267581 ], [ 1.5256241, 43.4272125 ], [ 1.5256511, 43.4272408 ], [ 1.5257081, 43.4272416 ], [ 1.5278371, 43.426797 ], [ 1.5279192, 43.4267685 ], [ 1.5280063, 43.4266979 ], [ 1.5282525, 43.4263713 ], [ 1.5283595, 43.4263277 ], [ 1.5298403, 43.4258963 ], [ 1.5307576, 43.4255891 ], [ 1.5317577, 43.4252276 ], [ 1.533061, 43.4248337 ], [ 1.5331395, 43.424798 ], [ 1.5330838, 43.4246706 ], [ 1.5330976, 43.4246428 ], [ 1.5345019, 43.4242213 ], [ 1.5351087, 43.4240708 ], [ 1.5365877, 43.4242918 ], [ 1.5372202, 43.4243684 ], [ 1.5372947, 43.4243412 ], [ 1.5396095, 43.4228737 ], [ 1.5396639, 43.4228531 ], [ 1.5399026, 43.4231137 ], [ 1.5399709, 43.423254 ], [ 1.5404018, 43.4246654 ], [ 1.5413149, 43.4275266 ] ] ] } },
{ "type": "Feature", "properties": { "id": "relation/160897", "ID_COMM": "310058", "NOMCOM": "BELBEZE DE LAURAGAIS", "Commune": "BELBEZE DE LAURAGAIS", "median": null, "q1": null }, "geometry": { "type": "Polygon", "coordinates": [ [ [ 1.5637163, 43.4265189 ], [ 1.5643818, 43.4295149 ], [ 1.5646189, 43.4298769 ], [ 1.5648091, 43.4301 ], [ 1.5671807, 43.4312289 ], [ 1.5681223, 43.4316432 ], [ 1.5683058, 43.4317036 ], [ 1.5690967, 43.4318733 ], [ 1.5715067, 43.4323089 ], [ 1.5730966, 43.4325741 ], [ 1.5731924, 43.4326001 ], [ 1.5732805, 43.4326517 ], [ 1.573346, 43.4327193 ], [ 1.5734029, 43.432838 ], [ 1.5736536, 43.4340952 ], [ 1.5736344, 43.4341108 ], [ 1.5733929, 43.4341645 ], [ 1.573317, 43.4341402 ], [ 1.5732265, 43.4341631 ], [ 1.5722316, 43.4346464 ], [ 1.5717389, 43.4348639 ], [ 1.570739, 43.4352252 ], [ 1.5703978, 43.4353655 ], [ 1.5695987, 43.4357606 ], [ 1.5694377, 43.4358701 ], [ 1.5692877, 43.4360271 ], [ 1.5691196, 43.4362539 ], [ 1.5689175, 43.4368568 ], [ 1.5689275, 43.4369419 ], [ 1.5698264, 43.437714 ], [ 1.5698352, 43.4377375 ], [ 1.5697995, 43.4377639 ], [ 1.5691924, 43.4380129 ], [ 1.5688752, 43.4381147 ], [ 1.5680206, 43.4385139 ], [ 1.5678258, 43.4386827 ], [ 1.5677702, 43.4387532 ], [ 1.5676589, 43.4390134 ], [ 1.5674858, 43.4391508 ], [ 1.5670169, 43.4394155 ], [ 1.5667678, 43.4396103 ], [ 1.5667189, 43.4397137 ], [ 1.5666255, 43.4397855 ], [ 1.5665261, 43.4398951 ], [ 1.5663344, 43.4400557 ], [ 1.5659949, 43.4403821 ], [ 1.5657224, 43.4405484 ], [ 1.5656302, 43.4406437 ], [ 1.5653015, 43.4408656 ], [ 1.5650664, 43.4409776 ], [ 1.564312, 43.4415797 ], [ 1.5642635, 43.4416335 ], [ 1.5638972, 43.4424077 ], [ 1.5638765, 43.4424945 ], [ 1.5639266, 43.4431195 ], [ 1.5639246, 43.443483 ], [ 1.5639825, 43.4437348 ], [ 1.5639643, 43.4439256 ], [ 1.5638213, 43.4444735 ], [ 1.5635686, 43.4456114 ], [ 1.5636363, 43.4456817 ], [ 1.563632, 43.4457737 ], [ 1.5636031, 43.4458301 ], [ 1.5632767, 43.4456258 ], [ 1.5625991, 43.4458009 ], [ 1.5624116, 43.4458713 ], [ 1.562133, 43.4460258 ], [ 1.5621533, 43.4460942 ], [ 1.56229, 43.446247 ], [ 1.5621868, 43.4463728 ], [ 1.5618737, 43.4466221 ], [ 1.5620484, 43.4469614 ], [ 1.5620732, 43.4471042 ], [ 1.5620681, 43.4471881 ], [ 1.5620339, 43.4472213 ], [ 1.5610353, 43.4476546 ], [ 1.5607243, 43.4474035 ], [ 1.5603717, 43.4471968 ], [ 1.559487, 43.446598 ], [ 1.5594337, 43.4465864 ], [ 1.5593938, 43.446597 ], [ 1.5589729, 43.4468671 ], [ 1.5587118, 43.4470044 ], [ 1.5585732, 43.4470578 ], [ 1.5583917, 43.4471032 ], [ 1.5572128, 43.4472415 ], [ 1.5570787, 43.4472684 ], [ 1.5561662, 43.4475478 ], [ 1.5556679, 43.4478066 ], [ 1.5554233, 43.4479149 ], [ 1.5553454, 43.4479295 ], [ 1.5552275, 43.4479205 ], [ 1.5551275, 43.4479505 ], [ 1.5549423, 43.4480391 ], [ 1.5547308, 43.4481165 ], [ 1.5539579, 43.4484596 ], [ 1.5538722, 43.4484853 ], [ 1.5527054, 43.4482515 ], [ 1.5522346, 43.4485171 ], [ 1.5521677, 43.4485239 ], [ 1.5518533, 43.448191 ], [ 1.5518572, 43.448174 ], [ 1.55202, 43.4480665 ], [ 1.5515231, 43.4477085 ], [ 1.551485, 43.4477036 ], [ 1.5514232, 43.44775 ], [ 1.5509061, 43.4473547 ], [ 1.5508732, 43.4473523 ], [ 1.5497622, 43.4480851 ], [ 1.5496739, 43.4478188 ], [ 1.549568, 43.4477108 ], [ 1.5492061, 43.4474822 ], [ 1.5488896, 43.4472174 ], [ 1.5487676, 43.4470899 ], [ 1.5486761, 43.44695 ], [ 1.5485306, 43.4464211 ], [ 1.5483799, 43.4460704 ], [ 1.5483827, 43.4459382 ], [ 1.5484978, 43.445811 ], [ 1.5489675, 43.4455014 ], [ 1.5490046, 43.445468 ], [ 1.5487568, 43.445152 ], [ 1.5485586, 43.4448991 ], [ 1.5480324, 43.4443186 ], [ 1.5478703, 43.444106 ], [ 1.5477547, 43.4440962 ], [ 1.5471329, 43.444156 ], [ 1.546238, 43.4442703 ], [ 1.5458632, 43.4443542 ], [ 1.5456984, 43.4443758 ], [ 1.5453408, 43.4443837 ], [ 1.5444555, 43.4444662 ], [ 1.544313, 43.4444681 ], [ 1.5441489, 43.4446779 ], [ 1.5439684, 43.4448555 ], [ 1.5433977, 43.4452761 ], [ 1.5430712, 43.4454666 ], [ 1.5409228, 43.4431478 ], [ 1.5408905, 43.4431323 ], [ 1.5405512, 43.443169 ], [ 1.5398975, 43.4431237 ], [ 1.5390866, 43.4430965 ], [ 1.5388569, 43.4431244 ], [ 1.5386124, 43.4430938 ], [ 1.5379852, 43.4431018 ], [ 1.5378512, 43.4430024 ], [ 1.5376866, 43.4429127 ], [ 1.5376197, 43.4428262 ], [ 1.537561, 43.4426009 ], [ 1.5374125, 43.4423558 ], [ 1.5379055, 43.4423259 ], [ 1.5380275, 43.4423047 ], [ 1.5404141, 43.4415342 ], [ 1.5403898, 43.4414735 ], [ 1.540645, 43.4413828 ], [ 1.540651, 43.4413681 ], [ 1.5392371, 43.4389766 ], [ 1.5392713, 43.4389462 ], [ 1.5397954, 43.4388042 ], [ 1.5401903, 43.4387143 ], [ 1.5403739, 43.4386563 ], [ 1.5416654, 43.4384307 ], [ 1.5427928, 43.4382071 ], [ 1.5435204, 43.4380362 ], [ 1.543624, 43.4379912 ], [ 1.5437631, 43.437898 ], [ 1.543825, 43.4378817 ], [ 1.5438685, 43.4378897 ], [ 1.5440302, 43.4379943 ], [ 1.5440704, 43.4380045 ], [ 1.5455195, 43.4373179 ], [ 1.546061, 43.4369718 ], [ 1.5461119, 43.4368558 ], [ 1.5463135, 43.4367416 ], [ 1.5471791, 43.4361673 ], [ 1.5473797, 43.4360766 ], [ 1.5476808, 43.4358702 ], [ 1.5479661, 43.4357308 ], [ 1.5485817, 43.4354803 ], [ 1.5489442, 43.4352711 ], [ 1.5489668, 43.4352318 ], [ 1.5490821, 43.4351868 ], [ 1.5494298, 43.4350028 ], [ 1.5506902, 43.4342541 ], [ 1.5507552, 43.4342002 ], [ 1.5507472, 43.4341753 ], [ 1.5503933, 43.4338583 ], [ 1.5503987, 43.4338421 ], [ 1.5519708, 43.4333554 ], [ 1.5519407, 43.4333042 ], [ 1.5514512, 43.4327736 ], [ 1.5514238, 43.4327192 ], [ 1.5514719, 43.4325104 ], [ 1.5514561, 43.4322061 ], [ 1.5514172, 43.4320886 ], [ 1.551239, 43.4317423 ], [ 1.5512128, 43.4316011 ], [ 1.5511773, 43.4315219 ], [ 1.5509823, 43.4313684 ], [ 1.5507652, 43.4312436 ], [ 1.550599, 43.4311215 ], [ 1.5502231, 43.4309334 ], [ 1.5497784, 43.4306013 ], [ 1.5496616, 43.4304591 ], [ 1.5494431, 43.4302708 ], [ 1.5494739, 43.4300605 ], [ 1.5492551, 43.4295119 ], [ 1.5492492, 43.4294303 ], [ 1.5493808, 43.4291999 ], [ 1.5494802, 43.4289017 ], [ 1.5495606, 43.4287383 ], [ 1.5497653, 43.4279655 ], [ 1.5497619, 43.4278827 ], [ 1.5496408, 43.4274432 ], [ 1.549704, 43.4274414 ], [ 1.5510125, 43.4276481 ], [ 1.5512558, 43.4277114 ], [ 1.5519519, 43.427759 ], [ 1.5527911, 43.4278668 ], [ 1.553226, 43.427906 ], [ 1.5534273, 43.4279474 ], [ 1.553678, 43.4279591 ], [ 1.5538865, 43.4279893 ], [ 1.5542122, 43.4280101 ], [ 1.5551851, 43.4279973 ], [ 1.5553353, 43.4279718 ], [ 1.555674, 43.4279956 ], [ 1.5560235, 43.427967 ], [ 1.5561669, 43.4279884 ], [ 1.5563517, 43.4280435 ], [ 1.5564976, 43.4280614 ], [ 1.556987, 43.4280156 ], [ 1.5576276, 43.4279946 ], [ 1.5577422, 43.4279797 ], [ 1.5580619, 43.4278837 ], [ 1.5583864, 43.427812 ], [ 1.5589097, 43.4277426 ], [ 1.5596743, 43.427684 ], [ 1.5601287, 43.4276287 ], [ 1.560357, 43.4275789 ], [ 1.5615535, 43.4272382 ], [ 1.5626578, 43.4268546 ], [ 1.5636508, 43.4265286 ], [ 1.5637163, 43.4265189 ] ] ] } },
{ "type": "Feature", "properties": { "id": "relation/160900", "ID_COMM": "310381", "NOMCOM": "MONTGISCARD", "Commune": "MONTGISCARD", "median": 759.9439563434571, "q1": 589.72580269817263 }, "geometry": { "type": "Polygon", "coordinates": [ [ [ 1.5374125, 43.4423558 ], [ 1.537561, 43.4426009 ], [ 1.5376197, 43.4428262 ], [ 1.5376866, 43.4429127 ], [ 1.5378512, 43.4430024 ], [ 1.5379852, 43.4431018 ], [ 1.5386124, 43.4430938 ], [ 1.5388569, 43.4431244 ], [ 1.5390866, 43.4430965 ], [ 1.5398975, 43.4431237 ], [ 1.5405512, 43.443169 ], [ 1.5408905, 43.4431323 ], [ 1.5409228, 43.4431478 ], [ 1.5430712, 43.4454666 ], [ 1.5433977, 43.4452761 ], [ 1.5439684, 43.4448555 ], [ 1.5441489, 43.4446779 ], [ 1.544313, 43.4444681 ], [ 1.5444555, 43.4444662 ], [ 1.5453408, 43.4443837 ], [ 1.5456984, 43.4443758 ], [ 1.5458632, 43.4443542 ], [ 1.546238, 43.4442703 ], [ 1.5471329, 43.444156 ], [ 1.5477547, 43.4440962 ], [ 1.5478703, 43.444106 ], [ 1.5480324, 43.4443186 ], [ 1.5485586, 43.4448991 ], [ 1.5487568, 43.445152 ], [ 1.5490046, 43.445468 ], [ 1.5489675, 43.4455014 ], [ 1.5484978, 43.445811 ], [ 1.5483827, 43.4459382 ], [ 1.5483799, 43.4460704 ], [ 1.5485306, 43.4464211 ], [ 1.5486761, 43.44695 ], [ 1.5487676, 43.4470899 ], [ 1.5488896, 43.4472174 ], [ 1.5492061, 43.4474822 ], [ 1.549568, 43.4477108 ], [ 1.5496739, 43.4478188 ], [ 1.5497622, 43.4480851 ], [ 1.5508732, 43.4473523 ], [ 1.5509061, 43.4473547 ], [ 1.5514232, 43.44775 ], [ 1.551485, 43.4477036 ], [ 1.5515231, 43.4477085 ], [ 1.55202, 43.4480665 ], [ 1.5518572, 43.448174 ], [ 1.5518533, 43.448191 ], [ 1.5521677, 43.4485239 ], [ 1.5522346, 43.4485171 ], [ 1.5527054, 43.4482515 ], [ 1.5538722, 43.4484853 ], [ 1.5539579, 43.4484596 ], [ 1.5547308, 43.4481165 ], [ 1.5549423, 43.4480391 ], [ 1.5551275, 43.4479505 ], [ 1.5552275, 43.4479205 ], [ 1.5553454, 43.4479295 ], [ 1.5554233, 43.4479149 ], [ 1.5556679, 43.4478066 ], [ 1.5561662, 43.4475478 ], [ 1.5570787, 43.4472684 ], [ 1.5572128, 43.4472415 ], [ 1.5583917, 43.4471032 ], [ 1.5585732, 43.4470578 ], [ 1.5587118, 43.4470044 ], [ 1.5589729, 43.4468671 ], [ 1.5593938, 43.446597 ], [ 1.5594337, 43.4465864 ], [ 1.559487, 43.446598 ], [ 1.5603717, 43.4471968 ], [ 1.5607243, 43.4474035 ], [ 1.5610353, 43.4476546 ], [ 1.5620339, 43.4472213 ], [ 1.5620681, 43.4471881 ], [ 1.5620732, 43.4471042 ], [ 1.5620484, 43.4469614 ], [ 1.5618737, 43.4466221 ], [ 1.5621868, 43.4463728 ], [ 1.56229, 43.446247 ], [ 1.5621533, 43.4460942 ], [ 1.562133, 43.4460258 ], [ 1.5624116, 43.4458713 ], [ 1.5625991, 43.4458009 ], [ 1.5632767, 43.4456258 ], [ 1.5636031, 43.4458301 ], [ 1.563632, 43.4457737 ], [ 1.5636363, 43.4456817 ], [ 1.5635686, 43.4456114 ], [ 1.5638213, 43.4444735 ], [ 1.5639643, 43.4439256 ], [ 1.5639825, 43.4437348 ], [ 1.5639246, 43.443483 ], [ 1.5639266, 43.4431195 ], [ 1.5638765, 43.4424945 ], [ 1.5638972, 43.4424077 ], [ 1.5642635, 43.4416335 ], [ 1.564312, 43.4415797 ], [ 1.5650664, 43.4409776 ], [ 1.5653015, 43.4408656 ], [ 1.5656302, 43.4406437 ], [ 1.5657224, 43.4405484 ], [ 1.5659949, 43.4403821 ], [ 1.5663344, 43.4400557 ], [ 1.5665261, 43.4398951 ], [ 1.5666255, 43.4397855 ], [ 1.5667189, 43.4397137 ], [ 1.5667678, 43.4396103 ], [ 1.5670169, 43.4394155 ], [ 1.5674858, 43.4391508 ], [ 1.5676589, 43.4390134 ], [ 1.5677702, 43.4387532 ], [ 1.5678258, 43.4386827 ], [ 1.5680206, 43.4385139 ], [ 1.5688752, 43.4381147 ], [ 1.5691924, 43.4380129 ], [ 1.5697995, 43.4377639 ], [ 1.5698352, 43.4377375 ], [ 1.5698264, 43.437714 ], [ 1.5689275, 43.4369419 ], [ 1.5689175, 43.4368568 ], [ 1.5691196, 43.4362539 ], [ 1.5692877, 43.4360271 ], [ 1.5694377, 43.4358701 ], [ 1.5695987, 43.4357606 ], [ 1.5703978, 43.4353655 ], [ 1.570739, 43.4352252 ], [ 1.5717389, 43.4348639 ], [ 1.5722316, 43.4346464 ], [ 1.5732265, 43.4341631 ], [ 1.573317, 43.4341402 ], [ 1.5733929, 43.4341645 ], [ 1.5736344, 43.4341108 ], [ 1.5736536, 43.4340952 ], [ 1.5734029, 43.432838 ], [ 1.573346, 43.4327193 ], [ 1.5732805, 43.4326517 ], [ 1.5731924, 43.4326001 ], [ 1.5730966, 43.4325741 ], [ 1.5715067, 43.4323089 ], [ 1.5690967, 43.4318733 ], [ 1.5683058, 43.4317036 ], [ 1.5681223, 43.4316432 ], [ 1.5671807, 43.4312289 ], [ 1.5648091, 43.4301 ], [ 1.5646189, 43.4298769 ], [ 1.5643818, 43.4295149 ], [ 1.5637163, 43.4265189 ], [ 1.5638733, 43.4264955 ], [ 1.5640456, 43.4264772 ], [ 1.5645065, 43.4263313 ], [ 1.5646984, 43.4263053 ], [ 1.5658601, 43.4263016 ], [ 1.5660523, 43.4263154 ], [ 1.5664418, 43.4263804 ], [ 1.5674069, 43.4264155 ], [ 1.568265, 43.4263504 ], [ 1.5692887, 43.4262087 ], [ 1.5698163, 43.4261031 ], [ 1.5701011, 43.4259944 ], [ 1.5704668, 43.4258145 ], [ 1.5713438, 43.4252711 ], [ 1.571523, 43.4251712 ], [ 1.5716376, 43.425111 ], [ 1.5717803, 43.4250783 ], [ 1.5718925, 43.4250726 ], [ 1.5720983, 43.4251116 ], [ 1.5726395, 43.4252228 ], [ 1.5734965, 43.4253933 ], [ 1.5736739, 43.4254282 ], [ 1.5737805, 43.4255806 ], [ 1.5738725, 43.4257628 ], [ 1.5740391, 43.426088 ], [ 1.5744281, 43.4268349 ], [ 1.5749125, 43.4277768 ], [ 1.5750132, 43.4279655 ], [ 1.5751132, 43.4280777 ], [ 1.5753022, 43.4281827 ], [ 1.5754722, 43.4282474 ], [ 1.5760924, 43.4284422 ], [ 1.576553, 43.4285905 ], [ 1.5776091, 43.428923 ], [ 1.5782807, 43.4291298 ], [ 1.5793545, 43.4294741 ], [ 1.5797036, 43.4295763 ], [ 1.579877, 43.42965 ], [ 1.5800259, 43.429699 ], [ 1.5801024, 43.4296995 ], [ 1.58022, 43.4296848 ], [ 1.5802875, 43.4296917 ], [ 1.5803692, 43.4297026 ], [ 1.5804718, 43.4297422 ], [ 1.5806024, 43.4298273 ], [ 1.5806679, 43.4298563 ], [ 1.5807584, 43.4298712 ], [ 1.5808953, 43.4298825 ], [ 1.5810321, 43.4298938 ], [ 1.5810905, 43.4299175 ], [ 1.5812585, 43.4300029 ], [ 1.5812509, 43.4300339 ], [ 1.5811609, 43.4301189 ], [ 1.5810509, 43.4302375 ], [ 1.5809539, 43.4303146 ], [ 1.5808677, 43.4303737 ], [ 1.5806433, 43.4305329 ], [ 1.5803524, 43.4307488 ], [ 1.580065, 43.4309647 ], [ 1.57995, 43.431056 ], [ 1.5798683, 43.4311877 ], [ 1.5797597, 43.4313387 ], [ 1.5790891, 43.431893 ], [ 1.5786718, 43.4322519 ], [ 1.5782959, 43.4325735 ], [ 1.5782201, 43.4326573 ], [ 1.5780701, 43.432843 ], [ 1.5779514, 43.4329381 ], [ 1.5778386, 43.432997 ], [ 1.5776581, 43.4330645 ], [ 1.5770345, 43.433273 ], [ 1.5770396, 43.4332911 ], [ 1.577643, 43.4338359 ], [ 1.5782976, 43.434403 ], [ 1.5777259, 43.4348763 ], [ 1.5776123, 43.4349922 ], [ 1.5774748, 43.4351702 ], [ 1.578093, 43.4356722 ], [ 1.5790144, 43.4363954 ], [ 1.5795871, 43.4368349 ], [ 1.5803952, 43.4375119 ], [ 1.5802529, 43.4376497 ], [ 1.5799489, 43.4379095 ], [ 1.5795481, 43.4382297 ], [ 1.5791297, 43.4385316 ], [ 1.5790809, 43.4385961 ], [ 1.5790605, 43.4386582 ], [ 1.5790691, 43.4388203 ], [ 1.5791173, 43.4390903 ], [ 1.5791773, 43.4394162 ], [ 1.579225, 43.4397238 ], [ 1.5792742, 43.4399108 ], [ 1.5792957, 43.4400406 ], [ 1.5793224, 43.4401808 ], [ 1.5793831, 43.4403018 ], [ 1.5795816, 43.4405067 ], [ 1.5797066, 43.4406099 ], [ 1.5798497, 43.4406926 ], [ 1.5801063, 43.4408045 ], [ 1.5802571, 43.4408379 ], [ 1.5803978, 43.4408298 ], [ 1.5804869, 43.4408213 ], [ 1.580563, 43.4408516 ], [ 1.5808402, 43.4410285 ], [ 1.5808538, 43.4410766 ], [ 1.5808671, 43.441148 ], [ 1.5809396, 43.4413248 ], [ 1.5810169, 43.441547 ], [ 1.5810109, 43.4416015 ], [ 1.5809834, 43.4416648 ], [ 1.5809291, 43.4417358 ], [ 1.5808947, 43.4417809 ], [ 1.5808925, 43.4418198 ], [ 1.5809157, 43.4419483 ], [ 1.5809346, 43.4420042 ], [ 1.5809265, 43.4420871 ], [ 1.5809096, 43.4421531 ], [ 1.5808894, 43.4421997 ], [ 1.580885, 43.4422683 ], [ 1.5808928, 43.442354 ], [ 1.580904, 43.4424526 ], [ 1.580877, 43.4424835 ], [ 1.5807887, 43.4425698 ], [ 1.5807528, 43.4425955 ], [ 1.5807416, 43.4426369 ], [ 1.5807356, 43.4426887 ], [ 1.5807437, 43.442751 ], [ 1.5807342, 43.4427963 ], [ 1.5806544, 43.4429164 ], [ 1.5806252, 43.4429732 ], [ 1.5806614, 43.4430681 ], [ 1.5807088, 43.4431164 ], [ 1.5808432, 43.4430473 ], [ 1.5809205, 43.4429843 ], [ 1.5810213, 43.4428877 ], [ 1.5810609, 43.4428543 ], [ 1.581118, 43.4428456 ], [ 1.5811318, 43.4428742 ], [ 1.5811842, 43.4429575 ], [ 1.5813422, 43.4431271 ], [ 1.5814267, 43.4432241 ], [ 1.5817654, 43.4435397 ], [ 1.5822593, 43.4438436 ], [ 1.5824453, 43.4439769 ], [ 1.5825987, 43.444101 ], [ 1.5826368, 43.4441391 ], [ 1.5832951, 43.4447544 ], [ 1.5840047, 43.4451942 ], [ 1.5846912, 43.4456395 ], [ 1.5849977, 43.4459292 ], [ 1.5851039, 43.4460438 ], [ 1.5854202, 43.4461673 ], [ 1.5857201, 43.4463691 ], [ 1.585834, 43.4464819 ], [ 1.5860671, 43.446702 ], [ 1.5861477, 43.4468127 ], [ 1.58619, 43.4469119 ], [ 1.5862092, 43.4470166 ], [ 1.5861665, 43.4471527 ], [ 1.5859741, 43.4475753 ], [ 1.5859024, 43.4477765 ], [ 1.5858953, 43.4479352 ], [ 1.585932, 43.4480737 ], [ 1.586061, 43.4484144 ], [ 1.5861543, 43.44874 ], [ 1.5862008, 43.449125 ], [ 1.5864269, 43.4496961 ], [ 1.5866544, 43.450157 ], [ 1.5868254, 43.4506213 ], [ 1.5871207, 43.4511947 ], [ 1.587512, 43.451914 ], [ 1.5875918, 43.4520606 ], [ 1.5879235, 43.4521823 ], [ 1.5898075, 43.4524002 ], [ 1.590212, 43.4524402 ], [ 1.5913487, 43.453798 ], [ 1.590936, 43.453995 ], [ 1.5912211, 43.4545759 ], [ 1.5912989, 43.4551161 ], [ 1.591155, 43.4551487 ], [ 1.5912249, 43.455312 ], [ 1.5910122, 43.4553792 ], [ 1.5910946, 43.4555573 ], [ 1.5911828, 43.4556033 ], [ 1.5919955, 43.45575 ], [ 1.5926495, 43.4558622 ], [ 1.5928166, 43.4559092 ], [ 1.5937049, 43.4560832 ], [ 1.5945567, 43.4562221 ], [ 1.5946913, 43.4562484 ], [ 1.5949355, 43.4561635 ], [ 1.5950713, 43.4561759 ], [ 1.5952277, 43.456151 ], [ 1.5957105, 43.4563165 ], [ 1.5957616, 43.4563635 ], [ 1.5959356, 43.4564666 ], [ 1.5970187, 43.456446 ], [ 1.5981598, 43.4564329 ], [ 1.5997998, 43.4564023 ], [ 1.6015114, 43.4563802 ], [ 1.6023565, 43.4563635 ], [ 1.6033714, 43.4563415 ], [ 1.60361, 43.4563031 ], [ 1.6036472, 43.4563472 ], [ 1.6037138, 43.4563788 ], [ 1.6038071, 43.4564543 ], [ 1.6030341, 43.4568298 ], [ 1.6019851, 43.4572903 ], [ 1.6017576, 43.4573705 ], [ 1.6017463, 43.4571375 ], [ 1.6016887, 43.4570223 ], [ 1.6016432, 43.4569753 ], [ 1.6015653, 43.4569317 ], [ 1.6014871, 43.4569124 ], [ 1.6013751, 43.4569176 ], [ 1.6009228, 43.4570331 ], [ 1.6006695, 43.4570495 ], [ 1.6003609, 43.4570102 ], [ 1.600241, 43.4570135 ], [ 1.6001245, 43.4570478 ], [ 1.5998857, 43.4572033 ], [ 1.5996583, 43.4574452 ], [ 1.5995805, 43.4574782 ], [ 1.5995204, 43.4574709 ], [ 1.5994041, 43.457403 ], [ 1.5992359, 43.4572187 ], [ 1.5991542, 43.4571821 ], [ 1.5990621, 43.4571859 ], [ 1.5990005, 43.457219 ], [ 1.5987938, 43.4574419 ], [ 1.5987225, 43.4574976 ], [ 1.5986004, 43.4575549 ], [ 1.5983152, 43.4576545 ], [ 1.5982328, 43.4577205 ], [ 1.5981374, 43.4579894 ], [ 1.5981028, 43.4580382 ], [ 1.5980285, 43.4580832 ], [ 1.5979615, 43.4580922 ], [ 1.5976706, 43.4580569 ], [ 1.5972939, 43.458067 ], [ 1.597199, 43.4580442 ], [ 1.5971365, 43.457979 ], [ 1.5970474, 43.4577777 ], [ 1.5969759, 43.4577253 ], [ 1.5969206, 43.4577134 ], [ 1.5960768, 43.4577293 ], [ 1.5959447, 43.4577531 ], [ 1.5957975, 43.4578155 ], [ 1.5954597, 43.4580176 ], [ 1.5953841, 43.4580396 ], [ 1.5952829, 43.4580216 ], [ 1.5951229, 43.4579288 ], [ 1.5949785, 43.4578892 ], [ 1.5948297, 43.4579088 ], [ 1.5947312, 43.4579667 ], [ 1.5946856, 43.4580153 ], [ 1.5946435, 43.4581257 ], [ 1.5946567, 43.4582436 ], [ 1.5947154, 43.4583567 ], [ 1.5948099, 43.4584526 ], [ 1.5950933, 43.4586301 ], [ 1.5951444, 43.4587257 ], [ 1.5951462, 43.4588404 ], [ 1.5951054, 43.4589185 ], [ 1.5950351, 43.4589839 ], [ 1.5948952, 43.459046 ], [ 1.5948155, 43.4590576 ], [ 1.5944317, 43.4590043 ], [ 1.5943317, 43.4590124 ], [ 1.5942497, 43.4590495 ], [ 1.5942293, 43.459215 ], [ 1.5942561, 43.4594221 ], [ 1.5943876, 43.4598258 ], [ 1.5943805, 43.4598891 ], [ 1.5943276, 43.4599373 ], [ 1.5942756, 43.4599568 ], [ 1.5941625, 43.4599691 ], [ 1.5941329, 43.4602462 ], [ 1.5940595, 43.4602741 ], [ 1.5914736, 43.4612583 ], [ 1.5916386, 43.4613265 ], [ 1.5919447, 43.4613983 ], [ 1.5920572, 43.4614414 ], [ 1.5924414, 43.4616708 ], [ 1.5948506, 43.4626023 ], [ 1.5950943, 43.4626512 ], [ 1.5951922, 43.4626854 ], [ 1.595234, 43.4627299 ], [ 1.5956013, 43.4628887 ], [ 1.5958067, 43.4629495 ], [ 1.5960239, 43.46298 ], [ 1.5962368, 43.4629788 ], [ 1.5963447, 43.4630132 ], [ 1.5965287, 43.463188 ], [ 1.5967733, 43.4633365 ], [ 1.5976323, 43.4640918 ], [ 1.5978749, 43.4643944 ], [ 1.5982087, 43.4645978 ], [ 1.5983411, 43.4647671 ], [ 1.5984483, 43.4649819 ], [ 1.5984582, 43.4650673 ], [ 1.5984111, 43.4653658 ], [ 1.5984343, 43.465606 ], [ 1.598384, 43.4661231 ], [ 1.5983902, 43.4664691 ], [ 1.5984417, 43.4667476 ], [ 1.5984433, 43.4668715 ], [ 1.5983845, 43.4670563 ], [ 1.5981961, 43.4674068 ], [ 1.5980822, 43.4677322 ], [ 1.5978788, 43.4681096 ], [ 1.5978093, 43.4683596 ], [ 1.5976227, 43.4691093 ], [ 1.5975533, 43.4692643 ], [ 1.5975493, 43.4693325 ], [ 1.5978296, 43.4697657 ], [ 1.5979106, 43.4699438 ], [ 1.5984889, 43.4708582 ], [ 1.5980074, 43.4710429 ], [ 1.5980338, 43.4711544 ], [ 1.5985834, 43.4725248 ], [ 1.5988969, 43.4733678 ], [ 1.5988762, 43.4733943 ], [ 1.597815, 43.4736407 ], [ 1.5976984, 43.4736173 ], [ 1.597299, 43.4736521 ], [ 1.5971818, 43.4736445 ], [ 1.595292, 43.4731695 ], [ 1.5948561, 43.4730343 ], [ 1.5941818, 43.4727714 ], [ 1.5939602, 43.4726501 ], [ 1.5929727, 43.4717285 ], [ 1.5911805, 43.4731264 ], [ 1.5910956, 43.4731646 ], [ 1.5902179, 43.4737545 ], [ 1.5901624, 43.4737232 ], [ 1.58999, 43.4735734 ], [ 1.5897185, 43.4733237 ], [ 1.5896854, 43.4733036 ], [ 1.5896481, 43.4733052 ], [ 1.5895086, 43.4733958 ], [ 1.585253, 43.473053 ], [ 1.5850775, 43.4730529 ], [ 1.5838738, 43.4729418 ], [ 1.5829395, 43.4717803 ], [ 1.5809705, 43.4691846 ], [ 1.5807005, 43.4691845 ], [ 1.5805428, 43.4692169 ], [ 1.5804842, 43.4692478 ], [ 1.5804415, 43.4693035 ], [ 1.5804317, 43.4693675 ], [ 1.5804487, 43.4694681 ], [ 1.5804265, 43.4695098 ], [ 1.5802924, 43.4695696 ], [ 1.57942, 43.4697589 ], [ 1.5792273, 43.4698214 ], [ 1.5789446, 43.4698687 ], [ 1.5787275, 43.4699254 ], [ 1.5780217, 43.4699757 ], [ 1.5779734, 43.4699596 ], [ 1.5778584, 43.4699751 ], [ 1.5776074, 43.4701494 ], [ 1.5775525, 43.4701669 ], [ 1.5774373, 43.4701425 ], [ 1.5773965, 43.4700942 ], [ 1.577388, 43.469901 ], [ 1.5773603, 43.4697915 ], [ 1.577316, 43.469721 ], [ 1.5772306, 43.4696886 ], [ 1.5771775, 43.4696991 ], [ 1.5770629, 43.4697581 ], [ 1.5769793, 43.4698377 ], [ 1.5769614, 43.4700267 ], [ 1.5769311, 43.4700706 ], [ 1.5768295, 43.4701287 ], [ 1.576066, 43.4703934 ], [ 1.5756578, 43.4706135 ], [ 1.5755705, 43.4706417 ], [ 1.5753722, 43.4706744 ], [ 1.5750739, 43.4706829 ], [ 1.5748606, 43.4706353 ], [ 1.5747865, 43.4705834 ], [ 1.5747592, 43.4705079 ], [ 1.574793, 43.4704217 ], [ 1.5749573, 43.4702676 ], [ 1.5749895, 43.4701945 ], [ 1.5749747, 43.4701492 ], [ 1.5749348, 43.4701139 ], [ 1.5748766, 43.4700918 ], [ 1.5747853, 43.470088 ], [ 1.5747148, 43.4701148 ], [ 1.5745282, 43.4702515 ], [ 1.5744207, 43.4703034 ], [ 1.5742044, 43.4703488 ], [ 1.5739036, 43.4703778 ], [ 1.5737877, 43.4703849 ], [ 1.5736824, 43.4703991 ], [ 1.5735307, 43.4704354 ], [ 1.5733511, 43.4704571 ], [ 1.5732503, 43.4704766 ], [ 1.5729681, 43.4705546 ], [ 1.5729321, 43.4705832 ], [ 1.5726571, 43.4707227 ], [ 1.5725537, 43.4707304 ], [ 1.5724454, 43.4706927 ], [ 1.5723821, 43.4706227 ], [ 1.5723897, 43.470553 ], [ 1.5725405, 43.4704015 ], [ 1.5725571, 43.4703293 ], [ 1.5724835, 43.4702344 ], [ 1.5720319, 43.4700471 ], [ 1.5718725, 43.4700004 ], [ 1.5717732, 43.4699924 ], [ 1.5716617, 43.4700329 ], [ 1.5715256, 43.4701584 ], [ 1.5714399, 43.4703038 ], [ 1.5714148, 43.4703861 ], [ 1.5714184, 43.4705307 ], [ 1.5714571, 43.4706681 ], [ 1.5715541, 43.4708 ], [ 1.5715673, 43.4708538 ], [ 1.5715382, 43.4709089 ], [ 1.5714347, 43.470966 ], [ 1.5713294, 43.4709667 ], [ 1.5712381, 43.4709205 ], [ 1.5710411, 43.4707502 ], [ 1.570925, 43.4707101 ], [ 1.5707832, 43.4706966 ], [ 1.5706967, 43.4707048 ], [ 1.5706121, 43.4707618 ], [ 1.5704098, 43.4710528 ], [ 1.570225, 43.4712036 ], [ 1.5700966, 43.4712391 ], [ 1.5698685, 43.4712252 ], [ 1.5694777, 43.4712479 ], [ 1.5692097, 43.4712229 ], [ 1.569116, 43.471255 ], [ 1.5689819, 43.4713725 ], [ 1.5686652, 43.4715459 ], [ 1.5685439, 43.4716375 ], [ 1.5685007, 43.4717362 ], [ 1.568511, 43.4718594 ], [ 1.5685619, 43.4719309 ], [ 1.5685616, 43.4719761 ], [ 1.5685137, 43.4720166 ], [ 1.5684534, 43.4720199 ], [ 1.5683158, 43.4719949 ], [ 1.568187, 43.4719395 ], [ 1.5680518, 43.4718269 ], [ 1.5678756, 43.4715673 ], [ 1.5678022, 43.4715216 ], [ 1.5677576, 43.4715157 ], [ 1.5676697, 43.4715375 ], [ 1.5674374, 43.4717138 ], [ 1.5673076, 43.47176 ], [ 1.5672403, 43.4717606 ], [ 1.5671501, 43.4717285 ], [ 1.5669433, 43.4715852 ], [ 1.5668725, 43.4715664 ], [ 1.5667984, 43.4715836 ], [ 1.5667551, 43.4716254 ], [ 1.5667307, 43.4716844 ], [ 1.5667386, 43.4718114 ], [ 1.5667709, 43.4718584 ], [ 1.5668746, 43.4719146 ], [ 1.5670335, 43.4719656 ], [ 1.5671355, 43.4720253 ], [ 1.5671728, 43.4720791 ], [ 1.5671984, 43.472287 ], [ 1.5673154, 43.4724657 ], [ 1.5673213, 43.4725092 ], [ 1.5672941, 43.4725495 ], [ 1.5672174, 43.472574 ], [ 1.5670195, 43.4725266 ], [ 1.5666287, 43.472356 ], [ 1.5665218, 43.4723476 ], [ 1.5664704, 43.4723599 ], [ 1.5663797, 43.47242 ], [ 1.5663583, 43.4724609 ], [ 1.5663668, 43.4725412 ], [ 1.5664252, 43.4726164 ], [ 1.5665119, 43.4726827 ], [ 1.5667425, 43.4728062 ], [ 1.5667943, 43.4728605 ], [ 1.5667885, 43.4729 ], [ 1.566668, 43.4731014 ], [ 1.5663822, 43.4733885 ], [ 1.5662989, 43.4735618 ], [ 1.5662608, 43.4735986 ], [ 1.566083, 43.4736906 ], [ 1.5660528, 43.4737354 ], [ 1.566026, 43.473885 ], [ 1.5659318, 43.4741332 ], [ 1.5659398, 43.4742145 ], [ 1.5659923, 43.4742738 ], [ 1.5661967, 43.4744126 ], [ 1.5662355, 43.4744612 ], [ 1.5662367, 43.4745264 ], [ 1.5661064, 43.4745975 ], [ 1.5659528, 43.4746156 ], [ 1.5657368, 43.4745752 ], [ 1.5656614, 43.4745769 ], [ 1.5656022, 43.474607 ], [ 1.5655821, 43.4746485 ], [ 1.5655525, 43.4749799 ], [ 1.5655835, 43.4750417 ], [ 1.5656539, 43.4750923 ], [ 1.5661109, 43.475206 ], [ 1.5662176, 43.4752585 ], [ 1.5662816, 43.4753306 ], [ 1.56629, 43.4753725 ], [ 1.5662597, 43.4754415 ], [ 1.5661484, 43.475507 ], [ 1.5658825, 43.4755664 ], [ 1.5657156, 43.4756246 ], [ 1.5654314, 43.4757651 ], [ 1.5651844, 43.4759296 ], [ 1.5648647, 43.4763318 ], [ 1.5648417, 43.4764525 ], [ 1.5647347, 43.4763677 ], [ 1.5635515, 43.4756474 ], [ 1.5634199, 43.4757382 ], [ 1.5631913, 43.4756053 ], [ 1.5625224, 43.4751603 ], [ 1.5624315, 43.4751236 ], [ 1.5615915, 43.4741576 ], [ 1.5614447, 43.474012 ], [ 1.5609185, 43.473146 ], [ 1.5603177, 43.4722986 ], [ 1.5600252, 43.4719501 ], [ 1.5597926, 43.4715878 ], [ 1.5597946, 43.4714971 ], [ 1.559825, 43.4714697 ], [ 1.5602216, 43.4712877 ], [ 1.5602459, 43.4712432 ], [ 1.5602937, 43.4709521 ], [ 1.5602854, 43.4708739 ], [ 1.5602422, 43.4708066 ], [ 1.5586817, 43.4696204 ], [ 1.5586391, 43.4696291 ], [ 1.5583219, 43.4698483 ], [ 1.5577978, 43.4702723 ], [ 1.5576249, 43.4705435 ], [ 1.557536, 43.4708225 ], [ 1.5572484, 43.4707228 ], [ 1.5570098, 43.4705968 ], [ 1.5563723, 43.4702228 ], [ 1.5563241, 43.4702188 ], [ 1.5562356, 43.4702655 ], [ 1.5553245, 43.4694188 ], [ 1.5540566, 43.4682804 ], [ 1.5539507, 43.4682047 ], [ 1.5535123, 43.4679306 ], [ 1.5534047, 43.4678876 ], [ 1.5539318, 43.4673547 ], [ 1.5544231, 43.466905 ], [ 1.5547057, 43.4666618 ], [ 1.5554849, 43.4660367 ], [ 1.5558002, 43.4657569 ], [ 1.5545232, 43.465165 ], [ 1.5545561, 43.4651384 ], [ 1.5545746, 43.4650986 ], [ 1.5548188, 43.4647992 ], [ 1.5548776, 43.4646714 ], [ 1.555011, 43.4645686 ], [ 1.5550206, 43.4643991 ], [ 1.5549585, 43.4642753 ], [ 1.5548791, 43.4642129 ], [ 1.5547735, 43.4641624 ], [ 1.5544718, 43.4640101 ], [ 1.5541382, 43.4638521 ], [ 1.5530924, 43.4632712 ], [ 1.5528881, 43.4631311 ], [ 1.5522063, 43.4625376 ], [ 1.5521861, 43.4625345 ], [ 1.5515003, 43.4629327 ], [ 1.5511577, 43.4630859 ], [ 1.5508928, 43.4631851 ], [ 1.5507384, 43.4629452 ], [ 1.5496098, 43.4614883 ], [ 1.5495258, 43.4613203 ], [ 1.5495001, 43.4611657 ], [ 1.5494948, 43.4606921 ], [ 1.5494288, 43.4607003 ], [ 1.5489289, 43.4601473 ], [ 1.5486733, 43.4596999 ], [ 1.5486377, 43.4597012 ], [ 1.5471798, 43.4601892 ], [ 1.5472817, 43.4604751 ], [ 1.5462709, 43.4607588 ], [ 1.5461818, 43.460772 ], [ 1.5456904, 43.4600512 ], [ 1.5448073, 43.4602472 ], [ 1.544538, 43.4598441 ], [ 1.5441964, 43.4592342 ], [ 1.5439128, 43.4585352 ], [ 1.5436483, 43.457981 ], [ 1.5438788, 43.4579483 ], [ 1.5434398, 43.4562023 ], [ 1.5435015, 43.4559057 ], [ 1.5434918, 43.4557846 ], [ 1.5434206, 43.4555439 ], [ 1.5429244, 43.4541604 ], [ 1.5427845, 43.4539012 ], [ 1.5423179, 43.4528851 ], [ 1.5413978, 43.4511322 ], [ 1.5412737, 43.4509891 ], [ 1.5411601, 43.4509108 ], [ 1.5403259, 43.4504505 ], [ 1.5386536, 43.449436 ], [ 1.5383852, 43.4492448 ], [ 1.5380528, 43.4489517 ], [ 1.5379842, 43.4488325 ], [ 1.5376809, 43.4479814 ], [ 1.5376084, 43.4479006 ], [ 1.5374767, 43.4475876 ], [ 1.5372095, 43.4468223 ], [ 1.5368005, 43.4458493 ], [ 1.5366439, 43.4456256 ], [ 1.536317, 43.4453868 ], [ 1.5351879, 43.4446391 ], [ 1.5349884, 43.4445434 ], [ 1.5349909, 43.4445018 ], [ 1.5348924, 43.4443638 ], [ 1.5348293, 43.444328 ], [ 1.5337666, 43.4439181 ], [ 1.533675, 43.4438714 ], [ 1.5355679, 43.443388 ], [ 1.535209, 43.4421488 ], [ 1.5356978, 43.4421302 ], [ 1.5358257, 43.4420873 ], [ 1.5362056, 43.4420985 ], [ 1.5368782, 43.4421719 ], [ 1.5371063, 43.4421833 ], [ 1.5372061, 43.4422089 ], [ 1.537292, 43.4422553 ], [ 1.5374125, 43.4423558 ] ] ] } },
{ "type": "Feature", "properties": { "id": "relation/160906", "ID_COMM": "310048", "NOMCOM": "BAZIEGE", "Commune": "BAZIEGE", "median": 739.78434473276138, "q1": 538.37382397055626 }, "geometry": { "type": "Polygon", "coordinates": [ [ [ 1.629314, 43.4383823 ], [ 1.6319538, 43.440558 ], [ 1.63202, 43.4405244 ], [ 1.6331448, 43.4401657 ], [ 1.6335994, 43.4400588 ], [ 1.6339997, 43.4398927 ], [ 1.6363994, 43.4429628 ], [ 1.6375399, 43.4424284 ], [ 1.6375673, 43.4424028 ], [ 1.6375667, 43.4423509 ], [ 1.6373374, 43.4418537 ], [ 1.637325, 43.4417752 ], [ 1.6373426, 43.4417426 ], [ 1.6383134, 43.4412623 ], [ 1.6384399, 43.4412221 ], [ 1.6386312, 43.4411927 ], [ 1.6391001, 43.4411634 ], [ 1.6391741, 43.4411474 ], [ 1.6398764, 43.4407143 ], [ 1.6398927, 43.4406592 ], [ 1.6373083, 43.4372587 ], [ 1.6375837, 43.4369424 ], [ 1.6377265, 43.4368095 ], [ 1.6383048, 43.4357252 ], [ 1.6386674, 43.4352474 ], [ 1.6387702, 43.4350614 ], [ 1.6388209, 43.4350878 ], [ 1.6396305, 43.4358405 ], [ 1.640203, 43.4363274 ], [ 1.6396756, 43.4365318 ], [ 1.6396635, 43.4365489 ], [ 1.6403023, 43.4375472 ], [ 1.6419016, 43.4398643 ], [ 1.6419039, 43.4398653 ], [ 1.6419924, 43.4399138 ], [ 1.6436942, 43.4393628 ], [ 1.644116, 43.4391981 ], [ 1.644151, 43.4391983 ], [ 1.6445433, 43.4398944 ], [ 1.6449225, 43.4404973 ], [ 1.6450371, 43.4406243 ], [ 1.6450497, 43.4406612 ], [ 1.6454226, 43.4410968 ], [ 1.6454729, 43.4411302 ], [ 1.6455042, 43.4411324 ], [ 1.645704, 43.4410756 ], [ 1.6465255, 43.4409497 ], [ 1.6468027, 43.4409287 ], [ 1.647492, 43.4406604 ], [ 1.6475809, 43.4406553 ], [ 1.6477035, 43.4407194 ], [ 1.6482632, 43.4413593 ], [ 1.6483436, 43.4414135 ], [ 1.6489418, 43.441704 ], [ 1.6490162, 43.4417821 ], [ 1.6495733, 43.4421977 ], [ 1.6504934, 43.4426775 ], [ 1.6505378, 43.4427219 ], [ 1.6508202, 43.4432987 ], [ 1.6509069, 43.4435369 ], [ 1.6511164, 43.4443693 ], [ 1.6511895, 43.4444671 ], [ 1.6511918, 43.4445839 ], [ 1.6511564, 43.4447967 ], [ 1.6511774, 43.4448815 ], [ 1.6516209, 43.4455859 ], [ 1.6518049, 43.4459512 ], [ 1.6518542, 43.4462611 ], [ 1.6519894, 43.4464592 ], [ 1.6520593, 43.4465154 ], [ 1.6521519, 43.4465549 ], [ 1.6523093, 43.4465933 ], [ 1.6525448, 43.4466092 ], [ 1.6530199, 43.4466124 ], [ 1.6532192, 43.4466496 ], [ 1.653636, 43.4467622 ], [ 1.6542951, 43.4468997 ], [ 1.654355, 43.4469254 ], [ 1.6544318, 43.4470163 ], [ 1.6546223, 43.4473185 ], [ 1.6547814, 43.4475261 ], [ 1.6548051, 43.4476548 ], [ 1.6547202, 43.4479475 ], [ 1.6545783, 43.4480621 ], [ 1.6545559, 43.4480983 ], [ 1.6544989, 43.4485173 ], [ 1.6545034, 43.4486698 ], [ 1.6545526, 43.4488962 ], [ 1.6546152, 43.449042 ], [ 1.654702, 43.4491806 ], [ 1.6548305, 43.4493266 ], [ 1.6550134, 43.4494688 ], [ 1.6551225, 43.449525 ], [ 1.6552777, 43.4495754 ], [ 1.6558487, 43.4496483 ], [ 1.6560366, 43.4496296 ], [ 1.656206, 43.4495732 ], [ 1.6562601, 43.4495976 ], [ 1.6567856, 43.4500888 ], [ 1.6566294, 43.4501758 ], [ 1.6564082, 43.4501806 ], [ 1.6563609, 43.4502058 ], [ 1.6557919, 43.4506925 ], [ 1.6557843, 43.4507193 ], [ 1.6562774, 43.4511647 ], [ 1.6563304, 43.4514646 ], [ 1.6566215, 43.4517468 ], [ 1.6571994, 43.451722 ], [ 1.6576884, 43.4517464 ], [ 1.6579886, 43.4517297 ], [ 1.6591186, 43.4515609 ], [ 1.6591854, 43.4515721 ], [ 1.6594437, 43.4521158 ], [ 1.659916, 43.4530992 ], [ 1.6599346, 43.4531789 ], [ 1.6599913, 43.453313 ], [ 1.6601345, 43.4535663 ], [ 1.6603018, 43.4539425 ], [ 1.6602824, 43.4539913 ], [ 1.6604034, 43.4547607 ], [ 1.6605684, 43.4550116 ], [ 1.6610485, 43.4555466 ], [ 1.6611431, 43.4555974 ], [ 1.6615249, 43.455997 ], [ 1.6618059, 43.4562479 ], [ 1.6632606, 43.4574273 ], [ 1.6624678, 43.4579658 ], [ 1.6624743, 43.457986 ], [ 1.6637762, 43.4589936 ], [ 1.6673252, 43.4616376 ], [ 1.6670824, 43.4617505 ], [ 1.6666716, 43.4620628 ], [ 1.6665406, 43.4621904 ], [ 1.6655367, 43.4628058 ], [ 1.6654021, 43.4629138 ], [ 1.6652792, 43.4630577 ], [ 1.6652123, 43.4631019 ], [ 1.6650654, 43.4631451 ], [ 1.6648033, 43.463261 ], [ 1.6644835, 43.4634757 ], [ 1.6639753, 43.4638936 ], [ 1.6638632, 43.4639601 ], [ 1.6636965, 43.4640004 ], [ 1.6634278, 43.4641336 ], [ 1.6630977, 43.464389 ], [ 1.6628539, 43.4645425 ], [ 1.6626564, 43.4646161 ], [ 1.6625843, 43.4646584 ], [ 1.6623652, 43.4648499 ], [ 1.6621673, 43.4650594 ], [ 1.6618442, 43.465242 ], [ 1.66141, 43.4655394 ], [ 1.6612207, 43.4656382 ], [ 1.6611211, 43.4656636 ], [ 1.6608647, 43.4656817 ], [ 1.6603943, 43.4658954 ], [ 1.6601075, 43.4661035 ], [ 1.6598327, 43.4662768 ], [ 1.6595998, 43.4663836 ], [ 1.6589564, 43.4669189 ], [ 1.6584883, 43.4672562 ], [ 1.6583842, 43.4673058 ], [ 1.6580106, 43.4673104 ], [ 1.6578759, 43.4672463 ], [ 1.6576409, 43.4672477 ], [ 1.6572891, 43.4673746 ], [ 1.6570925, 43.4673846 ], [ 1.6542232, 43.4673596 ], [ 1.6542559, 43.4676468 ], [ 1.6534785, 43.4684084 ], [ 1.6526885, 43.4687213 ], [ 1.6526874, 43.4688157 ], [ 1.651776, 43.4691642 ], [ 1.6518718, 43.4692907 ], [ 1.6506781, 43.470512 ], [ 1.650364, 43.4704065 ], [ 1.6490657, 43.4719013 ], [ 1.6477958, 43.4734564 ], [ 1.6451313, 43.4735174 ], [ 1.6452541, 43.4750312 ], [ 1.6453483, 43.4764909 ], [ 1.645362, 43.4765493 ], [ 1.6438047, 43.476658 ], [ 1.6410984, 43.4766808 ], [ 1.6419313, 43.4785092 ], [ 1.641909, 43.4785387 ], [ 1.6414785, 43.4786957 ], [ 1.6408718, 43.4789418 ], [ 1.6382668, 43.4800652 ], [ 1.6376374, 43.48039 ], [ 1.6375376, 43.4804449 ], [ 1.6356929, 43.481482 ], [ 1.6344784, 43.4821399 ], [ 1.6324036, 43.4832287 ], [ 1.630972, 43.4840026 ], [ 1.6299084, 43.4828646 ], [ 1.6298613, 43.4827938 ], [ 1.6293665, 43.4816543 ], [ 1.6279348, 43.4820903 ], [ 1.627457, 43.4822625 ], [ 1.6268405, 43.4825356 ], [ 1.6259192, 43.4828791 ], [ 1.6256441, 43.4830092 ], [ 1.6250819, 43.4833676 ], [ 1.6240564, 43.4840895 ], [ 1.6239619, 43.4841205 ], [ 1.6233688, 43.4845823 ], [ 1.6232187, 43.4846777 ], [ 1.6225085, 43.4850386 ], [ 1.6220938, 43.4853525 ], [ 1.6213529, 43.4857977 ], [ 1.6206105, 43.486185 ], [ 1.6198567, 43.4867315 ], [ 1.6197648, 43.4867762 ], [ 1.6194577, 43.4868805 ], [ 1.6193355, 43.4869381 ], [ 1.6191588, 43.4870588 ], [ 1.6182291, 43.4874883 ], [ 1.6180362, 43.4875629 ], [ 1.6171015, 43.4878591 ], [ 1.6169398, 43.4878988 ], [ 1.6168822, 43.4878203 ], [ 1.616811, 43.4877921 ], [ 1.6160993, 43.4876146 ], [ 1.6160451, 43.4876177 ], [ 1.6159314, 43.4877305 ], [ 1.615788, 43.4877848 ], [ 1.6155237, 43.4877919 ], [ 1.6153214, 43.4878294 ], [ 1.6152044, 43.4878131 ], [ 1.6146898, 43.4878498 ], [ 1.6143305, 43.4878479 ], [ 1.6140494, 43.487827 ], [ 1.6134715, 43.4877509 ], [ 1.612858, 43.4876141 ], [ 1.6126644, 43.4875873 ], [ 1.6125366, 43.4875853 ], [ 1.6121918, 43.4876182 ], [ 1.6119264, 43.4876729 ], [ 1.6117031, 43.4877381 ], [ 1.611555, 43.4877592 ], [ 1.6097703, 43.4878327 ], [ 1.6097745, 43.487786 ], [ 1.6097056, 43.4875153 ], [ 1.6096475, 43.4874247 ], [ 1.609591, 43.4873838 ], [ 1.6093509, 43.4872841 ], [ 1.6092569, 43.4871815 ], [ 1.609127, 43.4869732 ], [ 1.6090001, 43.4868238 ], [ 1.6089135, 43.4866918 ], [ 1.6077979, 43.4850476 ], [ 1.6075759, 43.4847211 ], [ 1.6073781, 43.48451 ], [ 1.6068373, 43.48385 ], [ 1.6048743, 43.4821498 ], [ 1.6040616, 43.4814443 ], [ 1.6032949, 43.4803363 ], [ 1.6032475, 43.4802834 ], [ 1.6032293, 43.4802455 ], [ 1.6025461, 43.479299 ], [ 1.6024312, 43.4791837 ], [ 1.6017984, 43.4785487 ], [ 1.6014202, 43.4781339 ], [ 1.6010106, 43.4775788 ], [ 1.6008662, 43.4774155 ], [ 1.600112, 43.4766764 ], [ 1.5996048, 43.4762756 ], [ 1.5995555, 43.4762204 ], [ 1.5994797, 43.4760399 ], [ 1.5994037, 43.475859 ], [ 1.5991012, 43.4749983 ], [ 1.5990759, 43.4748217 ], [ 1.5988118, 43.474715 ], [ 1.5985604, 43.4745568 ], [ 1.5984075, 43.4744086 ], [ 1.598142, 43.4740653 ], [ 1.5979131, 43.473728 ], [ 1.597815, 43.4736407 ], [ 1.5988762, 43.4733943 ], [ 1.5988969, 43.4733678 ], [ 1.5985834, 43.4725248 ], [ 1.5980338, 43.4711544 ], [ 1.5980074, 43.4710429 ], [ 1.5984889, 43.4708582 ], [ 1.5979106, 43.4699438 ], [ 1.5978296, 43.4697657 ], [ 1.5975493, 43.4693325 ], [ 1.5975533, 43.4692643 ], [ 1.5976227, 43.4691093 ], [ 1.5978093, 43.4683596 ], [ 1.5978788, 43.4681096 ], [ 1.5980822, 43.4677322 ], [ 1.5981961, 43.4674068 ], [ 1.5983845, 43.4670563 ], [ 1.5984433, 43.4668715 ], [ 1.5984417, 43.4667476 ], [ 1.5983902, 43.4664691 ], [ 1.598384, 43.4661231 ], [ 1.5984343, 43.465606 ], [ 1.5984111, 43.4653658 ], [ 1.5984582, 43.4650673 ], [ 1.5984483, 43.4649819 ], [ 1.5983411, 43.4647671 ], [ 1.5982087, 43.4645978 ], [ 1.5978749, 43.4643944 ], [ 1.5976323, 43.4640918 ], [ 1.5967733, 43.4633365 ], [ 1.5965287, 43.463188 ], [ 1.5963447, 43.4630132 ], [ 1.5962368, 43.4629788 ], [ 1.5960239, 43.46298 ], [ 1.5958067, 43.4629495 ], [ 1.5956013, 43.4628887 ], [ 1.595234, 43.4627299 ], [ 1.5951922, 43.4626854 ], [ 1.5950943, 43.4626512 ], [ 1.5948506, 43.4626023 ], [ 1.5924414, 43.4616708 ], [ 1.5920572, 43.4614414 ], [ 1.5919447, 43.4613983 ], [ 1.5916386, 43.4613265 ], [ 1.5914736, 43.4612583 ], [ 1.5940595, 43.4602741 ], [ 1.5941329, 43.4602462 ], [ 1.5941625, 43.4599691 ], [ 1.5942756, 43.4599568 ], [ 1.5943276, 43.4599373 ], [ 1.5943805, 43.4598891 ], [ 1.5943876, 43.4598258 ], [ 1.5942561, 43.4594221 ], [ 1.5942293, 43.459215 ], [ 1.5942497, 43.4590495 ], [ 1.5943317, 43.4590124 ], [ 1.5944317, 43.4590043 ], [ 1.5948155, 43.4590576 ], [ 1.5948952, 43.459046 ], [ 1.5950351, 43.4589839 ], [ 1.5951054, 43.4589185 ], [ 1.5951462, 43.4588404 ], [ 1.5951444, 43.4587257 ], [ 1.5950933, 43.4586301 ], [ 1.5948099, 43.4584526 ], [ 1.5947154, 43.4583567 ], [ 1.5946567, 43.4582436 ], [ 1.5946435, 43.4581257 ], [ 1.5946856, 43.4580153 ], [ 1.5947312, 43.4579667 ], [ 1.5948297, 43.4579088 ], [ 1.5949785, 43.4578892 ], [ 1.5951229, 43.4579288 ], [ 1.5952829, 43.4580216 ], [ 1.5953841, 43.4580396 ], [ 1.5954597, 43.4580176 ], [ 1.5957975, 43.4578155 ], [ 1.5959447, 43.4577531 ], [ 1.5960768, 43.4577293 ], [ 1.5969206, 43.4577134 ], [ 1.5969759, 43.4577253 ], [ 1.5970474, 43.4577777 ], [ 1.5971365, 43.457979 ], [ 1.597199, 43.4580442 ], [ 1.5972939, 43.458067 ], [ 1.5976706, 43.4580569 ], [ 1.5979615, 43.4580922 ], [ 1.5980285, 43.4580832 ], [ 1.5981028, 43.4580382 ], [ 1.5981374, 43.4579894 ], [ 1.5982328, 43.4577205 ], [ 1.5983152, 43.4576545 ], [ 1.5986004, 43.4575549 ], [ 1.5987225, 43.4574976 ], [ 1.5987938, 43.4574419 ], [ 1.5990005, 43.457219 ], [ 1.5990621, 43.4571859 ], [ 1.5991542, 43.4571821 ], [ 1.5992359, 43.4572187 ], [ 1.5994041, 43.457403 ], [ 1.5995204, 43.4574709 ], [ 1.5995805, 43.4574782 ], [ 1.5996583, 43.4574452 ], [ 1.5998857, 43.4572033 ], [ 1.6001245, 43.4570478 ], [ 1.600241, 43.4570135 ], [ 1.6003609, 43.4570102 ], [ 1.6006695, 43.4570495 ], [ 1.6009228, 43.4570331 ], [ 1.6013751, 43.4569176 ], [ 1.6014871, 43.4569124 ], [ 1.6015653, 43.4569317 ], [ 1.6016432, 43.4569753 ], [ 1.6016887, 43.4570223 ], [ 1.6017463, 43.4571375 ], [ 1.6017576, 43.4573705 ], [ 1.6019851, 43.4572903 ], [ 1.6030341, 43.4568298 ], [ 1.6038071, 43.4564543 ], [ 1.6037138, 43.4563788 ], [ 1.6036472, 43.4563472 ], [ 1.60361, 43.4563031 ], [ 1.6035875, 43.4562606 ], [ 1.6036128, 43.456186 ], [ 1.6028486, 43.4554673 ], [ 1.6016978, 43.4555613 ], [ 1.6016296, 43.455093 ], [ 1.6012686, 43.4545212 ], [ 1.6023935, 43.4536926 ], [ 1.6024309, 43.4536596 ], [ 1.6044065, 43.4527048 ], [ 1.6042842, 43.4522012 ], [ 1.6041946, 43.4518739 ], [ 1.6052883, 43.4516336 ], [ 1.6060356, 43.4514132 ], [ 1.6062848, 43.4513259 ], [ 1.6063429, 43.4512074 ], [ 1.6063527, 43.4509409 ], [ 1.6063805, 43.4507968 ], [ 1.6064382, 43.4507099 ], [ 1.6069811, 43.4502883 ], [ 1.6075262, 43.4498604 ], [ 1.6079922, 43.4495002 ], [ 1.6079827, 43.4494758 ], [ 1.6079602, 43.4494296 ], [ 1.60772, 43.4493187 ], [ 1.6073335, 43.4491777 ], [ 1.60823, 43.4485564 ], [ 1.6077697, 43.4480966 ], [ 1.6080769, 43.4479003 ], [ 1.6087573, 43.4474511 ], [ 1.6099591, 43.4468989 ], [ 1.6101453, 43.4468198 ], [ 1.6102348, 43.4467881 ], [ 1.6102767, 43.4467408 ], [ 1.6104693, 43.4466595 ], [ 1.6115597, 43.4461447 ], [ 1.6124905, 43.4456796 ], [ 1.6127272, 43.445551 ], [ 1.6128219, 43.4454612 ], [ 1.6129198, 43.445281 ], [ 1.6130395, 43.4451041 ], [ 1.6130925, 43.445041 ], [ 1.6132023, 43.4449656 ], [ 1.6133911, 43.4448336 ], [ 1.6135365, 43.4446854 ], [ 1.6136843, 43.4445246 ], [ 1.6137874, 43.4444665 ], [ 1.6139159, 43.4444547 ], [ 1.6140401, 43.444446 ], [ 1.6141535, 43.4444292 ], [ 1.614263, 43.4443792 ], [ 1.6144368, 43.4442264 ], [ 1.6145207, 43.4441255 ], [ 1.6147018, 43.4439141 ], [ 1.6149087, 43.4437266 ], [ 1.6150604, 43.4436039 ], [ 1.615129, 43.4435076 ], [ 1.6151801, 43.4434191 ], [ 1.6152425, 43.4432989 ], [ 1.6153205, 43.4431519 ], [ 1.6153779, 43.4430857 ], [ 1.6154706, 43.4429768 ], [ 1.6155541, 43.4429107 ], [ 1.6156962, 43.442864 ], [ 1.6158053, 43.442841 ], [ 1.6159314, 43.4428576 ], [ 1.6161656, 43.4429305 ], [ 1.6164947, 43.4430833 ], [ 1.6167562, 43.4432356 ], [ 1.6168755, 43.443276 ], [ 1.6169297, 43.4432907 ], [ 1.6170691, 43.4432836 ], [ 1.6171629, 43.4432699 ], [ 1.6180819, 43.4439642 ], [ 1.6187699, 43.4435974 ], [ 1.6185759, 43.4428872 ], [ 1.6192324, 43.4426027 ], [ 1.6202191, 43.4421886 ], [ 1.621149, 43.44179 ], [ 1.6217703, 43.4415322 ], [ 1.6225141, 43.4412213 ], [ 1.622722, 43.4414332 ], [ 1.6233538, 43.4419293 ], [ 1.6234517, 43.4419109 ], [ 1.6235723, 43.4418476 ], [ 1.6236094, 43.4418088 ], [ 1.6236177, 43.4417564 ], [ 1.623565, 43.4416413 ], [ 1.6235424, 43.4414268 ], [ 1.6235891, 43.4412468 ], [ 1.6236705, 43.4411598 ], [ 1.6237854, 43.4410903 ], [ 1.6240583, 43.4409943 ], [ 1.6244289, 43.4409103 ], [ 1.6245131, 43.4409044 ], [ 1.6245765, 43.4409244 ], [ 1.6245982, 43.4409561 ], [ 1.6245993, 43.4411341 ], [ 1.6246473, 43.4411959 ], [ 1.6247716, 43.4412662 ], [ 1.6252271, 43.441424 ], [ 1.6252591, 43.4414165 ], [ 1.627685, 43.4395766 ], [ 1.629314, 43.4383823 ] ] ] } },
{ "type": "Feature", "properties": { "id": "relation/160907", "ID_COMM": "310192", "NOMCOM": "FOURQUEVAUX", "Commune": "FOURQUEVAUX", "median": 840.35342578589916, "q1": 702.58827249519527 }, "geometry": { "type": "Polygon", "coordinates": [ [ [ 1.6106818, 43.5223827 ], [ 1.6084434, 43.5208931 ], [ 1.608231, 43.5207768 ], [ 1.6082102, 43.5207491 ], [ 1.6083831, 43.5203112 ], [ 1.6083951, 43.5201294 ], [ 1.6084735, 43.520026 ], [ 1.6083466, 43.5199149 ], [ 1.6083246, 43.5198719 ], [ 1.6083093, 43.5198437 ], [ 1.6080618, 43.5198711 ], [ 1.6079561, 43.5197996 ], [ 1.6079236, 43.5197244 ], [ 1.6079241, 43.5195588 ], [ 1.6078435, 43.5194612 ], [ 1.6075867, 43.5192234 ], [ 1.6075519, 43.5191559 ], [ 1.6075468, 43.5190394 ], [ 1.6074969, 43.5189302 ], [ 1.6075146, 43.5188032 ], [ 1.6073777, 43.518197 ], [ 1.6075025, 43.5180102 ], [ 1.6076113, 43.5176809 ], [ 1.6076865, 43.517521 ], [ 1.6078878, 43.5171915 ], [ 1.6080156, 43.5169189 ], [ 1.6081766, 43.5167462 ], [ 1.6083282, 43.5166211 ], [ 1.6085942, 43.5159551 ], [ 1.6087756, 43.5157659 ], [ 1.6088538, 43.5155837 ], [ 1.6090034, 43.5153829 ], [ 1.6090464, 43.5152334 ], [ 1.6090474, 43.5150228 ], [ 1.6089825, 43.514945 ], [ 1.6089996, 43.5148756 ], [ 1.6092271, 43.5145255 ], [ 1.6096293, 43.5137723 ], [ 1.6096901, 43.5137128 ], [ 1.6098906, 43.513347 ], [ 1.6098835, 43.5132348 ], [ 1.6098264, 43.5131259 ], [ 1.6097639, 43.5130705 ], [ 1.6091816, 43.5129215 ], [ 1.608527, 43.5126761 ], [ 1.6083717, 43.5126606 ], [ 1.6080849, 43.5126939 ], [ 1.608034, 43.5126835 ], [ 1.6079507, 43.5124951 ], [ 1.6074993, 43.5119064 ], [ 1.6064707, 43.5107843 ], [ 1.6063688, 43.5106732 ], [ 1.6057409, 43.5099299 ], [ 1.6059163, 43.5098201 ], [ 1.6045493, 43.5085065 ], [ 1.6045222, 43.5084868 ], [ 1.6042431, 43.5086544 ], [ 1.6039953, 43.5087634 ], [ 1.6023795, 43.5077049 ], [ 1.6022198, 43.5077925 ], [ 1.6009296, 43.5066473 ], [ 1.6003469, 43.5060102 ], [ 1.599147, 43.5044026 ], [ 1.5991382, 43.5043069 ], [ 1.5991017, 43.5042272 ], [ 1.5985689, 43.5035066 ], [ 1.5974243, 43.5010029 ], [ 1.5973547, 43.5007842 ], [ 1.5972972, 43.5005057 ], [ 1.5967861, 43.498478 ], [ 1.5967796, 43.498447 ], [ 1.5964308, 43.4969562 ], [ 1.596489, 43.4968905 ], [ 1.5968015, 43.4965252 ], [ 1.5971649, 43.4961709 ], [ 1.597723, 43.4954535 ], [ 1.5984207, 43.4945861 ], [ 1.5987287, 43.4942727 ], [ 1.5990076, 43.4938458 ], [ 1.5990624, 43.4937865 ], [ 1.6005236, 43.4931771 ], [ 1.6025161, 43.492152 ], [ 1.6030234, 43.4919823 ], [ 1.6030852, 43.4919612 ], [ 1.6031279, 43.4919474 ], [ 1.60609, 43.4904179 ], [ 1.6062845, 43.4902566 ], [ 1.6067928, 43.4898592 ], [ 1.6073834, 43.4894519 ], [ 1.6074396, 43.4893909 ], [ 1.6075967, 43.4892993 ], [ 1.6079683, 43.4888308 ], [ 1.6084882, 43.4881071 ], [ 1.6085755, 43.4879848 ], [ 1.6086351, 43.4879013 ], [ 1.6094294, 43.4879335 ], [ 1.6094991, 43.4879261 ], [ 1.6097703, 43.4878327 ], [ 1.611555, 43.4877592 ], [ 1.6117031, 43.4877381 ], [ 1.6119264, 43.4876729 ], [ 1.6121918, 43.4876182 ], [ 1.6125366, 43.4875853 ], [ 1.6126644, 43.4875873 ], [ 1.612858, 43.4876141 ], [ 1.6134715, 43.4877509 ], [ 1.6140494, 43.487827 ], [ 1.6143305, 43.4878479 ], [ 1.6146898, 43.4878498 ], [ 1.6152044, 43.4878131 ], [ 1.6153214, 43.4878294 ], [ 1.6155237, 43.4877919 ], [ 1.615788, 43.4877848 ], [ 1.6159314, 43.4877305 ], [ 1.6160451, 43.4876177 ], [ 1.6160993, 43.4876146 ], [ 1.616811, 43.4877921 ], [ 1.6168822, 43.4878203 ], [ 1.6169398, 43.4878988 ], [ 1.6171015, 43.4878591 ], [ 1.6180362, 43.4875629 ], [ 1.6182291, 43.4874883 ], [ 1.6191588, 43.4870588 ], [ 1.6193355, 43.4869381 ], [ 1.6194577, 43.4868805 ], [ 1.6197648, 43.4867762 ], [ 1.6198567, 43.4867315 ], [ 1.6206105, 43.486185 ], [ 1.6213529, 43.4857977 ], [ 1.6220938, 43.4853525 ], [ 1.6225085, 43.4850386 ], [ 1.6232187, 43.4846777 ], [ 1.6233688, 43.4845823 ], [ 1.6239619, 43.4841205 ], [ 1.6240564, 43.4840895 ], [ 1.6250819, 43.4833676 ], [ 1.6256441, 43.4830092 ], [ 1.6259192, 43.4828791 ], [ 1.6268405, 43.4825356 ], [ 1.627457, 43.4822625 ], [ 1.6279348, 43.4820903 ], [ 1.6293665, 43.4816543 ], [ 1.6298613, 43.4827938 ], [ 1.6299084, 43.4828646 ], [ 1.630972, 43.4840026 ], [ 1.6324036, 43.4832287 ], [ 1.6344784, 43.4821399 ], [ 1.6356929, 43.481482 ], [ 1.6375376, 43.4804449 ], [ 1.6376374, 43.48039 ], [ 1.6382668, 43.4800652 ], [ 1.6408718, 43.4789418 ], [ 1.6414785, 43.4786957 ], [ 1.641909, 43.4785387 ], [ 1.6419313, 43.4785092 ], [ 1.642088, 43.4788546 ], [ 1.6425635, 43.4798576 ], [ 1.643277, 43.4813511 ], [ 1.6444803, 43.4833558 ], [ 1.6461705, 43.4855046 ], [ 1.6474015, 43.4854544 ], [ 1.647962, 43.4854562 ], [ 1.6482265, 43.4854595 ], [ 1.6482621, 43.4855699 ], [ 1.6481786, 43.4860105 ], [ 1.6480975, 43.4862184 ], [ 1.6479999, 43.4863944 ], [ 1.6480042, 43.4866453 ], [ 1.6478082, 43.4868276 ], [ 1.6475892, 43.487089 ], [ 1.6476302, 43.4872003 ], [ 1.6472661, 43.4873762 ], [ 1.6465485, 43.4878666 ], [ 1.6469202, 43.4887018 ], [ 1.6458026, 43.4888985 ], [ 1.645228, 43.4890528 ], [ 1.6449977, 43.4891159 ], [ 1.6449615, 43.4891273 ], [ 1.6454375, 43.4897766 ], [ 1.6447453, 43.4900415 ], [ 1.6447299, 43.4900722 ], [ 1.6447453, 43.4901393 ], [ 1.6450137, 43.490536 ], [ 1.6453255, 43.4910257 ], [ 1.6454437, 43.4913658 ], [ 1.6473996, 43.490082 ], [ 1.6486462, 43.491105 ], [ 1.6498541, 43.4918452 ], [ 1.6485706, 43.4932926 ], [ 1.6484093, 43.4934707 ], [ 1.648099, 43.4937067 ], [ 1.6479959, 43.4935661 ], [ 1.6478703, 43.4937373 ], [ 1.6476985, 43.4938877 ], [ 1.6472356, 43.4936027 ], [ 1.6473534, 43.4934804 ], [ 1.64735, 43.4933742 ], [ 1.6456662, 43.4945341 ], [ 1.6459372, 43.4953812 ], [ 1.6459333, 43.4955206 ], [ 1.645865, 43.4955719 ], [ 1.645052, 43.4959721 ], [ 1.6449556, 43.4960286 ], [ 1.6444758, 43.4963326 ], [ 1.6439986, 43.4957558 ], [ 1.6427627, 43.4943668 ], [ 1.6427, 43.4943174 ], [ 1.6413822, 43.4954646 ], [ 1.6392936, 43.4966202 ], [ 1.6389544, 43.4968261 ], [ 1.63792, 43.4975136 ], [ 1.6378154, 43.4976341 ], [ 1.6375798, 43.4977811 ], [ 1.6374946, 43.4978342 ], [ 1.6373016, 43.4980506 ], [ 1.6370809, 43.4982982 ], [ 1.6369504, 43.4984771 ], [ 1.6368234, 43.4987409 ], [ 1.6367129, 43.4988396 ], [ 1.6366222, 43.4989697 ], [ 1.6366522, 43.4990927 ], [ 1.6365949, 43.4991674 ], [ 1.6365207, 43.4993243 ], [ 1.6364273, 43.499429 ], [ 1.6363656, 43.4995548 ], [ 1.6362049, 43.5001509 ], [ 1.6359906, 43.5001861 ], [ 1.6359324, 43.5002117 ], [ 1.6359264, 43.5002934 ], [ 1.635857, 43.5003319 ], [ 1.6346709, 43.5007795 ], [ 1.6344277, 43.5008838 ], [ 1.6337975, 43.5012157 ], [ 1.6335449, 43.5012958 ], [ 1.633541, 43.5013192 ], [ 1.633644, 43.5015007 ], [ 1.6325944, 43.5019878 ], [ 1.6331191, 43.5025804 ], [ 1.6327458, 43.5031951 ], [ 1.632573, 43.5034777 ], [ 1.6326491, 43.5036068 ], [ 1.632601, 43.5036492 ], [ 1.6317754, 43.5039664 ], [ 1.6317618, 43.5039964 ], [ 1.6320291, 43.5042423 ], [ 1.6321444, 43.5043797 ], [ 1.632423, 43.5048246 ], [ 1.6324658, 43.5049233 ], [ 1.6322764, 43.5049618 ], [ 1.6308873, 43.5053255 ], [ 1.6296556, 43.5058221 ], [ 1.6291999, 43.5060974 ], [ 1.6292408, 43.5061278 ], [ 1.6303337, 43.5069182 ], [ 1.6307235, 43.5072504 ], [ 1.6309132, 43.5074254 ], [ 1.6312915, 43.5079323 ], [ 1.6315173, 43.5082101 ], [ 1.6316288, 43.5083228 ], [ 1.631673, 43.5083969 ], [ 1.6316617, 43.5084316 ], [ 1.6316247, 43.508526 ], [ 1.6320203, 43.5090735 ], [ 1.6313944, 43.5095036 ], [ 1.6305305, 43.5101551 ], [ 1.630125, 43.5104129 ], [ 1.6296298, 43.5106849 ], [ 1.6288967, 43.5110499 ], [ 1.628491, 43.5112261 ], [ 1.6280265, 43.511349 ], [ 1.6273855, 43.5115869 ], [ 1.6263408, 43.5121285 ], [ 1.6258488, 43.5124066 ], [ 1.6256436, 43.5125052 ], [ 1.6262341, 43.5128557 ], [ 1.6253543, 43.5136389 ], [ 1.6253693, 43.5136745 ], [ 1.6257605, 43.5140547 ], [ 1.625788, 43.5141022 ], [ 1.6257534, 43.5141821 ], [ 1.6256013, 43.5143328 ], [ 1.6255711, 43.5143995 ], [ 1.6255778, 43.5144941 ], [ 1.6258613, 43.5153641 ], [ 1.6253823, 43.5155831 ], [ 1.6251113, 43.5157239 ], [ 1.6249907, 43.5158055 ], [ 1.6247895, 43.5159838 ], [ 1.624788, 43.516003 ], [ 1.6248582, 43.5160859 ], [ 1.622713, 43.5167459 ], [ 1.6223228, 43.5168659 ], [ 1.6218849, 43.5170921 ], [ 1.6216001, 43.5172885 ], [ 1.620804, 43.516425 ], [ 1.6204818, 43.5160468 ], [ 1.6204298, 43.5158171 ], [ 1.6201133, 43.5153289 ], [ 1.619923, 43.515141 ], [ 1.6198443, 43.5151901 ], [ 1.6186362, 43.5160656 ], [ 1.6183853, 43.5162664 ], [ 1.618196, 43.5163722 ], [ 1.6178524, 43.5165057 ], [ 1.6173739, 43.5167453 ], [ 1.6169216, 43.5169478 ], [ 1.6161365, 43.5174066 ], [ 1.6151105, 43.5180577 ], [ 1.6147836, 43.5182854 ], [ 1.6145079, 43.5185275 ], [ 1.6138886, 43.5188688 ], [ 1.6137815, 43.5188989 ], [ 1.6135788, 43.5189285 ], [ 1.6133812, 43.5189295 ], [ 1.6133232, 43.5189654 ], [ 1.6130914, 43.5192672 ], [ 1.612494, 43.5198864 ], [ 1.6122874, 43.5200489 ], [ 1.6119974, 43.5203648 ], [ 1.6117431, 43.5205743 ], [ 1.6114097, 43.5208869 ], [ 1.6113896, 43.5209294 ], [ 1.611414, 43.5214558 ], [ 1.611406, 43.5218517 ], [ 1.6113889, 43.5218832 ], [ 1.6112522, 43.5219997 ], [ 1.6106818, 43.5223827 ] ] ] } },
{ "type": "Feature", "properties": { "id": "relation/161093", "ID_COMM": "310401", "NOMCOM": "NOUEILLES", "Commune": "NOUEILLES", "median": 1208.7816972899018, "q1": 868.98834835435264 }, "geometry": { "type": "Polygon", "coordinates": [ [ [ 1.5112619, 43.4101532 ], [ 1.511279, 43.4100609 ], [ 1.5110146, 43.4092369 ], [ 1.5101301, 43.4068063 ], [ 1.5100613, 43.4067366 ], [ 1.5101438, 43.4067033 ], [ 1.5110351, 43.4064941 ], [ 1.5116261, 43.4063314 ], [ 1.5126416, 43.4060106 ], [ 1.5127989, 43.4059224 ], [ 1.5136664, 43.4056829 ], [ 1.5147492, 43.4053351 ], [ 1.5149883, 43.4052436 ], [ 1.5155084, 43.4049293 ], [ 1.5162121, 43.4046582 ], [ 1.5171107, 43.404259 ], [ 1.5175381, 43.4040882 ], [ 1.5186614, 43.4036896 ], [ 1.5187217, 43.4036368 ], [ 1.5190786, 43.4031109 ], [ 1.5191112, 43.4030232 ], [ 1.5190789, 43.4029109 ], [ 1.519093, 43.4028336 ], [ 1.520521, 43.4020966 ], [ 1.5208986, 43.401877 ], [ 1.5213423, 43.4016596 ], [ 1.5221279, 43.4013536 ], [ 1.5225055, 43.4012413 ], [ 1.522621, 43.4011795 ], [ 1.5230162, 43.4009152 ], [ 1.5230353, 43.4008672 ], [ 1.5229538, 43.4004789 ], [ 1.5229603, 43.4004414 ], [ 1.5236331, 43.3998173 ], [ 1.5238777, 43.3996335 ], [ 1.5241483, 43.3994949 ], [ 1.5242278, 43.3996249 ], [ 1.5243845, 43.3997899 ], [ 1.5243353, 43.3998102 ], [ 1.5253208, 43.401286 ], [ 1.5254955, 43.401714 ], [ 1.5256974, 43.4019568 ], [ 1.5259293, 43.4021549 ], [ 1.5263839, 43.4023875 ], [ 1.5270118, 43.4027631 ], [ 1.5273828, 43.4032175 ], [ 1.5274435, 43.4032606 ], [ 1.5276104, 43.4033058 ], [ 1.5286653, 43.4038458 ], [ 1.5289301, 43.4040144 ], [ 1.5290558, 43.4041268 ], [ 1.5292931, 43.4043999 ], [ 1.5296635, 43.4047606 ], [ 1.5297508, 43.404882 ], [ 1.5299634, 43.4050703 ], [ 1.5301686, 43.4053164 ], [ 1.5302643, 43.4053701 ], [ 1.5304091, 43.4054237 ], [ 1.5307068, 43.405584 ], [ 1.5319465, 43.4060692 ], [ 1.5320452, 43.4060781 ], [ 1.5322898, 43.4060528 ], [ 1.5324377, 43.4060595 ], [ 1.5327326, 43.4061216 ], [ 1.5337218, 43.4062546 ], [ 1.5339422, 43.4063093 ], [ 1.5341214, 43.406313 ], [ 1.5343075, 43.406348 ], [ 1.534805, 43.4063654 ], [ 1.5351091, 43.4064055 ], [ 1.5352005, 43.4064373 ], [ 1.5353792, 43.406603 ], [ 1.5356828, 43.4067906 ], [ 1.5360083, 43.4070684 ], [ 1.536413, 43.4073649 ], [ 1.5370959, 43.4080996 ], [ 1.5366464, 43.4084707 ], [ 1.5362555, 43.4087442 ], [ 1.5361216, 43.4088671 ], [ 1.5360179, 43.4090436 ], [ 1.5359218, 43.4092927 ], [ 1.5358117, 43.4094668 ], [ 1.5356502, 43.4096195 ], [ 1.5353088, 43.4098932 ], [ 1.5348168, 43.410326 ], [ 1.534578, 43.4105739 ], [ 1.5344021, 43.4108675 ], [ 1.534001, 43.4114389 ], [ 1.5335795, 43.4123268 ], [ 1.5334561, 43.4125097 ], [ 1.5334585, 43.4125344 ], [ 1.5337564, 43.4127267 ], [ 1.5343285, 43.4129287 ], [ 1.5349047, 43.4130878 ], [ 1.5350543, 43.413117 ], [ 1.5375308, 43.4131022 ], [ 1.5380293, 43.4131273 ], [ 1.538507, 43.4131769 ], [ 1.5387425, 43.4132604 ], [ 1.5395126, 43.4136937 ], [ 1.5401643, 43.4141028 ], [ 1.5403307, 43.4148587 ], [ 1.5408804, 43.4161168 ], [ 1.5414146, 43.416188 ], [ 1.5425751, 43.4163078 ], [ 1.5426096, 43.4163257 ], [ 1.5428337, 43.4186001 ], [ 1.542947, 43.4187581 ], [ 1.543317, 43.4196517 ], [ 1.5433725, 43.4197438 ], [ 1.5435214, 43.4198615 ], [ 1.5436414, 43.4199226 ], [ 1.5438262, 43.4199902 ], [ 1.5440203, 43.4200373 ], [ 1.5463363, 43.4203902 ], [ 1.5488917, 43.4209337 ], [ 1.548912, 43.4209529 ], [ 1.5486804, 43.4216539 ], [ 1.5486365, 43.4216817 ], [ 1.5481885, 43.4218296 ], [ 1.5471507, 43.4222141 ], [ 1.5468159, 43.4223591 ], [ 1.5467156, 43.422426 ], [ 1.5464949, 43.4226338 ], [ 1.5461571, 43.4228295 ], [ 1.5458178, 43.4230681 ], [ 1.5455338, 43.4233167 ], [ 1.5446189, 43.423998 ], [ 1.5443957, 43.424196 ], [ 1.5443151, 43.424348 ], [ 1.5440642, 43.4246238 ], [ 1.5439329, 43.4248407 ], [ 1.5431342, 43.4258091 ], [ 1.5430124, 43.4260232 ], [ 1.5426588, 43.4264392 ], [ 1.5422926, 43.4268047 ], [ 1.5420591, 43.4269622 ], [ 1.5418859, 43.4269918 ], [ 1.541599, 43.4272333 ], [ 1.5413149, 43.4275266 ], [ 1.5404018, 43.4246654 ], [ 1.5399709, 43.423254 ], [ 1.5399026, 43.4231137 ], [ 1.5396639, 43.4228531 ], [ 1.5396095, 43.4228737 ], [ 1.5372947, 43.4243412 ], [ 1.5372202, 43.4243684 ], [ 1.5365877, 43.4242918 ], [ 1.5351087, 43.4240708 ], [ 1.5345019, 43.4242213 ], [ 1.5330976, 43.4246428 ], [ 1.5330838, 43.4246706 ], [ 1.5331395, 43.424798 ], [ 1.533061, 43.4248337 ], [ 1.5317577, 43.4252276 ], [ 1.5307576, 43.4255891 ], [ 1.5298403, 43.4258963 ], [ 1.5283595, 43.4263277 ], [ 1.5282525, 43.4263713 ], [ 1.5280063, 43.4266979 ], [ 1.5279192, 43.4267685 ], [ 1.5278371, 43.426797 ], [ 1.5257081, 43.4272416 ], [ 1.5256511, 43.4272408 ], [ 1.5256241, 43.4272125 ], [ 1.5254333, 43.4267581 ], [ 1.5218229, 43.426863 ], [ 1.5216092, 43.4269101 ], [ 1.5215713, 43.4269339 ], [ 1.5215683, 43.4269646 ], [ 1.5216184, 43.4270691 ], [ 1.5215536, 43.4270267 ], [ 1.5207721, 43.4267121 ], [ 1.5204523, 43.4265395 ], [ 1.5194316, 43.4259143 ], [ 1.5187849, 43.4253451 ], [ 1.5185038, 43.4251874 ], [ 1.5184535, 43.4251268 ], [ 1.5184584, 43.4249349 ], [ 1.5184329, 43.4248946 ], [ 1.518255, 43.4247742 ], [ 1.5182369, 43.4247349 ], [ 1.5183473, 43.4245213 ], [ 1.5183401, 43.424486 ], [ 1.5182599, 43.424377 ], [ 1.518052, 43.4241745 ], [ 1.5180058, 43.4240984 ], [ 1.5178903, 43.4237752 ], [ 1.5170197, 43.4225521 ], [ 1.5169529, 43.4222674 ], [ 1.5169008, 43.4221274 ], [ 1.5168008, 43.4219864 ], [ 1.5166472, 43.4219272 ], [ 1.516212, 43.4218573 ], [ 1.5159682, 43.4217839 ], [ 1.5154039, 43.4216658 ], [ 1.5150284, 43.4216924 ], [ 1.5149521, 43.42167 ], [ 1.5146753, 43.4215199 ], [ 1.5144662, 43.4214609 ], [ 1.5141905, 43.4214125 ], [ 1.5138103, 43.4212577 ], [ 1.5126432, 43.4210207 ], [ 1.5116447, 43.4207707 ], [ 1.5106538, 43.420493 ], [ 1.5102478, 43.4203574 ], [ 1.5100068, 43.4202572 ], [ 1.5098899, 43.4201888 ], [ 1.509815, 43.420093 ], [ 1.5092308, 43.4182821 ], [ 1.5090374, 43.4175313 ], [ 1.5090623, 43.4174336 ], [ 1.5091054, 43.4173834 ], [ 1.5094746, 43.4171101 ], [ 1.5096453, 43.4169506 ], [ 1.5097322, 43.4168333 ], [ 1.5097331, 43.4165434 ], [ 1.5101298, 43.4157859 ], [ 1.5101832, 43.4157375 ], [ 1.5102448, 43.4157155 ], [ 1.5106147, 43.4156873 ], [ 1.5106672, 43.4156572 ], [ 1.5106897, 43.4156178 ], [ 1.5107014, 43.4153985 ], [ 1.5106715, 43.4151215 ], [ 1.5105636, 43.414737 ], [ 1.5102349, 43.4138708 ], [ 1.5101414, 43.4136739 ], [ 1.509997, 43.4135 ], [ 1.5099524, 43.413374 ], [ 1.5098433, 43.41324 ], [ 1.5097988, 43.4131401 ], [ 1.5097157, 43.4130659 ], [ 1.5093138, 43.412815 ], [ 1.5082525, 43.4120991 ], [ 1.5082153, 43.4120471 ], [ 1.5069152, 43.4112367 ], [ 1.5069636, 43.4111781 ], [ 1.5070422, 43.4111299 ], [ 1.5071251, 43.4111054 ], [ 1.507328, 43.4110788 ], [ 1.5083664, 43.4108287 ], [ 1.5087301, 43.4107666 ], [ 1.5099921, 43.4104575 ], [ 1.5110079, 43.4102462 ], [ 1.5112619, 43.4101532 ] ] ] } }
]
}
