ID;CodesParce;CodeInsee;Commune;Destinatio;TypeBati;Urbanisati;Type2Urban;Surface;NBLogement;NBT1;NBT2;NBT3;NBT4;LgtEtudian;LgtSociaux;LgtSeniors;LgtAccesAb;LgtPrives;Collectifs;Individuel;GrpHabitat;lots;Nom_Operat;OperationB;Promoteur;Bailleur;DateLivrai;ETAT
0;;310340;MERVILLA;HAB;Maison Indiv;INTENSIF;DP;4594;1;0;0;0;0;0;0;0;0;0;0;0;0;0;;;;;2009_2022;CONSTRUIT
0;;310340;MERVILLA;HAB;Maison Indiv;Conso ENAF;EXT;3728;1;0;0;0;0;0;0;0;0;0;0;0;0;0;;;;;2009_2022;CONSTRUIT
0;;310340;MERVILLA;HAB;Maison Indiv;Conso ENAF;EXT;3801;1;0;0;0;0;0;0;0;0;0;0;0;0;0;;;;;2009_2022;CONSTRUIT
0;;310340;MERVILLA;HAB;Maison Indiv;Conso ENAF;EXT;3790;1;0;0;0;0;0;0;0;0;0;0;0;0;0;;;;;2009_2022;CONSTRUIT
0;;310340;MERVILLA;HAB;Maison Indiv;Conso ENAF;EXT;3030;1;0;0;0;0;0;0;0;0;0;0;0;0;0;;;;;2009_2022;CONSTRUIT
0;;310340;MERVILLA;HAB;Maison Indiv;Conso ENAF;EXT;3538;1;0;0;0;0;0;0;0;0;0;0;0;0;0;;;;;2009_2022;CONSTRUIT
0;;310340;MERVILLA;HAB;Maison Indiv;INTENSIF;DC;2568;1;0;0;0;0;0;0;0;0;0;0;0;0;0;;;;;2009_2022;CONSTRUIT
0;;310340;MERVILLA;HAB;Maison Indiv;Conso ENAF;EXT;3468;1;0;0;0;0;0;0;0;0;0;0;0;0;0;;;;;2009_2022;CONSTRUIT
0;;310340;MERVILLA;HAB;Maison Indiv;Conso ENAF;EXT;3608;1;0;0;0;0;0;0;0;0;0;0;0;0;0;;;;;2009_2022;CONSTRUIT
0;;310340;MERVILLA;HAB;Maison Indiv;Conso ENAF;EXT;3809;1;0;0;0;0;0;0;0;0;0;0;0;0;0;;;;;2009_2022;CONSTRUIT
0;;310340;MERVILLA;HAB;Maison Indiv;Conso ENAF;EXT;3437;1;0;0;0;0;0;0;0;0;0;0;0;0;0;;;;;2009_2022;CONSTRUIT
0;;310340;MERVILLA;HAB;Maison Indiv;Conso ENAF;EXT;4356;1;0;0;0;0;0;0;0;0;0;0;0;0;0;;;;;2009_2022;CONSTRUIT
0;;310340;MERVILLA;HAB;Maison Indiv;Conso ENAF;EXT;3642;1;0;0;0;0;0;0;0;0;0;0;0;0;0;;;;;2009_2022;CONSTRUIT
0;;310340;MERVILLA;HAB;Maison Indiv;Conso ENAF;EXT;3768;1;0;0;0;0;0;0;0;0;0;0;0;0;0;;;;;2009_2022;CONSTRUIT
0;;310340;MERVILLA;HAB;Maison Indiv;Conso ENAF;EXT;3774;1;0;0;0;0;0;0;0;0;0;0;0;0;0;;;;;2009_2022;CONSTRUIT
0;;310340;MERVILLA;HAB;Maison Indiv;Conso ENAF;EXT;3430;1;0;0;0;0;0;0;0;0;0;0;0;0;0;;;;;2009_2022;CONSTRUIT
0;;310340;MERVILLA;HAB;Maison Indiv;Conso ENAF;EXT;3495;1;0;0;0;0;0;0;0;0;0;0;0;0;0;;;;;2009_2022;CONSTRUIT
0;;310340;MERVILLA;HAB;Maison Indiv;Conso ENAF;EXT;3538;1;0;0;0;0;0;0;0;0;0;0;0;0;0;;;;;2009_2022;CONSTRUIT
0;;310340;MERVILLA;HAB;Maison Indiv;Conso ENAF;EXT;3563;1;0;0;0;0;0;0;0;0;0;0;0;0;0;;;;;2009_2022;CONSTRUIT
0;;310340;MERVILLA;HAB;Maison Indiv;Conso ENAF;EXT;3646;1;0;0;0;0;0;0;0;0;0;0;0;0;0;;;;;2009_2022;CONSTRUIT
0;;310340;MERVILLA;HAB;Maison Indiv;Conso ENAF;EXT;3328;1;0;0;0;0;0;0;0;0;0;0;0;0;0;;;;;2009_2022;CONSTRUIT
0;;310340;MERVILLA;HAB;Maison Indiv;Conso ENAF;EXT;3463;1;0;0;0;0;0;0;0;0;0;0;0;0;0;;;;;2009_2022;CONSTRUIT
0;;310192;FOURQUEVAUX;HAB;Maison Indiv;Conso ENAF;EXT;1731;1;0;0;0;0;0;0;0;0;0;0;0;0;0;;;;;2009_2022;CONSTRUIT
0;;310025;AUREVILLE;HAB;Maison Indiv;Conso ENAF;EXT;2994;1;0;0;0;0;0;0;0;0;0;0;0;0;0;;;;;2009_2022;CONSTRUIT
0;;310025;AUREVILLE;HAB;Maison Indiv;Conso ENAF;EXT;2505;1;0;0;0;0;0;0;0;0;0;0;0;0;0;;;;;2009_2022;CONSTRUIT
0;;310025;AUREVILLE;HAB;Maison Indiv;Conso ENAF;EXT;1481;1;0;0;0;0;0;0;0;0;0;0;0;0;0;;;;;2009_2022;CONSTRUIT
0;;310025;AUREVILLE;HAB;Maison Indiv;Conso ENAF;EXT;1451;1;0;0;0;0;0;0;0;0;0;0;0;0;0;;;;;2009_2022;CONSTRUIT
0;;310025;AUREVILLE;HAB;Maison Indiv;Conso ENAF;EXT;1213;1;0;0;0;0;0;0;0;0;0;0;0;0;0;;;;;2009_2022;CONSTRUIT
0;;310025;AUREVILLE;HAB;Maison Indiv;Conso ENAF;EXT;1451;1;0;0;0;0;0;0;0;0;0;0;0;0;0;;;;;2009_2022;CONSTRUIT
0;;310025;AUREVILLE;HAB;;Conso ENAF;EXT;1154;0;0;0;0;0;0;0;0;0;0;0;0;0;0;;;;;2009_2022;CONSTRUIT
0;;310025;AUREVILLE;HAB;Maison Indiv;Conso ENAF;EXT;4192;1;0;0;0;0;0;0;0;0;0;0;0;0;0;;;;;2009_2022;CONSTRUIT
0;;310036;AUZIELLE;HAB;Maison Indiv;INTENSIF;DP;2123;1;0;0;0;0;0;0;0;0;0;0;0;0;0;;;;;2009_2022;CONSTRUIT
0;;310048;BAZIEGE;HAB;Maison Indiv;Conso ENAF;EXT;1963;1;0;0;0;0;0;0;0;0;0;0;0;0;0;;;;;2009_2022;CONSTRUIT
0;;310048;BAZIEGE;HAB;Maison Indiv;Conso ENAF;EXT;2014;1;0;0;0;0;0;0;0;0;0;0;0;0;0;;;;;2009_2022;CONSTRUIT
0;;310048;BAZIEGE;HAB;Maison Indiv;Conso ENAF;EXT;2300;1;0;0;0;0;0;0;0;0;0;0;0;0;0;;;;;2009_2022;CONSTRUIT
0;;310048;BAZIEGE;HAB;Maison Indiv;Conso ENAF;EXT;2649;1;0;0;0;0;0;0;0;0;0;0;0;0;0;;;;;2009_2022;CONSTRUIT
0;;310048;BAZIEGE;HAB;;Conso ENAF;EXT;408;1;0;0;0;0;0;0;0;0;0;0;0;0;0;;oui;;;2009_2022;CONSTRUIT
0;;310048;BAZIEGE;HAB;Maison Indiv;Conso ENAF;EXT;2030;1;0;0;0;0;0;0;0;0;0;0;0;0;0;;;;;2009_2022;CONSTRUIT
0;;310048;BAZIEGE;HAB;Maison Indiv;Conso ENAF;EXT;2135;1;0;0;0;0;0;0;0;0;0;0;0;0;0;;;;;2009_2022;CONSTRUIT
0;;310048;BAZIEGE;HAB;Maison Indiv;Conso ENAF;EXT;982;1;0;0;0;0;0;0;0;0;0;0;0;0;0;;;;;2009_2022;CONSTRUIT
0;;310048;BAZIEGE;HAB;Maison Indiv;Conso ENAF;EXT;976;1;0;0;0;0;0;0;0;0;0;0;0;0;0;;;;;2009_2022;CONSTRUIT
0;;310048;BAZIEGE;HAB;Maison Indiv;Conso ENAF;EXT;992;1;0;0;0;0;0;0;0;0;0;0;0;0;0;;;;;2009_2022;CONSTRUIT
0;;310048;BAZIEGE;HAB;Maison Indiv;Conso ENAF;EXT;2439;1;0;0;0;0;0;0;0;0;0;0;0;0;0;;;;;2009_2022;CONSTRUIT
0;;310048;BAZIEGE;HAB;Maison Indiv;Conso ENAF;EXT;2121;1;0;0;0;0;0;0;0;0;0;0;0;0;0;;;;;2009_2022;CONSTRUIT
0;;310048;BAZIEGE;HAB;Maison Indiv;Conso ENAF;EXT;416;1;0;0;0;0;0;0;0;0;0;0;0;0;0;;;;;2009_2022;CONSTRUIT
0;;310048;BAZIEGE;ACT;;Conso ENAF;EXT;6890;0;0;0;0;0;0;0;0;0;0;0;0;0;0;;;;;2009_2022;CONSTRUIT
0;;310048;BAZIEGE;HAB;Maison Indiv;Conso ENAF;EXT;545;1;0;0;0;0;0;0;0;0;0;0;0;0;0;;;;;2009_2022;CONSTRUIT
0;;310048;BAZIEGE;HAB;;Conso ENAF;EXT;7298;26;0;0;0;0;0;8;0;18;0;0;26;26;0;chemin d'En Roujairou;oui;Idélia;Colomiers Habitat;2009_2022;CONSTRUIT
0;;310048;BAZIEGE;HAB;;Conso ENAF;EXT;1078;1;0;0;0;0;0;0;0;0;0;0;0;0;0;;;;;2009_2022;CONSTRUIT
0;;310048;BAZIEGE;HAB;Maison Indiv;Conso ENAF;EXT;532;1;0;0;0;0;0;0;0;0;0;0;0;0;0;;;;;2009_2022;CONSTRUIT
0;;310048;BAZIEGE;HAB;Maison Indiv;Conso ENAF;EXT;1259;1;0;0;0;0;0;0;0;0;0;0;0;0;0;;;;;2009_2022;CONSTRUIT
0;;310048;BAZIEGE;HAB;Maison Indiv;Conso ENAF;EXT;564;1;0;0;0;0;0;0;0;0;0;0;0;0;0;;oui;;;2009_2022;CONSTRUIT
0;;310048;BAZIEGE;HAB;Maison Indiv;Conso ENAF;EXT;604;1;0;0;0;0;0;0;0;0;0;0;0;0;0;;oui;;;2009_2022;CONSTRUIT
0;;310057;BELBERAUD;HAB;Maison Indiv;Conso ENAF;EXT;933;1;0;0;0;0;0;0;0;0;0;0;0;0;0;;;;;2009_2022;CONSTRUIT
0;;310057;BELBERAUD;HAB;Maison Indiv;Conso ENAF;EXT;909;1;0;0;0;0;0;0;0;0;0;0;0;0;0;;;;;2009_2022;CONSTRUIT
0;;310057;BELBERAUD;HAB;Maison Indiv;Conso ENAF;EXT;2131;1;0;0;0;0;0;0;0;0;0;0;0;0;0;;;;;2009_2022;CONSTRUIT
0;;310057;BELBERAUD;HAB;Maison Indiv;Conso ENAF;EXT;1030;1;0;0;0;0;0;0;0;0;0;0;0;0;0;;;;;2009_2022;CONSTRUIT
0;;310057;BELBERAUD;HAB;Maison Indiv;Conso ENAF;EXT;2615;1;0;0;0;0;0;0;0;0;0;0;0;0;0;;;;;2009_2022;CONSTRUIT
0;;310227;GOYRANS;HAB;Maison Indiv;Conso ENAF;EXT;2764;1;0;0;0;0;0;0;0;0;0;0;0;0;0;;;;;2009_2022;CONSTRUIT
0;;310227;GOYRANS;HAB;Maison Indiv;Conso ENAF;EXT;3107;1;0;0;0;0;0;0;0;0;0;0;0;0;0;;;;;2009_2022;CONSTRUIT
0;;310227;GOYRANS;HAB;Maison Indiv;INTENSIF;DP;1327;1;0;0;0;0;0;0;0;0;0;0;0;0;0;;;;;2009_2022;CONSTRUIT
0;;310227;GOYRANS;HAB;Maison Indiv;Conso ENAF;EXT;1869;1;0;0;0;0;0;0;0;0;0;0;0;0;0;;;;;2009_2022;CONSTRUIT
0;;310227;GOYRANS;HAB;Maison Indiv;Conso ENAF;EXT;1198;1;0;0;0;0;0;0;0;0;0;0;0;0;0;;;;;2009_2022;CONSTRUIT
0;;310227;GOYRANS;HAB;Maison Indiv;Conso ENAF;EXT;2054;1;0;0;0;0;0;0;0;0;0;0;0;0;0;;;;;2009_2022;CONSTRUIT
0;;310227;GOYRANS;HAB;Maison Indiv;Conso ENAF;EXT;2020;1;0;0;0;0;0;0;0;0;0;0;0;0;0;;;;;2009_2022;CONSTRUIT
0;;310227;GOYRANS;HAB;Maison Indiv;Conso ENAF;EXT;794;1;0;0;0;0;0;0;0;0;0;0;0;0;0;;;;;2009_2022;CONSTRUIT
0;;310227;GOYRANS;HAB;Maison Indiv;INTENSIF;DC;2554;1;0;0;0;0;0;0;0;0;0;0;0;0;0;;;;;2009_2022;CONSTRUIT
0;;310227;GOYRANS;HAB;Maison Indiv;INTENSIF;DP;2119;1;0;0;0;0;0;0;0;0;0;0;0;0;0;;;;;2009_2022;CONSTRUIT
0;;310227;GOYRANS;HAB;Maison Indiv;INTENSIF;DP;1505;1;0;0;0;0;0;0;0;0;0;0;0;0;0;;;;;2009_2022;CONSTRUIT
0;;310227;GOYRANS;HAB;Maison Indiv;INTENSIF;DC;1089;1;0;0;0;0;0;0;0;0;0;0;0;0;0;;;;;2009_2022;CONSTRUIT
0;;310227;GOYRANS;HAB;Maison Indiv;INTENSIF;DC;1093;1;0;0;0;0;0;0;0;0;0;0;0;0;0;;;;;2009_2022;CONSTRUIT
0;;310227;GOYRANS;EQUIP;;INTENSIF;RU;424;0;0;0;0;0;0;0;0;0;0;0;0;0;0;;;;;2009_2022;CONSTRUIT
0;;310227;GOYRANS;HAB;Maison Indiv;Conso ENAF;EXT;2651;1;0;0;0;0;0;0;0;0;0;0;0;0;0;;;;;2009_2022;CONSTRUIT
0;;310227;GOYRANS;HAB;;Conso ENAF;EXT;5764;3;0;0;0;0;0;0;0;0;0;0;0;0;0;;;;;2009_2022;CONSTRUIT
0;;310169;ESCALQUENS;HAB;Maison Indiv;INTENSIF;DC;1010;1;0;0;0;0;0;0;0;0;0;0;0;0;0;;;;;2009_2022;CONSTRUIT
0;;310169;ESCALQUENS;EQUIP;;Conso ENAF;EXT;6756;41;0;0;0;0;0;8;0;0;33;41;0;0;0;La Gaille;oui;Christian Bec;;2009_2022;CONSTRUIT
0;;310169;ESCALQUENS;HAB;;INTENSIF;RU;2807;20;0;4;12;4;0;0;0;0;20;20;0;0;0;Rés Coteaux d'Argent;oui;Convergence;;2009_2022;CONSTRUIT
0;;310169;ESCALQUENS;HAB;Maison Indiv;INTENSIF;DC;514;1;0;0;0;0;0;0;0;0;0;0;0;0;0;;;;;2009_2022;CONSTRUIT
0;;310169;ESCALQUENS;EQUIP;;Conso ENAF;EXT;32478;0;0;0;0;0;0;0;0;0;0;0;0;0;0;;;;;2009_2022;CONSTRUIT
0;;310169;ESCALQUENS;HAB;Maison Indiv;INTENSIF;DC;492;1;0;0;0;0;0;0;0;0;0;0;0;0;0;;;;;2009_2022;CONSTRUIT
0;;310169;ESCALQUENS;HAB;Maison Indiv;INTENSIF;DP;1985;1;0;0;0;0;0;0;0;0;0;0;0;0;0;;;;;2009_2022;CONSTRUIT
0;;310169;ESCALQUENS;HAB;Maison Indiv;INTENSIF;DP;454;1;0;0;0;0;0;0;0;0;0;0;0;0;0;;;;;2009_2022;CONSTRUIT
0;;310169;ESCALQUENS;HAB;Maison Indiv;Conso ENAF;EXT;1552;1;0;0;0;0;0;0;0;0;0;0;0;0;0;;;;;2009_2022;CONSTRUIT
0;;310169;ESCALQUENS;HAB;Maison Indiv;INTENSIF;DP;407;1;0;0;0;0;0;0;0;0;0;0;0;0;0;;;;;2009_2022;CONSTRUIT
0;;310169;ESCALQUENS;HAB;Maison Indiv;INTENSIF;DP;729;1;0;0;0;0;0;0;0;0;0;0;0;0;0;;;;;2009_2022;CONSTRUIT
0;;310169;ESCALQUENS;HAB;Maison Indiv;INTENSIF;DP;719;1;0;0;0;0;0;0;0;0;0;0;0;0;0;;;;;2009_2022;CONSTRUIT
0;;310169;ESCALQUENS;HAB;Maison Indiv;INTENSIF;DP;452;1;0;0;0;0;0;0;0;0;0;0;0;0;0;;;;;2009_2022;CONSTRUIT
0;;310169;ESCALQUENS;HAB;Maison Indiv;INTENSIF;DP;514;1;0;0;0;0;0;0;0;0;0;0;0;0;0;;;;;2009_2022;CONSTRUIT
0;;310169;ESCALQUENS;HAB;Maison Indiv;INTENSIF;DP;714;1;0;0;0;0;0;0;0;0;0;0;0;0;0;;;;;2009_2022;CONSTRUIT
0;;310169;ESCALQUENS;HAB;Maison Indiv;Conso ENAF;EXT;1442;1;0;0;0;0;0;0;0;0;0;0;0;0;0;;;;;2009_2022;CONSTRUIT
0;;310169;ESCALQUENS;HAB;Maison Indiv;INTENSIF;DC;729;1;0;0;0;0;0;0;0;0;0;0;0;0;0;;;;;2009_2022;CONSTRUIT
0;;310169;ESCALQUENS;HAB;Maison Indiv;INTENSIF;DP;403;1;0;0;0;0;0;0;0;0;0;0;0;0;0;;;;;2009_2022;CONSTRUIT
0;;310169;ESCALQUENS;HAB;Maison Indiv;INTENSIF;DP;851;1;0;0;0;0;0;0;0;0;0;0;0;0;0;;;;;2009_2022;CONSTRUIT
0;;310169;ESCALQUENS;HAB;Maison Indiv;INTENSIF;DP;599;1;0;0;0;0;0;0;0;0;0;0;0;0;0;;;;;2009_2022;CONSTRUIT
0;;310169;ESCALQUENS;HAB;Maison Indiv;INTENSIF;DP;2060;1;0;0;0;0;0;0;0;0;0;0;0;0;0;;;;;2009_2022;CONSTRUIT
0;;310169;ESCALQUENS;HAB;Maison Indiv;INTENSIF;DP;569;1;0;0;0;0;0;0;0;0;0;0;0;0;0;;;;;2009_2022;CONSTRUIT
0;;310169;ESCALQUENS;HAB;Maison Indiv;INTENSIF;DP;754;1;0;0;0;0;0;0;0;0;0;0;0;0;0;;;;;2009_2022;CONSTRUIT
0;;310169;ESCALQUENS;HAB;Maison Indiv;INTENSIF;DP;1080;1;0;0;0;0;0;0;0;0;0;0;0;0;0;;;;;2009_2022;CONSTRUIT
0;;310169;ESCALQUENS;HAB;Maison Indiv;INTENSIF;DP;478;1;0;0;0;0;0;0;0;0;0;0;0;0;0;;;;;2009_2022;CONSTRUIT
0;;310169;ESCALQUENS;HAB;Maison Indiv;INTENSIF;DP;1444;1;0;0;0;0;0;0;0;0;0;0;0;0;0;;;;;2009_2022;CONSTRUIT
0;;310169;ESCALQUENS;HAB;Maison Indiv;INTENSIF;DP;812;1;0;0;0;0;0;0;0;0;0;0;0;0;0;;;;;2009_2022;CONSTRUIT
0;;310169;ESCALQUENS;HAB;Maison Indiv;INTENSIF;DP;903;1;0;0;0;0;0;0;0;0;0;0;0;0;0;;;;;2009_2022;CONSTRUIT
0;;310169;ESCALQUENS;HAB;Maison Indiv;Conso ENAF;EXT;2507;1;0;0;0;0;0;0;0;0;0;0;0;0;0;;;;;2009_2022;CONSTRUIT
0;;310169;ESCALQUENS;HAB;Maison Indiv;INTENSIF;DP;861;1;0;0;0;0;0;0;0;0;0;0;0;0;0;;;;;2009_2022;CONSTRUIT
0;;310169;ESCALQUENS;HAB;Maison Indiv;INTENSIF;DP;791;1;0;0;0;0;0;0;0;0;0;0;0;0;0;;;;;2009_2022;CONSTRUIT
0;;310169;ESCALQUENS;HAB;Maison Indiv;INTENSIF;DP;761;1;0;0;0;0;0;0;0;0;0;0;0;0;0;;;;;2009_2022;CONSTRUIT
0;;310169;ESCALQUENS;HAB;Maison Indiv;Conso ENAF;EXT;1828;1;0;0;0;0;0;0;0;0;0;0;0;0;0;;;;;2009_2022;CONSTRUIT
0;;310169;ESCALQUENS;HAB;Maison Indiv;INTENSIF;DP;824;1;0;0;0;0;0;0;0;0;0;0;0;0;0;;;;;2009_2022;CONSTRUIT
0;;310169;ESCALQUENS;HAB;;INTENSIF;DP;990;2;0;0;0;0;0;0;0;0;0;0;0;0;0;;;;;2009_2022;CONSTRUIT
0;;310169;ESCALQUENS;HAB;Maison Indiv;INTENSIF;DP;743;1;0;0;0;0;0;0;0;0;0;0;0;0;0;;;;;2009_2022;CONSTRUIT
0;;310169;ESCALQUENS;HAB;Maison Indiv;INTENSIF;DP;592;1;0;0;0;0;0;0;0;0;0;0;0;0;0;;;;;2009_2022;CONSTRUIT
0;;310169;ESCALQUENS;HAB;Maison Indiv;INTENSIF;DP;671;1;0;0;0;0;0;0;0;0;0;0;0;0;0;;;;;2009_2022;CONSTRUIT
0;;310169;ESCALQUENS;HAB;Maison Indiv;Conso ENAF;EXT;1356;1;0;0;0;0;0;0;0;0;0;0;0;0;0;;;;;2009_2022;CONSTRUIT
0;;310169;ESCALQUENS;HAB;Maison Indiv;INTENSIF;DP;451;1;0;0;0;0;0;0;0;0;0;0;0;0;0;;;;;2009_2022;CONSTRUIT
0;;310169;ESCALQUENS;HAB;Maison Indiv;INTENSIF;DP;799;1;0;0;0;0;0;0;0;0;0;0;0;0;0;;;;;2009_2022;CONSTRUIT
0;;310169;ESCALQUENS;HAB;Maison Indiv;INTENSIF;DC;604;1;0;0;0;0;0;0;0;0;0;0;0;0;0;;;;;2009_2022;CONSTRUIT
0;;310169;ESCALQUENS;HAB;Maison Indiv;INTENSIF;DP;796;1;0;0;0;0;0;0;0;0;0;0;0;0;0;;;;;2009_2022;CONSTRUIT
0;;310169;ESCALQUENS;HAB;Maison Indiv;INTENSIF;DC;504;1;0;0;0;0;0;0;0;0;0;0;0;0;0;;;;;2009_2022;CONSTRUIT
0;;310169;ESCALQUENS;HAB;Maison Indiv;INTENSIF;DP;632;1;0;0;0;0;0;0;0;0;0;0;0;0;0;;;;;2009_2022;CONSTRUIT
0;;310169;ESCALQUENS;HAB;Maison Indiv;INTENSIF;DP;576;1;0;0;0;0;0;0;0;0;0;0;0;0;0;;;;;2009_2022;CONSTRUIT
0;;310169;ESCALQUENS;HAB;Maison Indiv;INTENSIF;DP;752;1;0;0;0;0;0;0;0;0;0;0;0;0;0;;;;;2009_2022;CONSTRUIT
0;;310169;ESCALQUENS;HAB;Maison Indiv;INTENSIF;DP;593;1;0;0;0;0;0;0;0;0;0;0;0;0;0;;;;;2009_2022;CONSTRUIT
0;;310169;ESCALQUENS;HAB;Maison Indiv;INTENSIF;DC;759;1;0;0;0;0;0;0;0;0;0;0;0;0;0;;;;;2009_2022;CONSTRUIT
0;;310169;ESCALQUENS;HAB;Maison Indiv;INTENSIF;DP;629;1;0;0;0;0;0;0;0;0;0;0;0;0;0;;;;;2009_2022;CONSTRUIT
0;;310169;ESCALQUENS;HAB;Maison Indiv;INTENSIF;DP;408;1;0;0;0;0;0;0;0;0;0;0;0;0;0;;;;;2009_2022;CONSTRUIT
0;;310169;ESCALQUENS;HAB;Maison Indiv;INTENSIF;DP;449;1;0;0;0;0;0;0;0;0;0;0;0;0;0;;;;;2009_2022;CONSTRUIT
0;;310169;ESCALQUENS;HAB;;INTENSIF;DP;747;6;0;0;0;0;0;0;0;0;6;6;0;0;0;Chemin de la Bruyère;oui;SCI Montségur;;2009_2022;CONSTRUIT
0;;310169;ESCALQUENS;HAB;Maison Indiv;INTENSIF;DC;680;1;0;0;0;0;0;0;0;0;0;0;0;0;0;;;;;2009_2022;CONSTRUIT
0;;310169;ESCALQUENS;HAB;Maison Indiv;INTENSIF;DC;1212;1;0;0;0;0;0;0;0;0;0;0;0;0;0;;;;;2009_2022;CONSTRUIT
0;;310169;ESCALQUENS;HAB;Maison Indiv;INTENSIF;DC;579;1;0;0;0;0;0;0;0;0;0;0;0;0;0;;;;;2009_2022;CONSTRUIT
0;;310169;ESCALQUENS;HAB;Maison Indiv;INTENSIF;DC;671;1;0;0;0;0;0;0;0;0;0;0;0;0;0;;;;;2009_2022;CONSTRUIT
0;;310169;ESCALQUENS;HAB;Maison Indiv;INTENSIF;DP;507;1;0;0;0;0;0;0;0;0;0;0;0;0;0;;;;;2009_2022;CONSTRUIT
0;;310169;ESCALQUENS;EQUIP;;Conso ENAF;EXT;4356;0;0;0;0;0;0;0;0;0;0;0;0;0;0;;;;;2009_2022;CONSTRUIT
0;;310169;ESCALQUENS;HAB;Maison Indiv;INTENSIF;DP;715;1;0;0;0;0;0;0;0;0;0;0;0;0;0;;;;;2009_2022;CONSTRUIT
0;;310169;ESCALQUENS;EQUIP;;Conso ENAF;EXT;7045;0;0;0;0;0;0;0;0;0;0;0;0;0;0;;;;;2009_2022;CONSTRUIT
0;;310169;ESCALQUENS;HAB;Maison Indiv;INTENSIF;DC;686;1;0;0;0;0;0;0;0;0;0;0;0;0;0;;;;;2009_2022;CONSTRUIT
0;;310169;ESCALQUENS;HAB;;INTENSIF;DP;2394;16;0;0;0;0;0;0;0;0;16;16;0;0;0;88 av. de Toulouse;oui;D. ZINVEST;;2009_2022;CONSTRUIT
0;;310169;ESCALQUENS;HAB;Maison Indiv;INTENSIF;DC;524;1;0;0;0;0;0;0;0;0;0;0;0;0;0;;;;;2009_2022;CONSTRUIT
0;;310169;ESCALQUENS;HAB;Maison Indiv;INTENSIF;DP;523;1;0;0;0;0;0;0;0;0;0;0;0;0;0;;;;;2009_2022;CONSTRUIT
0;;310169;ESCALQUENS;HAB;Maison Indiv;INTENSIF;DP;521;1;0;0;0;0;0;0;0;0;0;0;0;0;0;;;;;2009_2022;CONSTRUIT
0;;310169;ESCALQUENS;HAB;Maison Indiv;INTENSIF;DP;404;1;0;0;0;0;0;0;0;0;0;0;0;0;0;;;;;2009_2022;CONSTRUIT
0;;310169;ESCALQUENS;HAB;;Conso ENAF;EXT;5047;14;0;0;0;0;0;0;0;0;0;0;0;0;0;;oui;;;2009_2022;CONSTRUIT
0;;310169;ESCALQUENS;HAB;Maison Indiv;INTENSIF;DP;559;1;0;0;0;0;0;0;0;0;0;0;0;0;0;;;;;2009_2022;CONSTRUIT
0;;310169;ESCALQUENS;HAB;Maison Indiv;INTENSIF;DC;449;1;0;0;0;0;0;0;0;0;0;0;0;0;0;;;;;2009_2022;CONSTRUIT
0;;310169;ESCALQUENS;HAB;Maison Indiv;INTENSIF;DP;797;1;0;0;0;0;0;0;0;0;0;0;0;0;0;;;;;2009_2022;CONSTRUIT
0;;310169;ESCALQUENS;HAB;Maison Indiv;INTENSIF;DP;699;1;0;0;0;0;0;0;0;0;0;0;0;0;0;;;;;2009_2022;CONSTRUIT
0;;310169;ESCALQUENS;HAB;Maison Indiv;INTENSIF;DP;608;1;0;0;0;0;0;0;0;0;0;0;0;0;0;;;;;2009_2022;CONSTRUIT
0;;310169;ESCALQUENS;ACT;;INTENSIF;DP;1349;0;0;0;0;0;0;0;0;0;0;0;0;0;0;;;;;2009_2022;CONSTRUIT
0;;310169;ESCALQUENS;ACT;;Conso ENAF;EXT;5018;0;0;0;0;0;0;0;0;0;0;0;0;0;0;;;;;2009_2022;CONSTRUIT
0;;310169;ESCALQUENS;ACT;;Conso ENAF;EXT;10258;0;0;0;0;0;0;0;0;0;0;0;0;0;0;;;;;2009_2022;CONSTRUIT
0;;310169;ESCALQUENS;ACT;;Conso ENAF;EXT;2002;0;0;0;0;0;0;0;0;0;0;0;0;0;0;;;;;2009_2022;CONSTRUIT
0;;310169;ESCALQUENS;ACT;;Conso ENAF;EXT;2502;0;0;0;0;0;0;0;0;0;0;0;0;0;0;;;;;2009_2022;CONSTRUIT
0;;310169;ESCALQUENS;ACT;;Conso ENAF;EXT;2139;0;0;0;0;0;0;0;0;0;0;0;0;0;0;;;;;2009_2022;CONSTRUIT
0;;310169;ESCALQUENS;ACT;;Conso ENAF;EXT;9947;0;0;0;0;0;0;0;0;0;0;0;0;0;0;;;;;2009_2022;CONSTRUIT
0;;310169;ESCALQUENS;ACT;;Conso ENAF;EXT;1502;0;0;0;0;0;0;0;0;0;0;0;0;0;0;;;;;2009_2022;CONSTRUIT
0;;310169;ESCALQUENS;ACT;;Conso ENAF;EXT;12968;0;0;0;0;0;0;0;0;0;0;0;0;0;0;;;;;2009_2022;CONSTRUIT
0;;310169;ESCALQUENS;ACT;;Conso ENAF;EXT;20;0;0;0;0;0;0;0;0;0;0;0;0;0;0;;;;;2009_2022;CONSTRUIT
0;;310169;ESCALQUENS;ACT;;Conso ENAF;EXT;1183;0;0;0;0;0;0;0;0;0;0;0;0;0;0;;;;;2009_2022;CONSTRUIT
0;;310169;ESCALQUENS;ACT;;Conso ENAF;EXT;1906;0;0;0;0;0;0;0;0;0;0;0;0;0;0;;;;;2009_2022;CONSTRUIT
0;;310169;ESCALQUENS;ACT;;INTENSIF;DP;941;0;0;0;0;0;0;0;0;0;0;0;0;0;0;;;;;2009_2022;CONSTRUIT
0;;310169;ESCALQUENS;ACT;;Conso ENAF;EXT;10923;0;0;0;0;0;0;0;0;0;0;0;0;0;0;;;;;2009_2022;CONSTRUIT
0;;310169;ESCALQUENS;ACT;;Conso ENAF;EXT;6682;0;0;0;0;0;0;0;0;0;0;0;0;0;0;;;;;2009_2022;CONSTRUIT
0;;310169;ESCALQUENS;ACT;;Conso ENAF;EXT;4645;0;0;0;0;0;0;0;0;0;0;0;0;0;0;;;;;2009_2022;CONSTRUIT
0;;310169;ESCALQUENS;ACT;;INTENSIF;DP;13948;0;0;0;0;0;0;0;0;0;0;0;0;0;0;;;;;2009_2022;CONSTRUIT
0;;310169;ESCALQUENS;ACT;;Conso ENAF;EXT;6039;0;0;0;0;0;0;0;0;0;0;0;0;0;0;;;;;2009_2022;CONSTRUIT
0;;310169;ESCALQUENS;ACT;;Conso ENAF;EXT;14591;0;0;0;0;0;0;0;0;0;0;0;0;0;0;;;;;2009_2022;CONSTRUIT
0;;310169;ESCALQUENS;HAB;Maison Indiv;INTENSIF;DP;614;1;0;0;0;0;0;0;0;0;0;0;0;0;0;;;;;2009_2022;CONSTRUIT
0;;310169;ESCALQUENS;ACT;;Conso ENAF;EXT;6268;0;0;0;0;0;0;0;0;0;0;0;0;0;0;;;;;2009_2022;CONSTRUIT
0;;310169;ESCALQUENS;ACT;;Conso ENAF;EXT;7007;0;0;0;0;0;0;0;0;0;0;0;0;0;0;;;;;2009_2022;CONSTRUIT
0;;310169;ESCALQUENS;ACT;;Conso ENAF;EXT;3774;0;0;0;0;0;0;0;0;0;0;0;0;0;0;;;;;2009_2022;CONSTRUIT
0;;310169;ESCALQUENS;ACT;;Conso ENAF;EXT;1256;0;0;0;0;0;0;0;0;0;0;0;0;0;0;;;;;2009_2022;CONSTRUIT
0;;310169;ESCALQUENS;ACT;;Conso ENAF;EXT;4621;0;0;0;0;0;0;0;0;0;0;0;0;0;0;;;;;2009_2022;CONSTRUIT
0;;310169;ESCALQUENS;ACT;;Conso ENAF;EXT;5092;0;0;0;0;0;0;0;0;0;0;0;0;0;0;;;;;2009_2022;CONSTRUIT
0;;310169;ESCALQUENS;HAB;Maison Indiv;Conso ENAF;EXT;3922;1;0;0;0;0;0;0;0;0;0;0;0;0;0;;;;;2009_2022;CONSTRUIT
0;;310169;ESCALQUENS;ACT;;INTENSIF;DP;9976;0;0;0;0;0;0;0;0;0;0;0;0;0;0;;;;;2009_2022;CONSTRUIT
0;;310169;ESCALQUENS;ACT;;INTENSIF;DP;23202;0;0;0;0;0;0;0;0;0;0;0;0;0;0;;;;;2009_2022;CONSTRUIT
0;;310169;ESCALQUENS;ACT;;Conso ENAF;EXT;4913;0;0;0;0;0;0;0;0;0;0;0;0;0;0;;;;;2009_2022;CONSTRUIT
0;;310169;ESCALQUENS;HAB;;INTENSIF;DP;992;2;0;0;0;0;0;0;0;0;4;4;0;0;0;chemin du Sauzat;;;;2009_2022;CONSTRUIT
0;;310169;ESCALQUENS;ACT;;Conso ENAF;EXT;596;0;0;0;0;0;0;0;0;0;0;0;0;0;0;;;;;2009_2022;CONSTRUIT
0;;310169;ESCALQUENS;ACT;;Conso ENAF;0;9797;0;0;0;0;0;0;0;0;0;0;0;0;0;0;;;;;2009_2022;CONSTRUIT
0;;310169;ESCALQUENS;ACT;;Conso ENAF;EXT;65;0;0;0;0;0;0;0;0;0;0;0;0;0;0;;;;;2009_2022;CONSTRUIT
0;;310169;ESCALQUENS;ACT;;Conso ENAF;EXT;628;0;0;0;0;0;0;0;0;0;0;0;0;0;0;;;;;2009_2022;CONSTRUIT
0;;310169;ESCALQUENS;ACT;;Conso ENAF;EXT;2480;0;0;0;0;0;0;0;0;0;0;0;0;0;0;;;;;2009_2022;CONSTRUIT
0;;310169;ESCALQUENS;ACT;;Conso ENAF;EXT;225;0;0;0;0;0;0;0;0;0;0;0;0;0;0;;;;;2009_2022;CONSTRUIT
0;;310169;ESCALQUENS;ACT;;Conso ENAF;EXT;10332;0;0;0;0;0;0;0;0;0;0;0;0;0;0;;;;;2009_2022;CONSTRUIT
0;;310169;ESCALQUENS;ACT;;Conso ENAF;EXT;388;0;0;0;0;0;0;0;0;0;0;0;0;0;0;;;;;2009_2022;CONSTRUIT
0;;310169;ESCALQUENS;ACT;;Conso ENAF;EXT;107;0;0;0;0;0;0;0;0;0;0;0;0;0;0;;;;;2009_2022;CONSTRUIT
0;;310169;ESCALQUENS;ACT;;Conso ENAF;EXT;214;0;0;0;0;0;0;0;0;0;0;0;0;0;0;;;;;2009_2022;CONSTRUIT
0;;310169;ESCALQUENS;ACT;;Conso ENAF;EXT;3237;0;0;0;0;0;0;0;0;0;0;0;0;0;0;;;;;2009_2022;CONSTRUIT
0;;310169;ESCALQUENS;ACT;;Conso ENAF;EXT;1532;0;0;0;0;0;0;0;0;0;0;0;0;0;0;;;;;2009_2022;CONSTRUIT
0;;310169;ESCALQUENS;EQUIP;;Conso ENAF;EXT;7771;0;0;0;0;0;0;0;0;0;0;0;0;0;0;;;;;2009_2022;CONSTRUIT
0;;310169;ESCALQUENS;EQUIP;;INTENSIF;DC;6329;0;0;0;0;0;0;0;0;0;0;0;0;0;0;;;;;2009_2022;CONSTRUIT
0;;310169;ESCALQUENS;ACT;;INTENSIF;DC;13418;0;0;0;0;0;0;0;0;0;0;0;0;0;0;;;;;2009_2022;CONSTRUIT
0;;310171;ESPANES;HAB;;Conso ENAF;EXT;2138;2;0;0;0;0;0;0;0;0;2;0;0;0;2;L'homme fort;;;;2009_2022;CONSTRUIT
0;;310171;ESPANES;HAB;Maison Indiv;Conso ENAF;EXT;1879;1;0;0;0;0;0;0;0;0;0;0;0;0;0;;;;;2009_2022;CONSTRUIT
0;;310259;LACROIX-FALGARDE;HAB;;Conso ENAF;EXT;10235;6;0;0;0;0;0;0;0;0;0;0;0;0;0;;;;;2009_2022;CONSTRUIT
0;;310259;LACROIX-FALGARDE;HAB;Maison Indiv;Conso ENAF;EXT;6572;1;0;0;0;0;0;0;0;0;0;0;0;0;0;;;;;2009_2022;CONSTRUIT
0;;310259;LACROIX-FALGARDE;ACT;;Conso ENAF;EXT;648;0;0;0;0;0;0;0;0;0;0;0;0;0;0;;;;;2009_2022;CONSTRUIT
0;;310169;ESCALQUENS;ACT;;Conso ENAF;EXT;1482;0;0;0;0;0;0;0;0;0;0;0;0;0;0;;;;;2009_2022;CONSTRUIT
0;;310169;ESCALQUENS;HAB;Maison Indiv;Conso ENAF;EXT;688;1;0;0;0;0;0;0;0;0;0;0;0;0;0;;;;;2009_2022;CONSTRUIT
0;;310169;ESCALQUENS;HAB;Maison Indiv;Conso ENAF;EXT;678;1;0;0;0;0;0;0;0;0;0;0;0;0;0;;;;;2009_2022;CONSTRUIT
0;;310169;ESCALQUENS;HAB;Maison Indiv;INTENSIF;DP;774;1;0;0;0;0;0;0;0;0;0;0;0;0;0;;;;;2009_2022;CONSTRUIT
0;;310169;ESCALQUENS;HAB;Maison Indiv;INTENSIF;DP;404;1;0;0;0;0;0;0;0;0;0;0;0;0;0;;;;;2009_2022;CONSTRUIT
0;;310169;ESCALQUENS;HAB;Maison Indiv;INTENSIF;DP;333;1;0;0;0;0;0;0;0;0;0;0;0;0;0;;;;;2009_2022;CONSTRUIT
0;;310169;ESCALQUENS;HAB;Maison Indiv;INTENSIF;DP;952;1;0;0;0;0;0;0;0;0;0;0;0;0;0;;;;;2009_2022;CONSTRUIT
0;;310169;ESCALQUENS;HAB;;INTENSIF;DP;677;1;0;0;0;0;0;0;0;0;0;0;0;0;0;;;;;2009_2022;CONSTRUIT
0;;310169;ESCALQUENS;HAB;Maison Indiv;INTENSIF;DC;797;1;0;0;0;0;0;0;0;0;0;0;0;0;0;;;;;2009_2022;CONSTRUIT
0;;310169;ESCALQUENS;HAB;Maison Indiv;INTENSIF;DP;503;1;0;0;0;0;0;0;0;0;0;0;0;0;0;;;;;2009_2022;CONSTRUIT
0;;310169;ESCALQUENS;HAB;Maison Indiv;INTENSIF;DP;344;1;0;0;0;0;0;0;0;0;0;0;0;0;0;;;;;2009_2022;CONSTRUIT
0;;310169;ESCALQUENS;HAB;Maison Indiv;INTENSIF;DP;1022;1;0;0;0;0;0;0;0;0;0;0;0;0;0;;;;;2009_2022;CONSTRUIT
0;;310169;ESCALQUENS;HAB;Maison Indiv;INTENSIF;DP;1051;1;0;0;0;0;0;0;0;0;0;0;0;0;0;;;;;2009_2022;CONSTRUIT
0;;310169;ESCALQUENS;HAB;Maison Indiv;INTENSIF;DP;2006;1;0;0;0;0;0;0;0;0;0;0;0;0;0;;;;;2009_2022;CONSTRUIT
0;;310169;ESCALQUENS;HAB;Maison Indiv;INTENSIF;DP;491;1;0;0;0;0;0;0;0;0;0;0;0;0;0;;;;;2009_2022;CONSTRUIT
0;;310169;ESCALQUENS;HAB;Maison Indiv;INTENSIF;DP;536;1;0;0;0;0;0;0;0;0;0;0;0;0;0;;;;;2009_2022;CONSTRUIT
0;;310169;ESCALQUENS;HAB;Maison Indiv;INTENSIF;DP;562;1;0;0;0;0;0;0;0;0;0;0;0;0;0;;;;;2009_2022;CONSTRUIT
0;;310169;ESCALQUENS;HAB;Maison Indiv;INTENSIF;DP;601;1;0;0;0;0;0;0;0;0;0;0;0;0;0;;;;;2009_2022;CONSTRUIT
0;;310169;ESCALQUENS;HAB;Maison Indiv;INTENSIF;DP;361;1;0;0;0;0;0;0;0;0;0;0;0;0;0;;;;;2009_2022;CONSTRUIT
0;;310169;ESCALQUENS;ACT;;INTENSIF;DP;1706;0;0;0;0;0;0;0;0;0;0;0;0;0;0;;;;;2009_2022;CONSTRUIT
0;;310169;ESCALQUENS;HAB;Maison Indiv;INTENSIF;DP;585;1;0;0;0;0;0;0;0;0;0;0;0;0;0;;;;;2009_2022;CONSTRUIT
0;;310169;ESCALQUENS;HAB;Maison Indiv;INTENSIF;DP;416;1;0;0;0;0;0;0;0;0;0;0;0;0;0;;;;;2009_2022;CONSTRUIT
0;;310169;ESCALQUENS;HAB;Maison Indiv;INTENSIF;DP;439;1;0;0;0;0;0;0;0;0;0;0;0;0;0;;;;;2009_2022;CONSTRUIT
0;;310169;ESCALQUENS;HAB;Maison Indiv;INTENSIF;DP;500;1;0;0;0;0;0;0;0;0;0;0;0;0;0;;;;;2009_2022;CONSTRUIT
0;;310169;ESCALQUENS;HAB;Maison Indiv;INTENSIF;DC;1002;1;0;0;0;0;0;0;0;0;0;0;0;0;0;;;;;2009_2022;CONSTRUIT
0;;310169;ESCALQUENS;HAB;Maison Indiv;INTENSIF;DP;991;1;0;0;0;0;0;0;0;0;0;0;0;0;0;;;;;2009_2022;CONSTRUIT
0;;310169;ESCALQUENS;EQUIP;;INTENSIF;DC;4271;0;0;0;0;0;0;0;0;0;0;0;0;0;0;;;;;2009_2022;CONSTRUIT
0;;310025;AUREVILLE;HAB;;INTENSIF;DC;3644;1;0;0;0;0;0;0;0;0;0;0;0;0;0;;;;;2009_2022;CONSTRUIT
0;;310025;AUREVILLE;HAB;Maison Indiv;Conso ENAF;EXT;2466;1;0;0;0;0;0;0;0;0;0;0;0;0;0;;;;;2009_2022;CONSTRUIT
0;;310025;AUREVILLE;HAB;Maison Indiv;INTENSIF;DP;1630;1;0;0;0;0;0;0;0;0;0;0;0;0;0;;;;;2009_2022;CONSTRUIT
0;;310025;AUREVILLE;HAB;Maison Indiv;INTENSIF;DP;2529;1;0;0;0;0;0;0;0;0;0;0;0;0;0;;;;;2009_2022;CONSTRUIT
0;;310025;AUREVILLE;HAB;Maison Indiv;INTENSIF;DP;1458;1;0;0;0;0;0;0;0;0;0;0;0;0;0;;;;;2009_2022;CONSTRUIT
0;;310025;AUREVILLE;HAB;Maison Indiv;INTENSIF;DP;1227;1;0;0;0;0;0;0;0;0;0;0;0;0;0;;;;;2009_2022;CONSTRUIT
0;;310446;RAMONVILLE-ST-AGNE;ACT;;Conso ENAF;EXT;2669;0;0;0;0;0;0;0;0;0;0;0;0;0;0;;;;;2009_2022;CONSTRUIT
0;;310254;LABEGE;ACT;;Conso ENAF;EXT;932;0;0;0;0;0;0;0;0;0;0;0;0;0;0;;;;;2009_2022;CONSTRUIT
0;;310254;LABEGE;ACT;;Conso ENAF;EXT;1504;0;0;0;0;0;0;0;0;0;0;0;0;0;0;;;;;2009_2022;CONSTRUIT
0;;310254;LABEGE;ACT;;Conso ENAF;EXT;13743;0;0;0;0;0;0;0;0;0;0;0;0;0;0;;;;;2009_2022;CONSTRUIT
0;;310254;LABEGE;ACT;;Conso ENAF;EXT;1902;0;0;0;0;0;0;0;0;0;0;0;0;0;0;;;;;2009_2022;CONSTRUIT
0;;310254;LABEGE;ACT;;Conso ENAF;EXT;1535;0;0;0;0;0;0;0;0;0;0;0;0;0;0;;;;;2009_2022;CONSTRUIT
0;;310254;LABEGE;ACT;;INTENSIF;DC;1994;0;0;0;0;0;0;0;0;0;0;0;0;0;0;;;;;2009_2022;CONSTRUIT
0;;310254;LABEGE;ACT;;INTENSIF;DC;6226;0;0;0;0;0;0;0;0;0;0;0;0;0;0;;;;;2009_2022;CONSTRUIT
0;;310254;LABEGE;ACT;;INTENSIF;DC;5268;0;0;0;0;0;0;0;0;0;0;0;0;0;0;;;;;2009_2022;CONSTRUIT
0;;310254;LABEGE;ACT;;Conso ENAF;EXT;1035;0;0;0;0;0;0;0;0;0;0;0;0;0;0;;;;;2009_2022;CONSTRUIT
0;;310254;LABEGE;ACT;;INTENSIF;DC;250;0;0;0;0;0;0;0;0;0;0;0;0;0;0;;;;;2009_2022;CONSTRUIT
0;;310254;LABEGE;ACT;;INTENSIF;DC;1204;0;0;0;0;0;0;0;0;0;0;0;0;0;0;;;;;2009_2022;CONSTRUIT
0;;310254;LABEGE;ACT;;INTENSIF;DC;1528;0;0;0;0;0;0;0;0;0;0;0;0;0;0;;;;;2009_2022;CONSTRUIT
0;;310254;LABEGE;ACT;;Conso ENAF;EXT;2824;0;0;0;0;0;0;0;0;0;0;0;0;0;0;;;;;2009_2022;CONSTRUIT
0;;310254;LABEGE;ACT;;Conso ENAF;EXT;3114;0;0;0;0;0;0;0;0;0;0;0;0;0;0;;;;;2009_2022;CONSTRUIT
0;;310254;LABEGE;ACT;;Conso ENAF;EXT;5172;0;0;0;0;0;0;0;0;0;0;0;0;0;0;;;;;2009_2022;CONSTRUIT
0;;310254;LABEGE;ACT;;Conso ENAF;EXT;5190;0;0;0;0;0;0;0;0;0;0;0;0;0;0;;;;;2009_2022;CONSTRUIT
0;;310254;LABEGE;ACT;;INTENSIF;DC;8847;0;0;0;0;0;0;0;0;0;0;0;0;0;0;;;;;2009_2022;CONSTRUIT
0;;310254;LABEGE;ACT;;INTENSIF;DC;14874;0;0;0;0;0;0;0;0;0;0;0;0;0;0;;;;;2009_2022;CONSTRUIT
0;;310113;CASTANET-TOLOSAN;ACT;;Conso ENAF;EXT;825;0;0;0;0;0;0;0;0;0;0;0;0;0;0;;;;;2009_2022;CONSTRUIT
0;;310113;CASTANET-TOLOSAN;ACT;;Conso ENAF;EXT;581;0;0;0;0;0;0;0;0;0;0;0;0;0;0;;;;;2009_2022;CONSTRUIT
0;;310113;CASTANET-TOLOSAN;ACT;;Conso ENAF;EXT;179;0;0;0;0;0;0;0;0;0;0;0;0;0;0;;;;;2009_2022;CONSTRUIT
0;;310113;CASTANET-TOLOSAN;ACT;;Conso ENAF;EXT;110;0;0;0;0;0;0;0;0;0;0;0;0;0;0;;;;;2009_2022;CONSTRUIT
0;;310113;CASTANET-TOLOSAN;ACT;;Conso ENAF;EXT;837;0;0;0;0;0;0;0;0;0;0;0;0;0;0;;;;;2009_2022;CONSTRUIT
0;;310113;CASTANET-TOLOSAN;ACT;;Conso ENAF;EXT;1932;0;0;0;0;0;0;0;0;0;0;0;0;0;0;;;;;2009_2022;CONSTRUIT
0;;310113;CASTANET-TOLOSAN;ACT;;Conso ENAF;EXT;3316;0;0;0;0;0;0;0;0;0;0;0;0;0;0;;;;;2009_2022;CONSTRUIT
0;;310113;CASTANET-TOLOSAN;ACT;;Conso ENAF;EXT;213;0;0;0;0;0;0;0;0;0;0;0;0;0;0;;;;;2009_2022;CONSTRUIT
0;;310113;CASTANET-TOLOSAN;ACT;;Conso ENAF;EXT;9;0;0;0;0;0;0;0;0;0;0;0;0;0;0;;;;;2009_2022;CONSTRUIT
0;;310113;CASTANET-TOLOSAN;ACT;;Conso ENAF;EXT;1313;0;0;0;0;0;0;0;0;0;0;0;0;0;0;;;;;2009_2022;CONSTRUIT
0;;310113;CASTANET-TOLOSAN;ACT;;Conso ENAF;EXT;1962;0;0;0;0;0;0;0;0;0;0;0;0;0;0;;;;;2009_2022;CONSTRUIT
0;;310113;CASTANET-TOLOSAN;ACT;;Conso ENAF;EXT;2062;0;0;0;0;0;0;0;0;0;0;0;0;0;0;;;;;2009_2022;CONSTRUIT
0;;310113;CASTANET-TOLOSAN;ACT;;Conso ENAF;EXT;148;0;0;0;0;0;0;0;0;0;0;0;0;0;0;;;;;2009_2022;CONSTRUIT
0;;310113;CASTANET-TOLOSAN;ACT;;Conso ENAF;EXT;1458;0;0;0;0;0;0;0;0;0;0;0;0;0;0;;;;;2009_2022;CONSTRUIT
0;;310113;CASTANET-TOLOSAN;ACT;;Conso ENAF;EXT;1932;0;0;0;0;0;0;0;0;0;0;0;0;0;0;;;;;2009_2022;CONSTRUIT
0;;310113;CASTANET-TOLOSAN;ACT;;Conso ENAF;EXT;1617;0;0;0;0;0;0;0;0;0;0;0;0;0;0;;;;;2009_2022;CONSTRUIT
0;;310113;CASTANET-TOLOSAN;ACT;;Conso ENAF;EXT;735;0;0;0;0;0;0;0;0;0;0;0;0;0;0;;;;;2009_2022;CONSTRUIT
0;;310113;CASTANET-TOLOSAN;ACT;;Conso ENAF;EXT;213;0;0;0;0;0;0;0;0;0;0;0;0;0;0;;;;;2009_2022;CONSTRUIT
0;;310113;CASTANET-TOLOSAN;ACT;;Conso ENAF;EXT;353;0;0;0;0;0;0;0;0;0;0;0;0;0;0;;;;;2009_2022;CONSTRUIT
0;;310113;CASTANET-TOLOSAN;ACT;;Conso ENAF;EXT;2597;0;0;0;0;0;0;0;0;0;0;0;0;0;0;;;;;2009_2022;CONSTRUIT
0;;310113;CASTANET-TOLOSAN;ACT;;Conso ENAF;DP;903;0;0;0;0;0;0;0;0;0;0;0;0;0;0;;;;;2009_2022;CONSTRUIT
0;;310113;CASTANET-TOLOSAN;ACT;;INTENSIF;DP;1137;0;0;0;0;0;0;0;0;0;0;0;0;0;0;;;;;2009_2022;CONSTRUIT
0;;310113;CASTANET-TOLOSAN;ACT;;Conso ENAF;DP;802;0;0;0;0;0;0;0;0;0;0;0;0;0;0;;;;;2009_2022;CONSTRUIT
0;;310113;CASTANET-TOLOSAN;ACT;;Conso ENAF;EXT;21;0;0;0;0;0;0;0;0;0;0;0;0;0;0;;;;;2009_2022;CONSTRUIT
0;;310113;CASTANET-TOLOSAN;ACT;;INTENSIF;DP;540;0;0;0;0;0;0;0;0;0;0;0;0;0;0;;;;;2009_2022;CONSTRUIT
0;;310113;CASTANET-TOLOSAN;ACT;;Conso ENAF;EXT;11138;0;0;0;0;0;0;0;0;0;0;0;0;0;0;;;;;2009_2022;CONSTRUIT
0;;310113;CASTANET-TOLOSAN;ACT;;Conso ENAF;EXT;553;0;0;0;0;0;0;0;0;0;0;0;0;0;0;;;;;2009_2022;CONSTRUIT
0;;310113;CASTANET-TOLOSAN;ACT;;Conso ENAF;DP;1256;0;0;0;0;0;0;0;0;0;0;0;0;0;0;;;;;2009_2022;CONSTRUIT
0;;310113;CASTANET-TOLOSAN;ACT;;Conso ENAF;EXT;1488;0;0;0;0;0;0;0;0;0;0;0;0;0;0;;;;;2009_2022;CONSTRUIT
0;;310113;CASTANET-TOLOSAN;ACT;;Conso ENAF;DP;3023;0;0;0;0;0;0;0;0;0;0;0;0;0;0;;;;;2009_2022;CONSTRUIT
0;;310113;CASTANET-TOLOSAN;ACT;;Conso ENAF;EXT;4559;0;0;0;0;0;0;0;0;0;0;0;0;0;0;;;;;2009_2022;CONSTRUIT
0;;310113;CASTANET-TOLOSAN;ACT;;Conso ENAF;EXT;8757;0;0;0;0;0;0;0;0;0;0;0;0;0;0;;;;;2009_2022;CONSTRUIT
0;;310113;CASTANET-TOLOSAN;ACT;;Conso ENAF;EXT;4555;0;0;0;0;0;0;0;0;0;0;0;0;0;0;;;;;2009_2022;CONSTRUIT
0;;310113;CASTANET-TOLOSAN;ACT;;INTENSIF;DP;469;0;0;0;0;0;0;0;0;0;0;0;0;0;0;;;;;2009_2022;CONSTRUIT
0;;310113;CASTANET-TOLOSAN;ACT;;INTENSIF;DP;1300;0;0;0;0;0;0;0;0;0;0;0;0;0;0;;;;;2009_2022;CONSTRUIT
0;;310113;CASTANET-TOLOSAN;ACT;;Conso ENAF;DP;2703;0;0;0;0;0;0;0;0;0;0;0;0;0;0;;;;;2009_2022;CONSTRUIT
0;;310113;CASTANET-TOLOSAN;ACT;;Conso ENAF;DP;973;0;0;0;0;0;0;0;0;0;0;0;0;0;0;;;;;2009_2022;CONSTRUIT
0;;310113;CASTANET-TOLOSAN;ACT;;Conso ENAF;DP;921;0;0;0;0;0;0;0;0;0;0;0;0;0;0;;;;;2009_2022;CONSTRUIT
0;;310113;CASTANET-TOLOSAN;ACT;;Conso ENAF;EXT;1996;0;0;0;0;0;0;0;0;0;0;0;0;0;0;;;;;2009_2022;CONSTRUIT
0;;310113;CASTANET-TOLOSAN;ACT;;Conso ENAF;EXT;2491;0;0;0;0;0;0;0;0;0;0;0;0;0;0;;;;;2009_2022;CONSTRUIT
0;;310113;CASTANET-TOLOSAN;ACT;;Conso ENAF;EXT;1958;0;0;0;0;0;0;0;0;0;0;0;0;0;0;;;;;2009_2022;CONSTRUIT
0;;310254;LABEGE;ACT;;Conso ENAF;EXT;1495;0;0;0;0;0;0;0;0;0;0;0;0;0;0;;;;;2009_2022;CONSTRUIT
0;;310254;LABEGE;ACT;;Conso ENAF;EXT;29831;0;0;0;0;0;0;0;0;0;0;0;0;0;0;;;;;2009_2022;CONSTRUIT
0;;310254;LABEGE;ACT;;Conso ENAF;EXT;5373;0;0;0;0;0;0;0;0;0;0;0;0;0;0;;;;;2009_2022;CONSTRUIT
0;;310254;LABEGE;ACT;;Conso ENAF;EXT;5296;0;0;0;0;0;0;0;0;0;0;0;0;0;0;;;;;2009_2022;CONSTRUIT
0;;310161;DEYME;ACT;;Conso ENAF;EXT;2499;0;0;0;0;0;0;0;0;0;0;0;0;0;0;;;;;2009_2022;CONSTRUIT
0;;310161;DEYME;ACT;;INTENSIF;DC;1870;0;0;0;0;0;0;0;0;0;0;0;0;0;0;;;;;2009_2022;CONSTRUIT
0;;310048;BAZIEGE;ACT;;INTENSIF;DP;15419;0;0;0;0;0;0;0;0;0;0;0;0;0;0;;;;;2009_2022;CONSTRUIT
0;;310169;ESCALQUENS;ACT;;Conso ENAF;EXT;14830;0;0;0;0;0;0;0;0;0;0;0;0;0;0;;;;;2009_2022;CONSTRUIT
0;;310169;ESCALQUENS;EQUIP;;Conso ENAF;EXT;6802;0;0;0;0;0;0;54;0;62;24;0;0;0;0;Les Jardins du Berjean chemin du Pech;oui;Vinci;promologis;2009_2022;CONSTRUIT
0;;310192;FOURQUEVAUX;ACT;;Conso ENAF;EXT;2744;0;0;0;0;0;0;0;0;0;0;0;0;0;0;;;;;2009_2022;CONSTRUIT
0;;310192;FOURQUEVAUX;HAB;Maison Indiv;INTENSIF;DP;823;1;0;0;0;0;0;0;0;0;0;0;0;0;0;;;;;2009_2022;CONSTRUIT
0;;310192;FOURQUEVAUX;HAB;Maison Indiv;Conso ENAF;EXT;3181;1;0;0;0;0;0;0;0;0;0;0;0;0;0;;;;;2009_2022;CONSTRUIT
0;;310192;FOURQUEVAUX;HAB;;INTENSIF;DC;2079;4;0;0;0;0;0;0;0;0;0;0;0;0;0;;oui;;;2009_2022;CONSTRUIT
0;;310192;FOURQUEVAUX;HAB;;INTENSIF;DC;3026;4;0;0;0;0;0;0;0;0;0;0;0;0;0;;oui;;;2009_2022;CONSTRUIT
0;;310192;FOURQUEVAUX;HAB;Maison Indiv;INTENSIF;DC;733;1;0;0;0;0;0;0;0;0;0;0;0;0;0;;;;;2009_2022;CONSTRUIT
0;;310192;FOURQUEVAUX;HAB;Maison Indiv;INTENSIF;DC;976;1;0;0;0;0;0;0;0;0;0;0;0;0;0;;;;;2009_2022;CONSTRUIT
0;;310192;FOURQUEVAUX;HAB;Maison Indiv;INTENSIF;DP;527;1;0;0;0;0;0;0;0;0;0;0;0;0;0;;;;;2009_2022;CONSTRUIT
0;;310192;FOURQUEVAUX;HAB;Maison Indiv;INTENSIF;DP;206;1;0;0;0;0;0;0;0;0;0;0;0;0;0;;;;;2009_2022;CONSTRUIT
0;;310192;FOURQUEVAUX;HAB;Maison Indiv;INTENSIF;DC;753;1;0;0;0;0;0;0;0;0;0;0;0;0;0;;;;;2009_2022;CONSTRUIT
0;;310192;FOURQUEVAUX;HAB;Maison Indiv;INTENSIF;DC;1668;1;0;0;0;0;0;0;0;0;0;0;0;0;0;;;;;2009_2022;CONSTRUIT
0;;310192;FOURQUEVAUX;HAB;Maison Indiv;INTENSIF;DP;465;1;0;0;0;0;0;0;0;0;0;0;0;0;0;;;;;2009_2022;CONSTRUIT
0;;310192;FOURQUEVAUX;HAB;Maison Indiv;INTENSIF;DC;674;1;0;0;0;0;0;0;0;0;0;0;0;0;0;;;;;2009_2022;CONSTRUIT
0;;310192;FOURQUEVAUX;HAB;Maison Indiv;INTENSIF;DP;809;1;0;0;0;0;0;0;0;0;0;0;0;0;0;;;;;2009_2022;CONSTRUIT
0;;310192;FOURQUEVAUX;HAB;Maison Indiv;INTENSIF;DP;1468;1;0;0;0;0;0;0;0;0;0;0;0;0;0;;;;;2009_2022;CONSTRUIT
0;;310192;FOURQUEVAUX;HAB;Maison Indiv;INTENSIF;DC;1153;1;0;0;0;0;0;0;0;0;0;0;0;0;0;;;;;2009_2022;CONSTRUIT
0;;310057;BELBERAUD;HAB;Maison Indiv;Conso ENAF;EXT;1037;1;0;0;0;0;0;0;0;0;0;0;0;0;0;;;;;2009_2022;CONSTRUIT
0;;310057;BELBERAUD;HAB;Maison Indiv;Conso ENAF;EXT;2067;1;0;0;0;0;0;0;0;0;0;0;0;0;0;;;;;2009_2022;CONSTRUIT
0;;310057;BELBERAUD;HAB;Maison Indiv;INTENSIF;DP;405;1;0;0;0;0;0;0;0;0;0;0;0;0;0;;;;;2009_2022;CONSTRUIT
0;;310057;BELBERAUD;HAB;Maison Indiv;INTENSIF;DP;646;1;0;0;0;0;0;0;0;0;0;0;0;0;0;;;;;2009_2022;CONSTRUIT
0;;310057;BELBERAUD;HAB;Maison Indiv;INTENSIF;DP;776;1;0;0;0;0;0;0;0;0;0;0;0;0;0;;;;;2009_2022;CONSTRUIT
0;;310057;BELBERAUD;HAB;Maison Indiv;INTENSIF;DP;465;1;0;0;0;0;0;0;0;0;0;0;0;0;0;;;;;2009_2022;CONSTRUIT
0;;310057;BELBERAUD;HAB;Maison Indiv;INTENSIF;DP;1259;1;0;0;0;0;0;0;0;0;0;0;0;0;0;;;;;2009_2022;CONSTRUIT
0;;310057;BELBERAUD;EQUIP;;Conso ENAF;EXT;2816;0;0;0;0;0;0;0;0;0;0;0;0;0;0;;;;;2009_2022;CONSTRUIT
0;;310057;BELBERAUD;HAB;Maison Indiv;INTENSIF;DP;685;1;0;0;0;0;0;0;0;0;0;0;0;0;0;;;;;2009_2022;CONSTRUIT
0;;310057;BELBERAUD;HAB;Maison Indiv;INTENSIF;DP;1201;1;0;0;0;0;0;0;0;0;0;0;0;0;0;;;;;2009_2022;CONSTRUIT
0;;310057;BELBERAUD;HAB;Maison Indiv;INTENSIF;DP;764;1;0;0;0;0;0;0;0;0;0;0;0;0;0;;;;;2009_2022;CONSTRUIT
0;;310057;BELBERAUD;HAB;Maison Indiv;INTENSIF;DP;2583;1;0;0;0;0;0;0;0;0;0;0;0;0;0;;;;;2009_2022;CONSTRUIT
0;;310057;BELBERAUD;HAB;Maison Indiv;Conso ENAF;EXT;910;1;0;0;0;0;0;0;0;0;0;0;0;0;0;;;;;2009_2022;CONSTRUIT
0;;310057;BELBERAUD;HAB;Maison Indiv;INTENSIF;DP;871;1;0;0;0;0;0;0;0;0;0;0;0;0;0;;;;;2009_2022;CONSTRUIT
0;;310340;MERVILLA;HAB;Maison Indiv;INTENSIF;DP;3451;1;0;0;0;0;0;0;0;0;0;0;0;0;0;;;;;2009_2022;CONSTRUIT
0;;310411;PECHBUSQUE;HAB;Maison Indiv;Conso ENAF;EXT;2128;1;0;0;0;0;0;0;0;0;0;0;0;0;0;;;;;2009_2022;CONSTRUIT
0;;310411;PECHBUSQUE;HAB;Maison Indiv;Conso ENAF;EXT;2129;1;0;0;0;0;0;0;0;0;0;0;0;0;0;;;;;2009_2022;CONSTRUIT
0;;310411;PECHBUSQUE;HAB;Maison Indiv;INTENSIF;DC;1997;1;0;0;0;0;0;0;0;0;0;0;0;0;0;;;;;2009_2022;CONSTRUIT
0;;310411;PECHBUSQUE;HAB;Maison Indiv;INTENSIF;DC;1785;1;0;0;0;0;0;0;0;0;0;0;0;0;0;;;;;2009_2022;CONSTRUIT
0;;310169;ESCALQUENS;EQUIP;;Conso ENAF;EXT;3126;0;0;0;0;0;0;0;0;0;0;0;0;0;0;;;;;2009_2022;CONSTRUIT
0;;310259;LACROIX-FALGARDE;ACT;;Conso ENAF;EXT;3716;0;0;0;0;0;0;0;0;0;0;0;0;0;0;;;;;2009_2022;CONSTRUIT
0;;310259;LACROIX-FALGARDE;HAB;Maison Indiv;INTENSIF;DP;2262;1;0;0;0;0;0;0;0;0;0;0;0;0;0;;;;;2009_2022;CONSTRUIT
0;;310259;LACROIX-FALGARDE;HAB;Maison Indiv;INTENSIF;DP;1962;1;0;0;0;0;0;0;0;0;0;0;0;0;0;;;;;2009_2022;CONSTRUIT
0;;310259;LACROIX-FALGARDE;HAB;Maison Indiv;INTENSIF;DP;2685;1;0;0;0;0;0;0;0;0;0;0;0;0;0;;;;;2009_2022;CONSTRUIT
0;;310259;LACROIX-FALGARDE;HAB;Maison Indiv;INTENSIF;DC;1513;1;0;0;0;0;0;0;0;0;0;0;0;0;0;;;;;2009_2022;CONSTRUIT
0;;310284;LAUZERVILLE;HAB;Maison Indiv;INTENSIF;DC;1009;1;0;0;0;0;0;0;0;0;0;0;0;0;0;;;;;2009_2022;CONSTRUIT
0;;310284;LAUZERVILLE;HAB;Maison Indiv;Conso ENAF;EXT;2749;1;0;0;0;0;0;0;0;0;0;0;0;0;0;;;;;2009_2022;CONSTRUIT
0;;310284;LAUZERVILLE;HAB;Maison Indiv;Conso ENAF;EXT;898;1;0;0;0;0;0;0;0;0;0;0;0;0;0;;;;;2009_2022;CONSTRUIT
0;;310284;LAUZERVILLE;HAB;Maison Indiv;Conso ENAF;EXT;1301;1;0;0;0;0;0;0;0;0;0;0;0;0;0;;;;;2009_2022;CONSTRUIT
0;;310284;LAUZERVILLE;HAB;Maison Indiv;Conso ENAF;EXT;999;1;0;0;0;0;0;0;0;0;0;0;0;0;0;;;;;2009_2022;CONSTRUIT
0;;310284;LAUZERVILLE;HAB;Maison Indiv;INTENSIF;DC;952;1;0;0;0;0;0;0;0;0;0;0;0;0;0;;;;;2009_2022;CONSTRUIT
0;;310284;LAUZERVILLE;HAB;Maison Indiv;INTENSIF;DC;991;1;0;0;0;0;0;0;0;0;0;0;0;0;0;;;;;2009_2022;CONSTRUIT
0;;310284;LAUZERVILLE;HAB;Maison Indiv;INTENSIF;DC;795;1;0;0;0;0;0;0;0;0;0;0;0;0;0;;;;;2009_2022;CONSTRUIT
0;;310284;LAUZERVILLE;HAB;Maison Indiv;Conso ENAF;EXT;997;1;0;0;0;0;0;0;0;0;0;0;0;0;0;;;;;2009_2022;CONSTRUIT
0;;310284;LAUZERVILLE;HAB;;INTENSIF;DC;1154;1;0;0;0;0;0;0;0;0;0;0;0;0;0;;;;;2009_2022;CONSTRUIT
0;;310284;LAUZERVILLE;HAB;;INTENSIF;DC;1087;1;0;0;0;0;0;0;0;0;0;0;0;0;0;;;;;2009_2022;CONSTRUIT
0;;310284;LAUZERVILLE;HAB;;Conso ENAF;EXT;949;1;0;0;0;0;0;0;0;0;0;0;0;0;0;;;;;2009_2022;CONSTRUIT
0;;310284;LAUZERVILLE;HAB;;INTENSIF;DC;1175;1;0;0;0;0;0;0;0;0;0;0;0;0;0;;;;;2009_2022;CONSTRUIT
0;;310284;LAUZERVILLE;HAB;Maison Indiv;INTENSIF;DC;1160;1;0;0;0;0;0;0;0;0;0;0;0;0;0;;;;;2009_2022;CONSTRUIT
0;;310284;LAUZERVILLE;HAB;;Conso ENAF;EXT;1135;1;0;0;0;0;0;0;0;0;0;0;0;0;0;;;;;2009_2022;CONSTRUIT
0;;310284;LAUZERVILLE;HAB;;Conso ENAF;EXT;1007;1;0;0;0;0;0;0;0;0;0;0;0;0;0;;;;;2009_2022;CONSTRUIT
0;;310284;LAUZERVILLE;HAB;Maison Indiv;Conso ENAF;EXT;1405;1;0;0;0;0;0;0;0;0;0;0;0;0;0;;;;;2009_2022;CONSTRUIT
0;;310284;LAUZERVILLE;HAB;Maison Indiv;Conso ENAF;EXT;1430;1;0;0;0;0;0;0;0;0;0;0;0;0;0;;;;;2009_2022;CONSTRUIT
0;;310284;LAUZERVILLE;HAB;Maison Indiv;Conso ENAF;EXT;1981;1;0;0;0;0;0;0;0;0;0;0;0;0;0;;;;;2009_2022;CONSTRUIT
0;;310284;LAUZERVILLE;HAB;Maison Indiv;Conso ENAF;EXT;1546;1;0;0;0;0;0;0;0;0;0;0;0;0;0;;;;;2009_2022;CONSTRUIT
0;;310284;LAUZERVILLE;HAB;Maison Indiv;Conso ENAF;EXT;1986;1;0;0;0;0;0;0;0;0;0;0;0;0;0;;;;;2009_2022;CONSTRUIT
0;;310025;AUREVILLE;HAB;Maison Indiv;Conso ENAF;EXT;2462;1;0;0;0;0;0;0;0;0;0;0;0;0;0;;;;;2009_2022;CONSTRUIT
0;;310004;AYGUESVIVES;ACT;;Conso ENAF;EXT;1624;0;0;0;0;0;0;0;0;0;0;0;0;0;0;;;;;2009_2022;CONSTRUIT
0;;310004;AYGUESVIVES;ACT;;Conso ENAF;EXT;2502;0;0;0;0;0;0;0;0;0;0;0;0;0;0;;;;;2009_2022;CONSTRUIT
0;;310004;AYGUESVIVES;ACT;;Conso ENAF;EXT;9959;0;0;0;0;0;0;0;0;0;0;0;0;0;0;;;;;2009_2022;CONSTRUIT
0;;310004;AYGUESVIVES;ACT;;Conso ENAF;EXT;1890;0;0;0;0;0;0;0;0;0;0;0;0;0;0;;;;;2009_2022;CONSTRUIT
0;;310004;AYGUESVIVES;HAB;Maison Indiv;Conso ENAF;EXT;906;1;0;0;0;0;0;0;0;0;0;0;0;0;0;;;;;2009_2022;CONSTRUIT
0;;310004;AYGUESVIVES;HAB;Maison Indiv;Conso ENAF;EXT;1339;1;0;0;0;0;0;0;0;0;0;0;0;0;0;;;;;2009_2022;CONSTRUIT
0;;310004;AYGUESVIVES;ACT;;Conso ENAF;EXT;4007;0;0;0;0;0;0;0;0;0;0;0;0;0;0;;;;;2009_2022;CONSTRUIT
0;;310004;AYGUESVIVES;HAB;Maison Indiv;Conso ENAF;EXT;2404;1;0;0;0;0;0;0;0;0;0;0;0;0;0;;;;;2009_2022;CONSTRUIT
0;;310004;AYGUESVIVES;HAB;Maison Indiv;Conso ENAF;EXT;2576;1;0;0;0;0;0;0;0;0;0;0;0;0;0;;;;;2009_2022;CONSTRUIT
0;;310004;AYGUESVIVES;HAB;Maison Indiv;Conso ENAF;EXT;2504;1;0;0;0;0;0;0;0;0;0;0;0;0;0;;;;;2009_2022;CONSTRUIT
0;;310004;AYGUESVIVES;HAB;;Conso ENAF;EXT;2506;2;0;0;0;0;0;0;0;0;0;0;0;0;0;;;;;2009_2022;CONSTRUIT
0;;310004;AYGUESVIVES;HAB;Maison Indiv;Conso ENAF;EXT;688;1;0;0;0;0;0;0;0;0;0;0;0;0;0;;;;;2009_2022;CONSTRUIT
0;;310004;AYGUESVIVES;HAB;Maison Indiv;Conso ENAF;EXT;1815;1;0;0;0;0;0;0;0;0;0;0;0;0;0;;;;;2009_2022;CONSTRUIT
0;;310004;AYGUESVIVES;HAB;Maison Indiv;Conso ENAF;EXT;2499;1;0;0;0;0;0;0;0;0;0;0;0;0;0;;;;;2009_2022;CONSTRUIT
0;;310004;AYGUESVIVES;HAB;Maison Indiv;Conso ENAF;EXT;2506;1;0;0;0;0;0;0;0;0;0;0;0;0;0;;;;;2009_2022;CONSTRUIT
0;;310004;AYGUESVIVES;HAB;Maison Indiv;Conso ENAF;EXT;1736;1;0;0;0;0;0;0;0;0;0;0;0;0;0;;;;;2009_2022;CONSTRUIT
0;;310004;AYGUESVIVES;HAB;Maison Indiv;Conso ENAF;EXT;1557;1;0;0;0;0;0;0;0;0;0;0;0;0;0;;;;;2009_2022;CONSTRUIT
0;;310004;AYGUESVIVES;HAB;Maison Indiv;Conso ENAF;EXT;3317;1;0;0;0;0;0;0;0;0;0;0;0;0;0;;;;;2009_2022;CONSTRUIT
0;;310004;AYGUESVIVES;HAB;;Conso ENAF;EXT;2503;2;0;0;0;0;0;0;0;0;0;0;0;0;0;;;;;2009_2022;CONSTRUIT
0;;310004;AYGUESVIVES;HAB;Maison Indiv;Conso ENAF;EXT;2504;1;0;0;0;0;0;0;0;0;0;0;0;0;0;;;;;2009_2022;CONSTRUIT
0;;310004;AYGUESVIVES;HAB;Maison Indiv;INTENSIF;DC;1679;1;0;0;0;0;0;0;0;0;0;0;0;0;0;;;;;2009_2022;CONSTRUIT
0;;310004;AYGUESVIVES;HAB;Maison Indiv;INTENSIF;DP;1269;1;0;0;0;0;0;0;0;0;0;0;0;0;0;;;;;2009_2022;CONSTRUIT
0;;310004;AYGUESVIVES;HAB;Maison Indiv;INTENSIF;DC;1218;1;0;0;0;0;0;0;0;0;0;0;0;0;0;;;;;2009_2022;CONSTRUIT
0;;310004;AYGUESVIVES;HAB;Maison Indiv;INTENSIF;DC;2050;1;0;0;0;0;0;0;0;0;0;0;0;0;0;;;;;2009_2022;CONSTRUIT
0;;310004;AYGUESVIVES;HAB;Maison Indiv;INTENSIF;DC;1278;1;0;0;0;0;0;0;0;0;0;0;0;0;0;;;;;2009_2022;CONSTRUIT
0;;310004;AYGUESVIVES;HAB;Maison Indiv;INTENSIF;DP;1221;1;0;0;0;0;0;0;0;0;0;0;0;0;0;;;;;2009_2022;CONSTRUIT
0;;310004;AYGUESVIVES;HAB;Maison Indiv;INTENSIF;DC;633;1;0;0;0;0;0;0;0;0;0;0;0;0;0;;;;;2009_2022;CONSTRUIT
0;;310004;AYGUESVIVES;HAB;Maison Indiv;INTENSIF;DP;966;1;0;0;0;0;0;0;0;0;0;0;0;0;0;;;;;2009_2022;CONSTRUIT
0;;310004;AYGUESVIVES;HAB;Maison Indiv;INTENSIF;DP;1204;1;0;0;0;0;0;0;0;0;0;0;0;0;0;;;;;2009_2022;CONSTRUIT
0;;310004;AYGUESVIVES;HAB;Maison Indiv;INTENSIF;DP;1217;1;0;0;0;0;0;0;0;0;0;0;0;0;0;;;;;2009_2022;CONSTRUIT
0;;310004;AYGUESVIVES;HAB;Maison Indiv;INTENSIF;DC;1532;1;0;0;0;0;0;0;0;0;0;0;0;0;0;;;;;2009_2022;CONSTRUIT
0;;310004;AYGUESVIVES;HAB;Maison Indiv;INTENSIF;DC;1705;1;0;0;0;0;0;0;0;0;0;0;0;0;0;;;;;2009_2022;CONSTRUIT
0;;310004;AYGUESVIVES;HAB;Maison Indiv;INTENSIF;DP;1395;1;0;0;0;0;0;0;0;0;0;0;0;0;0;;;;;2009_2022;CONSTRUIT
0;;310004;AYGUESVIVES;HAB;Maison Indiv;Conso ENAF;EXT;910;1;0;0;0;0;0;0;0;0;0;0;0;0;0;;;;;2009_2022;CONSTRUIT
0;;310004;AYGUESVIVES;HAB;Maison Indiv;INTENSIF;DP;770;1;0;0;0;0;0;0;0;0;0;0;0;0;0;;;;;2009_2022;CONSTRUIT
0;;310004;AYGUESVIVES;HAB;Maison Indiv;INTENSIF;DP;648;1;0;0;0;0;0;0;0;0;0;0;0;0;0;;;;;2009_2022;CONSTRUIT
0;;310004;AYGUESVIVES;HAB;Maison Indiv;INTENSIF;DP;762;1;0;0;0;0;0;0;0;0;0;0;0;0;0;;;;;2009_2022;CONSTRUIT
0;;310004;AYGUESVIVES;HAB;Maison Indiv;INTENSIF;DP;602;1;0;0;0;0;0;0;0;0;0;0;0;0;0;;;;;2009_2022;CONSTRUIT
0;;310004;AYGUESVIVES;HAB;Maison Indiv;INTENSIF;DP;383;1;0;0;0;0;0;0;0;0;0;0;0;0;0;;;;;2009_2022;CONSTRUIT
0;;310004;AYGUESVIVES;HAB;Maison Indiv;INTENSIF;DP;483;1;0;0;0;0;0;0;0;0;0;0;0;0;0;;;;;2009_2022;CONSTRUIT
0;;310004;AYGUESVIVES;HAB;Maison Indiv;INTENSIF;DP;503;1;0;0;0;0;0;0;0;0;0;0;0;0;0;;;;;2009_2022;CONSTRUIT
0;;310004;AYGUESVIVES;HAB;Maison Indiv;INTENSIF;DP;882;1;0;0;0;0;0;0;0;0;0;0;0;0;0;;;;;2009_2022;CONSTRUIT
0;;310004;AYGUESVIVES;HAB;Maison Indiv;INTENSIF;DP;704;1;0;0;0;0;0;0;0;0;0;0;0;0;0;;;;;2009_2022;CONSTRUIT
0;;310004;AYGUESVIVES;HAB;Maison Indiv;INTENSIF;DP;589;1;0;0;0;0;0;0;0;0;0;0;0;0;0;;;;;2009_2022;CONSTRUIT
0;;310004;AYGUESVIVES;HAB;Maison Indiv;INTENSIF;DP;1154;1;0;0;0;0;0;0;0;0;0;0;0;0;0;;;;;2009_2022;CONSTRUIT
0;;310004;AYGUESVIVES;HAB;Maison Indiv;INTENSIF;DP;837;1;0;0;0;0;0;0;0;0;0;0;0;0;0;;;;;2009_2022;CONSTRUIT
0;;310004;AYGUESVIVES;HAB;Maison Indiv;INTENSIF;DP;1254;1;0;0;0;0;0;0;0;0;0;0;0;0;0;;;;;2009_2022;CONSTRUIT
0;;310004;AYGUESVIVES;EQUIP;;INTENSIF;DP;3222;0;0;0;0;0;0;0;0;0;0;0;0;0;0;;;;;2009_2022;CONSTRUIT
0;;310004;AYGUESVIVES;EQUIP;;INTENSIF;DP;2456;0;0;0;0;0;0;0;0;0;0;0;0;0;0;;;;;2009_2022;CONSTRUIT
0;;310004;AYGUESVIVES;ACT;;INTENSIF;DP;3071;0;0;0;0;0;0;0;0;0;0;0;0;0;0;;;;;2009_2022;CONSTRUIT
0;;310004;AYGUESVIVES;EQUIP;;INTENSIF;DP;582;0;0;0;0;0;0;0;0;0;0;0;0;0;0;;;;;2009_2022;CONSTRUIT
0;;310004;AYGUESVIVES;HAB;Maison Indiv;INTENSIF;DP;1267;1;0;0;0;0;0;0;0;0;0;0;0;0;0;;;;;2009_2022;CONSTRUIT
0;;310004;AYGUESVIVES;HAB;Maison Indiv;INTENSIF;DP;1247;1;0;0;0;0;0;0;0;0;0;0;0;0;0;;;;;2009_2022;CONSTRUIT
0;;310004;AYGUESVIVES;HAB;Maison Indiv;INTENSIF;DP;827;1;0;0;0;0;0;0;0;0;0;0;0;0;0;;;;;2009_2022;CONSTRUIT
0;;310004;AYGUESVIVES;HAB;Maison Indiv;INTENSIF;DP;594;1;0;0;0;0;0;0;0;0;0;0;0;0;0;;;;;2009_2022;CONSTRUIT
0;;310004;AYGUESVIVES;HAB;;INTENSIF;DP;6151;23;0;0;0;0;0;12;0;9;2;12;11;0;0;Le château de St Félix route de Ticaille;oui;Promologis;Promologis;2009_2022;CONSTRUIT
0;;310004;AYGUESVIVES;HAB;Maison Indiv;INTENSIF;DP;1401;1;0;0;0;0;0;0;0;0;0;0;0;0;0;;;;;2009_2022;CONSTRUIT
0;;310004;AYGUESVIVES;HAB;Maison Indiv;INTENSIF;DP;1322;1;0;0;0;0;0;0;0;0;0;0;0;0;0;;;;;2009_2022;CONSTRUIT
0;;310004;AYGUESVIVES;HAB;Maison Indiv;INTENSIF;DP;1312;1;0;0;0;0;0;0;0;0;0;0;0;0;0;;;;;2009_2022;CONSTRUIT
0;;310004;AYGUESVIVES;HAB;Maison Indiv;INTENSIF;DP;1494;1;0;0;0;0;0;0;0;0;0;0;0;0;0;;;;;2009_2022;CONSTRUIT
0;;310004;AYGUESVIVES;HAB;Maison Indiv;INTENSIF;DP;3289;1;0;0;0;0;0;0;0;0;0;0;0;0;0;;;;;2009_2022;CONSTRUIT
0;;310004;AYGUESVIVES;HAB;Maison Indiv;INTENSIF;DP;1502;1;0;0;0;0;0;0;0;0;0;0;0;0;0;;;;;2009_2022;CONSTRUIT
0;;310004;AYGUESVIVES;HAB;Maison Indiv;INTENSIF;DP;1501;1;0;0;0;0;0;0;0;0;0;0;0;0;0;;;;;2009_2022;CONSTRUIT
0;;310004;AYGUESVIVES;HAB;Maison Indiv;Conso ENAF;EXT;2136;1;0;0;0;0;0;0;0;0;0;0;0;0;0;;;;;2009_2022;CONSTRUIT
0;;310004;AYGUESVIVES;HAB;Maison Indiv;Conso ENAF;EXT;2503;1;0;0;0;0;0;0;0;0;0;0;0;0;0;;;;;2009_2022;CONSTRUIT
0;;310004;AYGUESVIVES;HAB;Maison Indiv;INTENSIF;DP;1229;1;0;0;0;0;0;0;0;0;0;0;0;0;0;;;;;2009_2022;CONSTRUIT
0;;310161;DEYME;ACT;;Conso ENAF;EXT;4599;0;0;0;0;0;0;0;0;0;0;0;0;0;0;;;;;2009_2022;CONSTRUIT
0;;310161;DEYME;HAB;Maison Indiv;Conso ENAF;EXT;608;1;0;0;0;0;0;0;0;0;0;0;0;0;0;;;;;2009_2022;CONSTRUIT
0;;310161;DEYME;HAB;Maison Indiv;Conso ENAF;EXT;1991;1;0;0;0;0;0;0;0;0;0;0;0;0;0;;;;;2009_2022;CONSTRUIT
0;;310161;DEYME;HAB;Maison Indiv;Conso ENAF;EXT;642;1;0;0;0;0;0;0;0;0;0;0;0;0;0;;;;;2009_2022;CONSTRUIT
0;;310161;DEYME;HAB;Maison Indiv;INTENSIF;DC;1235;1;0;0;0;0;0;0;0;0;0;0;0;0;0;;;;;2009_2022;CONSTRUIT
0;;310161;DEYME;HAB;Maison Indiv;INTENSIF;DC;1178;1;0;0;0;0;0;0;0;0;0;0;0;0;0;;;;;2009_2022;CONSTRUIT
0;;310161;DEYME;HAB;Maison Indiv;Conso ENAF;EXT;1159;1;0;0;0;0;0;0;0;0;0;0;0;0;0;;;;;2009_2022;CONSTRUIT
0;;310161;DEYME;HAB;Maison Indiv;INTENSIF;DP;2128;1;0;0;0;0;0;0;0;0;0;0;0;0;0;;;;;2009_2022;CONSTRUIT
0;;310161;DEYME;HAB;Maison Indiv;INTENSIF;DC;562;1;0;0;0;0;0;0;0;0;0;0;0;0;0;;;;;2009_2022;CONSTRUIT
0;;310161;DEYME;HAB;Maison Indiv;INTENSIF;DP;504;1;0;0;0;0;0;0;0;0;0;0;0;0;0;;;;;2009_2022;CONSTRUIT
0;;310161;DEYME;HAB;Maison Indiv;INTENSIF;DP;966;1;0;0;0;0;0;0;0;0;0;0;0;0;0;;;;;2009_2022;CONSTRUIT
0;;310161;DEYME;HAB;Maison Indiv;INTENSIF;DC;665;1;0;0;0;0;0;0;0;0;0;0;0;0;0;;;;;2009_2022;CONSTRUIT
0;;310161;DEYME;HAB;Maison Indiv;INTENSIF;DC;665;1;0;0;0;0;0;0;0;0;0;0;0;0;0;;;;;2009_2022;CONSTRUIT
0;;310411;PECHBUSQUE;HAB;Maison Indiv;INTENSIF;DP;820;1;0;0;0;0;0;0;0;0;0;0;0;0;0;;;;;2009_2022;CONSTRUIT
0;;310411;PECHBUSQUE;HAB;Maison Indiv;INTENSIF;DP;1871;1;0;0;0;0;0;0;0;0;0;0;0;0;0;;;;;2009_2022;CONSTRUIT
0;;310411;PECHBUSQUE;HAB;Maison Indiv;INTENSIF;DP;696;1;0;0;0;0;0;0;0;0;0;0;0;0;0;;;;;2009_2022;CONSTRUIT
0;;310411;PECHBUSQUE;HAB;Maison Indiv;INTENSIF;DC;976;1;0;0;0;0;0;0;0;0;0;0;0;0;0;;;;;2009_2022;CONSTRUIT
0;;310411;PECHBUSQUE;HAB;Maison Indiv;INTENSIF;DC;910;1;0;0;0;0;0;0;0;0;0;0;0;0;0;;;;;2009_2022;CONSTRUIT
0;;310411;PECHBUSQUE;HAB;Maison Indiv;INTENSIF;DC;1028;1;0;0;0;0;0;0;0;0;0;0;0;0;0;;;;;2009_2022;CONSTRUIT
0;;310411;PECHBUSQUE;HAB;Maison Indiv;INTENSIF;DC;811;1;0;0;0;0;0;0;0;0;0;0;0;0;0;;;;;2009_2022;CONSTRUIT
0;;310411;PECHBUSQUE;HAB;Maison Indiv;INTENSIF;DC;2575;1;0;0;0;0;0;0;0;0;0;0;0;0;0;;;;;2009_2022;CONSTRUIT
0;;310411;PECHBUSQUE;HAB;Maison Indiv;INTENSIF;DC;1362;1;0;0;0;0;0;0;0;0;0;0;0;0;0;;;;;2009_2022;CONSTRUIT
0;;310411;PECHBUSQUE;HAB;Maison Indiv;INTENSIF;DC;1328;1;0;0;0;0;0;0;0;0;0;0;0;0;0;;;;;2009_2022;CONSTRUIT
0;;310057;BELBERAUD;HAB;;Conso ENAF;EXT;2762;1;0;0;0;0;0;0;0;0;0;0;0;0;0;;;;;2009_2022;CONSTRUIT
0;;310057;BELBERAUD;HAB;Maison Indiv;INTENSIF;DP;1541;1;0;0;0;0;0;0;0;0;0;0;0;0;0;;;;;2009_2022;CONSTRUIT
0;;310057;BELBERAUD;HAB;Maison Indiv;INTENSIF;DP;828;1;0;0;0;0;0;0;0;0;0;0;0;0;0;;;;;2009_2022;CONSTRUIT
0;;310057;BELBERAUD;HAB;Maison Indiv;INTENSIF;DP;1074;1;0;0;0;0;0;0;0;0;0;0;0;0;0;;;;;2022_2025;CONSTRUIT
0;;310057;BELBERAUD;HAB;Maison Indiv;Conso ENAF;EXT;1557;1;0;0;0;0;0;0;0;0;0;0;0;0;0;;;;;2009_2022;CONSTRUIT
0;;310057;BELBERAUD;HAB;Maison Indiv;INTENSIF;DC;1610;1;0;0;0;0;0;0;0;0;0;0;0;0;0;;;;;2009_2022;CONSTRUIT
0;;310057;BELBERAUD;HAB;Maison Indiv;INTENSIF;DP;1272;1;0;0;0;0;0;0;0;0;0;0;0;0;0;;;;;2022_2025;CONSTRUIT
0;;310057;BELBERAUD;HAB;Maison Indiv;INTENSIF;DP;1248;1;0;0;0;0;0;0;0;0;0;0;0;0;0;;;;;2009_2022;CONSTRUIT
0;;310025;AUREVILLE;HAB;Maison Indiv;INTENSIF;DP;2349;1;0;0;0;0;0;0;0;0;0;0;0;0;0;;;;;2009_2022;CONSTRUIT
0;;310025;AUREVILLE;HAB;Maison Indiv;INTENSIF;DP;1680;1;0;0;0;0;0;0;0;0;0;0;0;0;0;;;;;2009_2022;CONSTRUIT
0;;310025;AUREVILLE;HAB;Maison Indiv;INTENSIF;DP;1545;1;0;0;0;0;0;0;0;0;0;0;0;0;0;;;;;2009_2022;CONSTRUIT
0;;310025;AUREVILLE;HAB;Maison Indiv;INTENSIF;DP;1801;1;0;0;0;0;0;0;0;0;0;0;0;0;0;;;;;2009_2022;CONSTRUIT
0;;310025;AUREVILLE;HAB;Maison Indiv;INTENSIF;DP;1605;1;0;0;0;0;0;0;0;0;0;0;0;0;0;;;;;2009_2022;CONSTRUIT
0;;310025;AUREVILLE;HAB;Maison Indiv;INTENSIF;DP;1205;1;0;0;0;0;0;0;0;0;0;0;0;0;0;;;;;2009_2022;CONSTRUIT
0;;310025;AUREVILLE;HAB;Maison Indiv;INTENSIF;DP;1353;1;0;0;0;0;0;0;0;0;0;0;0;0;0;;;;;2009_2022;CONSTRUIT
0;;310025;AUREVILLE;HAB;Maison Indiv;INTENSIF;DP;1042;1;0;0;0;0;0;0;0;0;0;0;0;0;0;;;;;2009_2022;CONSTRUIT
0;;310025;AUREVILLE;HAB;Maison Indiv;INTENSIF;DP;1443;1;0;0;0;0;0;0;0;0;0;0;0;0;0;;;;;2009_2022;CONSTRUIT
0;;310025;AUREVILLE;HAB;Maison Indiv;INTENSIF;DP;2625;1;0;0;0;0;0;0;0;0;0;0;0;0;0;;;;;2009_2022;CONSTRUIT
0;;310025;AUREVILLE;HAB;Maison Indiv;INTENSIF;DP;1488;1;0;0;0;0;0;0;0;0;0;0;0;0;0;;;;;2009_2022;CONSTRUIT
0;;310025;AUREVILLE;HAB;Maison Indiv;INTENSIF;DP;681;1;0;0;0;0;0;0;0;0;0;0;0;0;0;;;;;2009_2022;CONSTRUIT
0;;310025;AUREVILLE;HAB;Maison Indiv;INTENSIF;DP;1540;1;0;0;0;0;0;0;0;0;0;0;0;0;0;;;;;2009_2022;CONSTRUIT
0;;310259;LACROIX-FALGARDE;HAB;Maison Indiv;INTENSIF;DP;402;1;0;0;0;0;0;0;0;0;0;0;0;0;0;;;;;2009_2022;CONSTRUIT
0;;310259;LACROIX-FALGARDE;HAB;Maison Indiv;INTENSIF;DP;260;1;0;0;0;0;0;0;0;0;0;0;0;0;0;;;;;2009_2022;CONSTRUIT
0;;310259;LACROIX-FALGARDE;HAB;Maison Indiv;INTENSIF;DP;1506;1;0;0;0;0;0;0;0;0;0;0;0;0;0;;;;;2009_2022;CONSTRUIT
0;;310259;LACROIX-FALGARDE;HAB;Maison Indiv;INTENSIF;DP;1505;1;0;0;0;0;0;0;0;0;0;0;0;0;0;;;;;2009_2022;CONSTRUIT
0;;310259;LACROIX-FALGARDE;HAB;Maison Indiv;INTENSIF;DC;572;1;0;0;0;0;0;0;0;0;0;0;0;0;0;;;;;2009_2022;CONSTRUIT
0;;310259;LACROIX-FALGARDE;HAB;Maison Indiv;INTENSIF;DP;841;1;0;0;0;0;0;0;0;0;0;0;0;0;0;;;;;2009_2022;CONSTRUIT
0;;310259;LACROIX-FALGARDE;HAB;Maison Indiv;INTENSIF;DP;863;1;0;0;0;0;0;0;0;0;0;0;0;0;0;;;;;2009_2022;CONSTRUIT
0;;310259;LACROIX-FALGARDE;HAB;Maison Indiv;INTENSIF;DC;2317;1;0;0;0;0;0;0;0;0;0;0;0;0;0;;;;;2009_2022;CONSTRUIT
0;;310259;LACROIX-FALGARDE;EQUIP;;INTENSIF;DP;1062;0;0;0;0;0;0;0;0;0;0;0;0;0;0;;;;;2009_2022;CONSTRUIT
0;;310004;AYGUESVIVES;HAB;Maison Indiv;Conso ENAF;EXT;963;1;0;0;0;0;0;0;0;0;0;0;0;0;0;;;;;2009_2022;CONSTRUIT
0;;310151;CORRONSAC;HAB;Maison Indiv;Conso ENAF;EXT;2633;1;0;0;0;0;0;0;0;0;0;0;0;0;0;;;;;2009_2022;CONSTRUIT
0;;310151;CORRONSAC;HAB;Maison Indiv;Conso ENAF;EXT;2689;1;0;0;0;0;0;0;0;0;0;0;0;0;0;;;;;2009_2022;CONSTRUIT
0;;310151;CORRONSAC;HAB;Maison Indiv;Conso ENAF;EXT;3031;1;0;0;0;0;0;0;0;0;0;0;0;0;0;;;;;2009_2022;CONSTRUIT
0;;310151;CORRONSAC;HAB;Maison Indiv;Conso ENAF;EXT;2196;1;0;0;0;0;0;0;0;0;0;0;0;0;0;;;;;2009_2022;CONSTRUIT
0;;310151;CORRONSAC;HAB;Maison Indiv;Conso ENAF;EXT;1907;1;0;0;0;0;0;0;0;0;0;0;0;0;0;;;;;2009_2022;CONSTRUIT
0;;310151;CORRONSAC;ACT;;Conso ENAF;EXT;1093;0;0;0;0;0;0;0;0;0;0;0;0;0;0;;;;;2009_2022;CONSTRUIT
0;;310151;CORRONSAC;HAB;Maison Indiv;Conso ENAF;EXT;1184;1;0;0;0;0;0;0;0;0;0;0;0;0;0;;;;;2009_2022;CONSTRUIT
0;;310151;CORRONSAC;HAB;Maison Indiv;Conso ENAF;EXT;1168;1;0;0;0;0;0;0;0;0;0;0;0;0;0;;;;;2009_2022;CONSTRUIT
0;;310151;CORRONSAC;HAB;Maison Indiv;Conso ENAF;EXT;1918;1;0;0;0;0;0;0;0;0;0;0;0;0;0;;;;;2009_2022;CONSTRUIT
0;;310151;CORRONSAC;HAB;Maison Indiv;Conso ENAF;EXT;3400;1;0;0;0;0;0;0;0;0;0;0;0;0;0;;;;;2009_2022;CONSTRUIT
0;;310151;CORRONSAC;HAB;Maison Indiv;Conso ENAF;EXT;1120;1;0;0;0;0;0;0;0;0;0;0;0;0;0;;;;;2009_2022;CONSTRUIT
0;;310151;CORRONSAC;HAB;Maison Indiv;Conso ENAF;EXT;983;1;0;0;0;0;0;0;0;0;0;0;0;0;0;;;;;2009_2022;CONSTRUIT
0;;310151;CORRONSAC;HAB;;Conso ENAF;EXT;2574;1;0;0;0;0;0;0;0;0;0;0;0;0;8;;;;;2009_2022;CONSTRUIT
0;;310151;CORRONSAC;EQUIP;;Conso ENAF;EXT;2148;0;0;0;0;0;0;4;0;6;0;0;10;10;0;Jardins de Victor;;;Cité Jardins;2009_2022;CONSTRUIT
0;;310151;CORRONSAC;HAB;Maison Indiv;INTENSIF;DC;1931;1;0;0;0;0;0;0;0;0;0;0;0;0;0;;oui;;;2009_2022;CONSTRUIT
0;;310151;CORRONSAC;HAB;Maison Indiv;Conso ENAF;EXT;1175;1;0;0;0;0;0;0;0;0;0;0;0;0;0;;;;;2009_2022;CONSTRUIT
0;;310151;CORRONSAC;HAB;Maison Indiv;Conso ENAF;EXT;1629;1;0;0;0;0;0;0;0;0;0;0;1;0;0;;;;;2009_2022;CONSTRUIT
0;;310151;CORRONSAC;HAB;Maison Indiv;Conso ENAF;EXT;996;1;0;0;0;0;0;0;0;0;0;0;0;0;0;;;;;2009_2022;CONSTRUIT
0;;310151;CORRONSAC;HAB;Maison Indiv;Conso ENAF;EXT;1027;1;0;0;0;0;0;0;0;0;0;0;0;0;0;;;;;2009_2022;CONSTRUIT
0;;310151;CORRONSAC;HAB;Maison Indiv;INTENSIF;DC;1920;1;0;0;0;0;0;0;0;0;0;0;0;0;0;;;;;2009_2022;CONSTRUIT
0;;310151;CORRONSAC;HAB;Maison Indiv;Conso ENAF;EXT;1946;1;0;0;0;0;0;0;0;0;0;0;0;0;0;;;;;2009_2022;CONSTRUIT
0;;310151;CORRONSAC;HAB;Maison Indiv;Conso ENAF;EXT;801;1;0;0;0;0;0;0;0;0;0;0;0;0;0;;;;;2009_2022;CONSTRUIT
0;;310151;CORRONSAC;HAB;Maison Indiv;INTENSIF;DC;2109;1;0;0;0;0;0;0;0;0;0;0;0;0;0;;;;;2009_2022;CONSTRUIT
0;;310151;CORRONSAC;HAB;Maison Indiv;INTENSIF;DP;1694;1;0;0;0;0;0;0;0;0;0;0;0;0;0;;;;;2009_2022;CONSTRUIT
0;;310151;CORRONSAC;HAB;Maison Indiv;INTENSIF;DP;512;1;0;0;0;0;0;0;0;0;0;0;0;0;0;;;;;2009_2022;CONSTRUIT
0;;310151;CORRONSAC;HAB;Maison Indiv;INTENSIF;DP;579;1;0;0;0;0;0;0;0;0;0;0;0;0;0;;;;;2009_2022;CONSTRUIT
0;;310151;CORRONSAC;ACT;;Conso ENAF;EXT;4173;0;0;0;0;0;0;0;0;0;0;0;0;0;0;;;;;2009_2022;CONSTRUIT
0;;310381;MONTGISCARD;ACT;;INTENSIF;RU;33461;0;0;0;0;0;0;0;0;0;0;0;0;0;0;;;;;2009_2022;CONSTRUIT
0;;310381;MONTGISCARD;HAB;Maison Indiv;INTENSIF;DC;920;1;0;0;0;0;0;0;0;0;0;0;0;0;0;;;;;2009_2022;CONSTRUIT
0;;310381;MONTGISCARD;HAB;Maison Indiv;INTENSIF;DC;805;1;0;0;0;0;0;0;0;0;0;0;0;0;0;;;;;2009_2022;CONSTRUIT
0;;310381;MONTGISCARD;ACT;;Conso ENAF;EXT;6838;0;0;0;0;0;0;0;0;0;0;0;0;0;0;;;;;2009_2022;CONSTRUIT
0;;310381;MONTGISCARD;HAB;Maison Indiv;INTENSIF;DP;475;1;0;0;0;0;0;0;0;0;0;0;0;0;0;;;;;2009_2022;CONSTRUIT
0;;310381;MONTGISCARD;HAB;Maison Indiv;INTENSIF;DP;902;1;0;0;0;0;0;0;0;0;0;0;0;0;0;;;;;2009_2022;CONSTRUIT
0;;310381;MONTGISCARD;HAB;Maison Indiv;INTENSIF;DP;760;1;0;0;0;0;0;0;0;0;0;0;0;0;0;;;;;2009_2022;CONSTRUIT
0;;310381;MONTGISCARD;HAB;Maison Indiv;INTENSIF;DP;513;1;0;0;0;0;0;0;0;0;0;0;0;0;0;;;;;2009_2022;CONSTRUIT
0;;310381;MONTGISCARD;HAB;Maison Indiv;INTENSIF;DP;874;1;0;0;0;0;0;0;0;0;0;0;0;0;0;;;;;2009_2022;CONSTRUIT
0;;310381;MONTGISCARD;HAB;Maison Indiv;INTENSIF;DP;442;1;0;0;0;0;0;0;0;0;0;0;0;0;0;;;;;2009_2022;CONSTRUIT
0;;310381;MONTGISCARD;HAB;Maison Indiv;INTENSIF;DP;529;1;0;0;0;0;0;0;0;0;0;0;0;0;0;;;;;2009_2022;CONSTRUIT
0;;310381;MONTGISCARD;HAB;Maison Indiv;INTENSIF;DP;731;1;0;0;0;0;0;0;0;0;0;0;0;0;0;;;;;2009_2022;CONSTRUIT
0;;310381;MONTGISCARD;HAB;Maison Indiv;INTENSIF;DP;531;1;0;0;0;0;0;0;0;0;0;0;0;0;0;;;;;2009_2022;CONSTRUIT
0;;310381;MONTGISCARD;HAB;;INTENSIF;DC;894;1;0;0;0;0;0;0;0;0;0;0;0;0;0;;;;;2009_2022;CONSTRUIT
0;;310381;MONTGISCARD;HAB;Maison Indiv;INTENSIF;DP;650;1;0;0;0;0;0;0;0;0;0;0;0;0;0;;;;;2009_2022;CONSTRUIT
0;;310381;MONTGISCARD;ACT;;INTENSIF;DP;1023;0;0;0;0;0;0;0;0;0;0;0;0;0;0;;;;;2009_2022;CONSTRUIT
0;;310381;MONTGISCARD;HAB;Maison Indiv;INTENSIF;DP;356;1;0;0;0;0;0;0;0;0;0;0;0;0;0;;;;;2009_2022;CONSTRUIT
0;;310381;MONTGISCARD;HAB;Maison Indiv;INTENSIF;DP;382;1;0;0;0;0;0;0;0;0;0;0;0;0;0;;;;;2009_2022;CONSTRUIT
0;;310381;MONTGISCARD;ACT;;INTENSIF;RU;679;0;0;0;0;0;0;0;0;0;0;0;0;0;0;;;;;2009_2022;CONSTRUIT
0;;310381;MONTGISCARD;ACT;;INTENSIF;RU;472;0;0;0;0;0;0;0;0;0;0;0;0;0;0;;;;;2009_2022;CONSTRUIT
0;;310381;MONTGISCARD;ACT;;INTENSIF;RU;3610;0;0;0;0;0;0;0;0;0;0;0;0;0;0;;;;;2009_2022;CONSTRUIT
0;;310381;MONTGISCARD;HAB;Maison Indiv;INTENSIF;DP;1121;1;0;0;0;0;0;0;0;0;0;0;0;0;0;;;;;2009_2022;CONSTRUIT
0;;310381;MONTGISCARD;HAB;Maison Indiv;INTENSIF;DP;1468;1;0;0;0;0;0;0;0;0;0;0;0;0;0;;;;;2009_2022;CONSTRUIT
0;;310381;MONTGISCARD;HAB;Maison Indiv;INTENSIF;DP;860;1;0;0;0;0;0;0;0;0;0;0;0;0;0;;;;;2009_2022;CONSTRUIT
0;;310381;MONTGISCARD;HAB;Maison Indiv;INTENSIF;DP;860;1;0;0;0;0;0;0;0;0;0;0;0;0;0;;;;;2009_2022;CONSTRUIT
0;;310381;MONTGISCARD;HAB;Maison Indiv;INTENSIF;DP;719;1;0;0;0;0;0;0;0;0;0;0;0;0;0;;;;;2009_2022;CONSTRUIT
0;;310381;MONTGISCARD;HAB;Maison Indiv;INTENSIF;DP;1419;1;0;0;0;0;0;0;0;0;0;0;0;0;0;;;;;2009_2022;CONSTRUIT
0;;310381;MONTGISCARD;HAB;;INTENSIF;DP;1759;2;0;0;0;0;0;0;0;0;0;0;0;0;0;;;;;2009_2022;CONSTRUIT
0;;310381;MONTGISCARD;HAB;Maison Indiv;INTENSIF;DP;1722;1;0;0;0;0;0;0;0;0;0;0;0;0;0;;;;;2009_2022;CONSTRUIT
0;;310381;MONTGISCARD;HAB;;INTENSIF;DP;1747;2;0;0;0;0;0;0;0;0;0;0;0;0;0;;;;;2009_2022;CONSTRUIT
0;;310381;MONTGISCARD;HAB;Maison Indiv;INTENSIF;DP;1166;1;0;0;0;0;0;0;0;0;0;0;0;0;0;;;;;2009_2022;CONSTRUIT
0;;310381;MONTGISCARD;ACT;;Conso ENAF;EXT;162302;0;0;0;0;0;0;0;0;0;0;0;0;0;0;;;;;2009_2022;PC
0;;310381;MONTGISCARD;ACT;;Conso ENAF;EXT;275326;0;0;0;0;0;0;0;0;0;0;0;0;0;0;;;;;2009_2022;PC
0;;310381;MONTGISCARD;ACT;;Conso ENAF;EXT;73470;0;0;0;0;0;0;0;0;0;0;0;0;0;0;;;;;2009_2022;PC
0;;310381;MONTGISCARD;ACT;;Conso ENAF;EXT;27089;0;0;0;0;0;0;0;0;0;0;0;0;0;0;;;;;2009_2022;PC
0;;310381;MONTGISCARD;ACT;;Conso ENAF;EXT;6600;0;0;0;0;0;0;0;0;0;0;0;0;0;0;;;;;2009_2022;PC
0;;310381;MONTGISCARD;ACT;;Conso ENAF;EXT;3;0;0;0;0;0;0;0;0;0;0;0;0;0;0;;;;;2009_2022;PC
0;;310381;MONTGISCARD;HAB;Maison Indiv;INTENSIF;DP;469;1;0;0;0;0;0;0;0;0;0;0;0;0;0;;;;;2009_2022;CONSTRUIT
0;;310381;MONTGISCARD;HAB;Maison Indiv;INTENSIF;DP;1069;1;0;0;0;0;0;0;0;0;0;0;0;0;0;;;;;2009_2022;CONSTRUIT
0;;310381;MONTGISCARD;HAB;Maison Indiv;INTENSIF;DP;1095;1;0;0;0;0;0;0;0;0;0;0;0;0;0;;;;;2009_2022;CONSTRUIT
0;;310381;MONTGISCARD;HAB;Maison Indiv;INTENSIF;DP;659;1;0;0;0;0;0;0;0;0;0;0;0;0;0;;;;;2009_2022;CONSTRUIT
0;;310381;MONTGISCARD;ACT;;INTENSIF;RU;2448;0;0;0;0;0;0;0;0;0;0;0;0;0;0;;;;;2009_2022;CONSTRUIT
0;;310381;MONTGISCARD;HAB;Maison Indiv;INTENSIF;DP;419;1;0;0;0;0;0;0;0;0;0;0;0;0;0;;;;;2009_2022;CONSTRUIT
0;;310161;DEYME;HAB;Maison Indiv;Conso ENAF;EXT;1062;1;0;0;0;0;0;0;0;0;0;0;0;0;0;;;;;2009_2022;CONSTRUIT
0;;310161;DEYME;HAB;Maison Indiv;INTENSIF;DP;553;1;0;0;0;0;0;0;0;0;0;0;0;0;0;;;;;2009_2022;CONSTRUIT
0;;310381;MONTGISCARD;HAB;Maison Indiv;INTENSIF;DP;415;1;0;0;0;0;0;0;0;0;0;0;0;0;0;;;;;2009_2022;CONSTRUIT
0;;310284;LAUZERVILLE;HAB;Maison Indiv;INTENSIF;DP;506;1;0;0;0;0;0;0;0;0;0;0;0;0;0;;;;;2009_2022;CONSTRUIT
0;;310284;LAUZERVILLE;HAB;Maison Indiv;INTENSIF;DP;531;1;0;0;0;0;0;0;0;0;0;0;0;0;0;;;;;2009_2022;CONSTRUIT
0;;310284;LAUZERVILLE;HAB;Maison Indiv;Conso ENAF;EXT;1004;1;0;0;0;0;0;0;0;0;0;0;0;0;0;;;;;2009_2022;CONSTRUIT
0;;310284;LAUZERVILLE;HAB;Maison Indiv;Conso ENAF;EXT;998;1;0;0;0;0;0;0;0;0;0;0;0;0;0;;;;;2009_2022;CONSTRUIT
0;;310284;LAUZERVILLE;HAB;Maison Indiv;Conso ENAF;EXT;1002;1;0;0;0;0;0;0;0;0;0;0;0;0;0;;;;;2009_2022;CONSTRUIT
0;;310284;LAUZERVILLE;HAB;Maison Indiv;Conso ENAF;EXT;1005;1;0;0;0;0;0;0;0;0;0;0;0;0;0;;;;;2009_2022;CONSTRUIT
0;;310284;LAUZERVILLE;HAB;;Conso ENAF;EXT;1102;1;0;0;0;0;0;0;0;0;0;0;0;0;0;;;;;2009_2022;CONSTRUIT
0;;310284;LAUZERVILLE;HAB;Maison Indiv;INTENSIF;DP;1072;1;0;0;0;0;0;0;0;0;0;0;0;0;0;;;;;2009_2022;CONSTRUIT
0;;310284;LAUZERVILLE;HAB;;INTENSIF;DC;1202;2;0;0;0;0;0;0;0;0;0;0;0;0;0;;;;;2009_2022;CONSTRUIT
0;;310284;LAUZERVILLE;HAB;;INTENSIF;DP;1769;2;0;0;0;0;0;0;0;0;0;0;0;0;0;;;;;2009_2022;CONSTRUIT
0;;310058;BELBEZE-DE-LAURAGAIS;HAB;Maison Indiv;Conso ENAF;EXT;2499;1;0;0;0;0;0;0;0;0;0;0;0;0;0;;;;;2009_2022;CONSTRUIT
0;;310058;BELBEZE-DE-LAURAGAIS;HAB;Maison Indiv;Conso ENAF;EXT;2611;1;0;0;0;0;0;0;0;0;0;0;0;0;0;;;;;2009_2022;CONSTRUIT
0;;310058;BELBEZE-DE-LAURAGAIS;HAB;Maison Indiv;Conso ENAF;EXT;2603;1;0;0;0;0;0;0;0;0;0;0;0;0;0;;;;;2009_2022;CONSTRUIT
0;;310058;BELBEZE-DE-LAURAGAIS;HAB;Maison Indiv;Conso ENAF;EXT;2585;1;0;0;0;0;0;0;0;0;0;0;0;0;0;;;;;2009_2022;CONSTRUIT
0;;310058;BELBEZE-DE-LAURAGAIS;HAB;Maison Indiv;Conso ENAF;EXT;2577;1;0;0;0;0;0;0;0;0;0;0;0;0;0;;;;;2009_2022;CONSTRUIT
0;;310058;BELBEZE-DE-LAURAGAIS;HAB;Maison Indiv;Conso ENAF;EXT;3022;1;0;0;0;0;0;0;0;0;0;0;0;0;0;;;;;2009_2022;CONSTRUIT
0;;310058;BELBEZE-DE-LAURAGAIS;HAB;Maison Indiv;Conso ENAF;EXT;2851;1;0;0;0;0;0;0;0;0;0;0;0;0;0;;;;;2009_2022;CONSTRUIT
0;;310148;CLERMONT-LE-FORT;HAB;Maison Indiv;Conso ENAF;EXT;1789;1;0;0;0;0;0;0;0;0;0;0;0;0;0;;;;;2009_2022;CONSTRUIT
0;;310148;CLERMONT-LE-FORT;HAB;Maison Indiv;Conso ENAF;EXT;2498;1;0;0;0;0;0;0;0;0;0;0;0;0;0;;;;;2009_2022;CONSTRUIT
0;;310148;CLERMONT-LE-FORT;HAB;Maison Indiv;Conso ENAF;EXT;2462;1;0;0;0;0;0;0;0;0;0;0;0;0;0;;;;;2009_2022;CONSTRUIT
0;;310148;CLERMONT-LE-FORT;HAB;Maison Indiv;Conso ENAF;EXT;2238;1;0;0;0;0;0;0;0;0;0;0;0;0;0;;;;;2009_2022;CONSTRUIT
0;;310148;CLERMONT-LE-FORT;HAB;Maison Indiv;Conso ENAF;EXT;2496;1;0;0;0;0;0;0;0;0;0;0;0;0;0;;;;;2009_2022;CONSTRUIT
0;;310148;CLERMONT-LE-FORT;HAB;Maison Indiv;Conso ENAF;EXT;1624;1;0;0;0;0;0;0;0;0;0;0;0;0;0;;;;;2009_2022;CONSTRUIT
0;;310148;CLERMONT-LE-FORT;HAB;Maison Indiv;INTENSIF;DP;2047;1;0;0;0;0;0;0;0;0;0;0;0;0;0;;;;;2009_2022;CONSTRUIT
0;;310148;CLERMONT-LE-FORT;HAB;Maison Indiv;INTENSIF;DC;561;1;0;0;0;0;0;0;0;0;0;0;0;0;0;;;;;2009_2022;CONSTRUIT
0;;310148;CLERMONT-LE-FORT;HAB;Maison Indiv;Conso ENAF;EXT;1023;1;0;0;0;0;0;0;0;0;0;0;0;0;0;;;;;2009_2022;CONSTRUIT
0;;310148;CLERMONT-LE-FORT;HAB;Maison Indiv;INTENSIF;DC;1936;1;0;0;0;0;0;0;0;0;0;0;0;0;0;;;;;2009_2022;CONSTRUIT
0;;310148;CLERMONT-LE-FORT;ACT;;Conso ENAF;EXT;1871;0;0;0;0;0;0;0;0;0;0;0;0;0;0;;;;;2009_2022;CONSTRUIT
0;;310148;CLERMONT-LE-FORT;HAB;Maison Indiv;INTENSIF;DC;2606;1;0;0;0;0;0;0;0;0;0;0;0;0;0;;;;;2009_2022;CONSTRUIT
0;;310148;CLERMONT-LE-FORT;HAB;Maison Indiv;INTENSIF;DP;1125;1;0;0;0;0;0;0;0;0;0;0;0;0;0;;;;;2009_2022;CONSTRUIT
0;;310366;MONTBRUN-LAURAGAIS;HAB;Maison Indiv;Conso ENAF;EXT;1892;1;0;0;0;0;0;0;0;0;0;0;0;0;0;;;;;2009_2022;CONSTRUIT
0;;310366;MONTBRUN-LAURAGAIS;HAB;Maison Indiv;INTENSIF;DP;1156;1;0;0;0;0;0;0;0;0;0;0;0;0;0;;;;;2009_2022;CONSTRUIT
0;;310366;MONTBRUN-LAURAGAIS;HAB;Maison Indiv;Conso ENAF;EXT;2063;1;0;0;0;0;0;0;0;0;0;0;0;0;0;;;;;2009_2022;CONSTRUIT
0;;310366;MONTBRUN-LAURAGAIS;HAB;Maison Indiv;INTENSIF;DC;1043;1;0;0;0;0;0;0;0;0;0;0;0;0;0;;;;;2009_2022;CONSTRUIT
0;;310366;MONTBRUN-LAURAGAIS;HAB;Maison Indiv;Conso ENAF;EXT;1118;1;0;0;0;0;0;0;0;0;0;0;0;0;0;;;;;2009_2022;CONSTRUIT
0;;310366;MONTBRUN-LAURAGAIS;HAB;Maison Indiv;Conso ENAF;EXT;934;1;0;0;0;0;0;0;0;0;0;0;0;0;0;;;;;2009_2022;CONSTRUIT
0;;310366;MONTBRUN-LAURAGAIS;HAB;Maison Indiv;Conso ENAF;EXT;2708;1;0;0;0;0;0;0;0;0;0;0;0;0;0;;;;;2009_2022;CONSTRUIT
0;;310366;MONTBRUN-LAURAGAIS;HAB;Maison Indiv;Conso ENAF;EXT;2254;1;0;0;0;0;0;0;0;0;0;0;0;0;0;;;;;2009_2022;CONSTRUIT
0;;310366;MONTBRUN-LAURAGAIS;HAB;Maison Indiv;Conso ENAF;EXT;2463;1;0;0;0;0;0;0;0;0;0;0;0;0;0;;;;;2009_2022;CONSTRUIT
0;;310366;MONTBRUN-LAURAGAIS;HAB;Maison Indiv;INTENSIF;DC;2238;1;0;0;0;0;0;0;0;0;0;0;0;0;0;;;;;2009_2022;CONSTRUIT
0;;310366;MONTBRUN-LAURAGAIS;HAB;Maison Indiv;Conso ENAF;EXT;910;1;0;0;0;0;0;0;0;0;0;0;0;0;0;;;;;2009_2022;CONSTRUIT
0;;310366;MONTBRUN-LAURAGAIS;HAB;;INTENSIF;EXT;502;0;0;0;0;0;0;0;0;0;0;0;0;0;0;;;;;2009_2022;CONSTRUIT
0;;310366;MONTBRUN-LAURAGAIS;HAB;Maison Indiv;Conso ENAF;EXT;2586;1;0;0;0;0;0;0;0;0;0;0;0;0;0;;;;;2009_2022;CONSTRUIT
0;;310366;MONTBRUN-LAURAGAIS;HAB;Maison Indiv;Conso ENAF;EXT;2177;1;0;0;0;0;0;0;0;0;0;0;0;0;0;;;;;2009_2022;CONSTRUIT
0;;310366;MONTBRUN-LAURAGAIS;HAB;Maison Indiv;Conso ENAF;EXT;2238;1;0;0;0;0;0;0;0;0;0;0;0;0;0;;;;;2009_2022;CONSTRUIT
0;;310366;MONTBRUN-LAURAGAIS;HAB;;Conso ENAF;EXT;1149;0;0;0;0;0;0;0;0;0;0;0;0;0;0;;;;;2009_2022;CONSTRUIT
0;;310366;MONTBRUN-LAURAGAIS;HAB;Maison Indiv;Conso ENAF;EXT;1096;1;0;0;0;0;0;0;0;0;0;0;0;0;0;;;;;2009_2022;CONSTRUIT
0;;310366;MONTBRUN-LAURAGAIS;HAB;Maison Indiv;INTENSIF;DP;1308;1;0;0;0;0;0;0;0;0;0;0;0;0;0;;;;;2009_2022;CONSTRUIT
0;;310366;MONTBRUN-LAURAGAIS;HAB;Maison Indiv;Conso ENAF;EXT;1195;1;0;0;0;0;0;0;0;0;0;0;0;0;0;;;;;2009_2022;CONSTRUIT
0;;310366;MONTBRUN-LAURAGAIS;HAB;Maison Indiv;Conso ENAF;EXT;1077;1;0;0;0;0;0;0;0;0;0;0;0;0;0;;;;;2009_2022;CONSTRUIT
0;;310366;MONTBRUN-LAURAGAIS;HAB;Maison Indiv;Conso ENAF;EXT;1151;1;0;0;0;0;0;0;0;0;0;0;0;0;0;;;;;2009_2022;CONSTRUIT
0;;310366;MONTBRUN-LAURAGAIS;HAB;Maison Indiv;Conso ENAF;EXT;984;1;0;0;0;0;0;0;0;0;0;0;0;0;0;;;;;2009_2022;CONSTRUIT
0;;310366;MONTBRUN-LAURAGAIS;HAB;Maison Indiv;Conso ENAF;EXT;1112;1;0;0;0;0;0;0;0;0;0;0;0;0;0;;;;;2009_2022;CONSTRUIT
0;;310366;MONTBRUN-LAURAGAIS;HAB;Maison Indiv;Conso ENAF;EXT;1980;1;0;0;0;0;0;0;0;0;0;0;0;0;0;;;;;2009_2022;CONSTRUIT
0;;310035;AUZEVILLE-TOLOSANE;HAB;Maison Indiv;INTENSIF;DP;1029;1;0;0;0;0;0;0;0;0;0;0;0;0;0;;;;;2009_2022;CONSTRUIT
0;;310035;AUZEVILLE-TOLOSANE;HAB;Maison Indiv;INTENSIF;DP;1005;1;0;0;0;0;0;0;0;0;0;0;0;0;0;;;;;2009_2022;CONSTRUIT
0;;310035;AUZEVILLE-TOLOSANE;HAB;Maison Indiv;INTENSIF;DP;1010;1;0;0;0;0;0;0;0;0;0;0;0;0;0;;;;;2009_2022;CONSTRUIT
0;;310035;AUZEVILLE-TOLOSANE;HAB;Maison Indiv;INTENSIF;DP;576;1;0;0;0;0;0;0;0;0;0;0;0;0;0;;;;;2009_2022;CONSTRUIT
0;;310035;AUZEVILLE-TOLOSANE;HAB;Maison Indiv;INTENSIF;DP;337;1;0;0;0;0;0;0;0;0;0;0;0;0;0;;;;;2009_2022;CONSTRUIT
0;;310035;AUZEVILLE-TOLOSANE;HAB;;INTENSIF;DP;3873;27;0;0;0;0;0;5;0;0;22;27;0;0;0;Les Tolosianes;oui;L et J Promotion;Colomiers Habitat;2009_2022;CONSTRUIT
0;;310035;AUZEVILLE-TOLOSANE;HAB;Maison Indiv;INTENSIF;DP;354;1;0;0;0;0;0;0;0;0;0;0;0;0;0;;;;;2009_2022;CONSTRUIT
0;;310035;AUZEVILLE-TOLOSANE;ACT;;INTENSIF;DC;1390;0;0;0;0;0;0;0;0;0;0;0;0;0;0;;;;;2009_2022;CONSTRUIT
0;;310035;AUZEVILLE-TOLOSANE;HAB;Maison Indiv;INTENSIF;DP;562;1;0;0;0;0;0;0;0;0;0;0;0;0;0;;;;;2009_2022;CONSTRUIT
0;;310035;AUZEVILLE-TOLOSANE;HAB;;INTENSIF;DP;566;2;0;0;0;0;0;0;0;0;0;0;0;0;0;;;;;2009_2022;CONSTRUIT
0;;310035;AUZEVILLE-TOLOSANE;HAB;Maison Indiv;INTENSIF;DC;722;1;0;0;0;0;0;0;0;0;0;0;0;0;0;;;;;2009_2022;CONSTRUIT
0;;310035;AUZEVILLE-TOLOSANE;HAB;Maison Indiv;INTENSIF;DC;966;1;0;0;0;0;0;0;0;0;0;0;0;0;0;;;;;2009_2022;CONSTRUIT
0;;310035;AUZEVILLE-TOLOSANE;HAB;Maison Indiv;INTENSIF;DP;461;1;0;0;0;0;0;0;0;0;0;0;0;0;0;;oui;;;2009_2022;CONSTRUIT
0;;310035;AUZEVILLE-TOLOSANE;HAB;;INTENSIF;DP;730;2;0;0;0;0;0;0;0;0;0;0;0;0;0;;oui;;;2009_2022;CONSTRUIT
0;;310035;AUZEVILLE-TOLOSANE;HAB;Maison Indiv;INTENSIF;DP;418;1;0;0;0;0;0;0;0;0;0;0;0;0;0;;;;;2009_2022;CONSTRUIT
0;;310035;AUZEVILLE-TOLOSANE;HAB;Maison Indiv;INTENSIF;DP;462;1;0;0;0;0;0;0;0;0;0;0;0;0;0;;;;;2009_2022;CONSTRUIT
0;;310035;AUZEVILLE-TOLOSANE;HAB;Maison Indiv;Conso ENAF;EXT;1198;1;0;0;0;0;0;0;0;0;0;0;0;0;0;;;;;2009_2022;CONSTRUIT
0;;310035;AUZEVILLE-TOLOSANE;ACT;;Conso ENAF;EXT;4482;0;0;0;0;0;0;0;0;0;0;0;0;0;0;;;;;2009_2022;CONSTRUIT
0;;310035;AUZEVILLE-TOLOSANE;HAB;Maison Indiv;INTENSIF;DP;1033;1;0;0;0;0;0;0;0;0;0;0;0;0;0;;;;;2009_2022;CONSTRUIT
0;;310035;AUZEVILLE-TOLOSANE;HAB;Maison Indiv;INTENSIF;DC;1006;1;0;0;0;0;0;0;0;0;0;0;0;0;0;;;;;2009_2022;CONSTRUIT
0;;310035;AUZEVILLE-TOLOSANE;HAB;Maison Indiv;INTENSIF;DP;967;1;0;0;0;0;0;0;0;0;0;0;0;0;0;;;;;2009_2022;CONSTRUIT
0;;310035;AUZEVILLE-TOLOSANE;HAB;Maison Indiv;INTENSIF;DC;868;1;0;0;0;0;0;0;0;0;0;0;0;0;0;;;;;2009_2022;CONSTRUIT
0;;310035;AUZEVILLE-TOLOSANE;HAB;Maison Indiv;INTENSIF;DP;420;1;0;0;0;0;0;0;0;0;0;0;0;0;0;;;;;2009_2022;CONSTRUIT
0;;310035;AUZEVILLE-TOLOSANE;HAB;Maison Indiv;INTENSIF;DC;943;1;0;0;0;0;0;0;0;0;0;0;0;0;0;;;;;2009_2022;CONSTRUIT
0;;310035;AUZEVILLE-TOLOSANE;HAB;Maison Indiv;INTENSIF;DP;867;1;0;0;0;0;0;0;0;0;0;0;0;0;0;;;;;2009_2022;CONSTRUIT
0;;310035;AUZEVILLE-TOLOSANE;HAB;Maison Indiv;INTENSIF;DP;1511;1;0;0;0;0;0;0;0;0;0;0;0;0;0;;;;;2009_2022;CONSTRUIT
0;;310035;AUZEVILLE-TOLOSANE;ACT;;Conso ENAF;EXT;2706;0;0;0;0;0;0;0;0;0;0;0;0;0;0;;;;;2009_2022;CONSTRUIT
0;;310035;AUZEVILLE-TOLOSANE;EQUIP;;INTENSIF;DP;3992;0;0;0;0;0;0;0;0;0;0;0;0;0;0;;;;;2009_2022;CONSTRUIT
0;;310035;AUZEVILLE-TOLOSANE;ACT;;INTENSIF;DC;3897;0;0;0;0;0;0;0;0;0;0;0;0;0;0;;;;;2009_2022;CONSTRUIT
0;;310035;AUZEVILLE-TOLOSANE;EQUIP;;INTENSIF;DP;3043;0;0;0;0;0;0;0;0;0;0;0;0;0;0;;;;;2009_2022;CONSTRUIT
0;;310035;AUZEVILLE-TOLOSANE;HAB;Maison Indiv;INTENSIF;DC;524;1;0;0;0;0;0;0;0;0;0;0;0;0;0;;;;;2009_2022;CONSTRUIT
0;;310035;AUZEVILLE-TOLOSANE;HAB;Maison Indiv;INTENSIF;DP;1670;1;0;0;0;0;0;0;0;0;0;0;0;0;0;;;;;2009_2022;CONSTRUIT
0;;310035;AUZEVILLE-TOLOSANE;HAB;;INTENSIF;RU;605;1;0;0;0;0;0;0;0;0;6;0;6;0;6;Moulin Armand;oui;commune;;2009_2022;CONSTRUIT
0;;310249;LABASTIDE-BEAUVOIR;HAB;Maison Indiv;INTENSIF;DC;1487;1;0;0;0;0;0;0;0;0;0;0;0;0;0;;;;;2009_2022;CONSTRUIT
0;;310249;LABASTIDE-BEAUVOIR;HAB;;Conso ENAF;EXT;3045;1;0;0;0;0;0;0;0;0;1;0;0;0;0;;;;;2009_2022;CONSTRUIT
0;;310249;LABASTIDE-BEAUVOIR;HAB;Maison Indiv;INTENSIF;DC;3058;1;0;0;0;0;0;0;0;0;0;0;0;0;0;;;;;2009_2022;CONSTRUIT
0;;310249;LABASTIDE-BEAUVOIR;HAB;Maison Indiv;INTENSIF;DC;2595;1;0;0;0;0;0;0;0;0;0;0;0;0;0;;;;;2009_2022;CONSTRUIT
0;;310249;LABASTIDE-BEAUVOIR;HAB;Maison Indiv;INTENSIF;DP;1540;1;0;0;0;0;0;0;0;0;0;0;0;0;0;;;;;2009_2022;CONSTRUIT
0;;310249;LABASTIDE-BEAUVOIR;HAB;Maison Indiv;INTENSIF;DP;1095;1;0;0;0;0;0;0;0;0;0;0;0;0;0;;;;;2009_2022;CONSTRUIT
0;;310249;LABASTIDE-BEAUVOIR;HAB;Maison Indiv;INTENSIF;DP;983;1;0;0;0;0;0;0;0;0;0;0;0;0;0;;;;;2009_2022;CONSTRUIT
0;;310249;LABASTIDE-BEAUVOIR;HAB;Maison Indiv;INTENSIF;DP;1895;1;0;0;0;0;0;0;0;0;0;0;0;0;0;;;;;2009_2022;CONSTRUIT
0;;310437;POUZE;HAB;Maison Indiv;Conso ENAF;EXT;3348;1;0;0;0;0;0;0;0;0;0;0;0;0;0;;;;;2009_2022;CONSTRUIT
0;;310254;LABEGE;ACT;;INTENSIF;DC;6702;0;0;0;0;0;0;0;0;0;0;0;0;0;0;;;;;2009_2022;CONSTRUIT
0;;310254;LABEGE;ACT;;INTENSIF;DC;7697;0;0;0;0;0;0;0;0;0;0;0;0;0;0;;;;;2009_2022;CONSTRUIT
0;;310254;LABEGE;ACT;;INTENSIF;DC;3691;0;0;0;0;0;0;0;0;0;0;0;0;0;0;;;;;2009_2022;CONSTRUIT
0;;310254;LABEGE;ACT;;INTENSIF;DC;3744;0;0;0;0;0;0;0;0;0;0;0;0;0;0;;;;;2009_2022;CONSTRUIT
0;;310254;LABEGE;HAB;Maison Indiv;INTENSIF;DP;1031;1;0;0;0;0;0;0;0;0;0;0;0;0;0;;;;;2009_2022;CONSTRUIT
0;;310254;LABEGE;HAB;Maison Indiv;INTENSIF;DP;1059;1;0;0;0;0;0;0;0;0;0;0;0;0;0;;;;;2009_2022;CONSTRUIT
0;;310254;LABEGE;HAB;Maison Indiv;INTENSIF;DP;1997;1;0;0;0;0;0;0;0;0;0;0;0;0;0;;;;;2009_2022;CONSTRUIT
0;;310254;LABEGE;HAB;Maison Indiv;INTENSIF;DP;1378;1;0;0;0;0;0;0;0;0;0;0;0;0;0;;;;;2009_2022;CONSTRUIT
0;;310254;LABEGE;HAB;Maison Indiv;INTENSIF;DP;858;1;0;0;0;0;0;0;0;0;0;0;0;0;0;;;;;2009_2022;CONSTRUIT
0;;310254;LABEGE;HAB;Maison Indiv;INTENSIF;DP;951;1;0;0;0;0;0;0;0;0;0;0;0;0;0;;;;;2009_2022;CONSTRUIT
0;;310254;LABEGE;HAB;;INTENSIF;DP;805;1;0;0;0;0;0;0;0;0;0;0;0;0;0;;;;;2009_2022;CONSTRUIT
0;;310254;LABEGE;HAB;Maison Indiv;INTENSIF;DP;911;1;0;0;0;0;0;0;0;0;0;0;0;0;0;;;;;2009_2022;CONSTRUIT
0;;310254;LABEGE;HAB;Maison Indiv;INTENSIF;DP;803;1;0;0;0;0;0;0;0;0;0;0;0;0;0;;;;;2009_2022;CONSTRUIT
0;;310254;LABEGE;HAB;Maison Indiv;INTENSIF;DP;603;1;0;0;0;0;0;0;0;0;0;0;0;0;0;;;;;2009_2022;CONSTRUIT
0;;310254;LABEGE;HAB;Maison Indiv;INTENSIF;DC;981;1;0;0;0;0;0;0;0;0;0;0;0;0;0;;;;;2009_2022;CONSTRUIT
0;;310254;LABEGE;HAB;Maison Indiv;INTENSIF;DP;617;1;0;0;0;0;0;0;0;0;0;0;0;0;0;;;;;2009_2022;CONSTRUIT
0;;310254;LABEGE;HAB;Maison Indiv;INTENSIF;DP;819;1;0;0;0;0;0;0;0;0;0;0;0;0;0;;;;;2009_2022;CONSTRUIT
0;;310254;LABEGE;HAB;Maison Indiv;INTENSIF;DP;791;1;0;0;0;0;0;0;0;0;0;0;0;0;0;;;;;2009_2022;CONSTRUIT
0;;310254;LABEGE;HAB;Maison Indiv;INTENSIF;DP;708;1;0;0;0;0;0;0;0;0;0;0;0;0;0;;;;;2009_2022;CONSTRUIT
0;;310254;LABEGE;HAB;Maison Indiv;Conso ENAF;EXT;1203;1;0;0;0;0;0;0;0;0;0;0;0;0;0;;;;;2009_2022;CONSTRUIT
0;;310254;LABEGE;HAB;Maison Indiv;Conso ENAF;EXT;1033;1;0;0;0;0;0;0;0;0;0;0;0;0;0;;;;;2009_2022;CONSTRUIT
0;;310254;LABEGE;HAB;Maison Indiv;INTENSIF;DP;691;1;0;0;0;0;0;0;0;0;0;0;0;0;0;;;;;2009_2022;CONSTRUIT
0;;310254;LABEGE;HAB;Maison Indiv;Conso ENAF;EXT;695;1;0;0;0;0;0;0;0;0;0;0;0;0;0;;;;;2009_2022;CONSTRUIT
0;;310254;LABEGE;HAB;Maison Indiv;Conso ENAF;EXT;650;1;0;0;0;0;0;0;0;0;0;0;0;0;0;;;;;2009_2022;CONSTRUIT
0;;310254;LABEGE;HAB;Maison Indiv;INTENSIF;DP;656;1;0;0;0;0;0;0;0;0;0;0;0;0;0;;;;;2009_2022;CONSTRUIT
0;;310254;LABEGE;HAB;Maison Indiv;INTENSIF;DP;930;1;0;0;0;0;0;0;0;0;0;0;0;0;0;;;;;2009_2022;CONSTRUIT
0;;310254;LABEGE;HAB;;Conso ENAF;EXT;2699;2;0;0;0;0;0;0;0;0;0;0;0;0;0;;;;;2009_2022;CONSTRUIT
0;;310254;LABEGE;HAB;Maison Indiv;INTENSIF;DC;805;1;0;0;0;0;0;0;0;0;0;0;0;0;0;;;;;2009_2022;CONSTRUIT
0;;310254;LABEGE;HAB;Maison Indiv;INTENSIF;DP;733;1;0;0;0;0;0;0;0;0;0;0;0;0;0;;;;;2009_2022;CONSTRUIT
0;;310254;LABEGE;HAB;Maison Indiv;Conso ENAF;EXT;1640;1;0;0;0;0;0;0;0;0;0;0;0;0;0;;;;;2009_2022;CONSTRUIT
0;;310254;LABEGE;HAB;Maison Indiv;INTENSIF;DP;917;1;0;0;0;0;0;0;0;0;0;0;0;0;0;;;;;2009_2022;CONSTRUIT
0;;310254;LABEGE;HAB;Maison Indiv;INTENSIF;DP;621;1;0;0;0;0;0;0;0;0;0;0;0;0;0;;;;;2009_2022;CONSTRUIT
0;;310254;LABEGE;HAB;Maison Indiv;INTENSIF;DP;1016;1;0;0;0;0;0;0;0;0;0;0;0;0;0;;;;;2009_2022;CONSTRUIT
0;;310254;LABEGE;HAB;;Conso ENAF;EXT;2648;2;0;0;0;0;0;0;0;0;0;0;0;0;0;;;;;2009_2022;CONSTRUIT
0;;310254;LABEGE;HAB;Maison Indiv;Conso ENAF;EXT;2228;1;0;0;0;0;0;0;0;0;0;0;0;0;0;;;;;2009_2022;CONSTRUIT
0;;310254;LABEGE;ACT;;INTENSIF;RU;8517;0;0;0;0;0;0;0;0;0;0;0;0;0;0;;;;;2022_2025;CONSTRUIT
0;;310254;LABEGE;HAB;Maison Indiv;INTENSIF;DP;782;1;0;0;0;0;0;0;0;0;0;0;0;0;0;;;;;2009_2022;CONSTRUIT
0;;310254;LABEGE;HAB;Maison Indiv;INTENSIF;DP;1534;1;0;0;0;0;0;0;0;0;0;0;0;0;0;;;;;2009_2022;CONSTRUIT
0;;310254;LABEGE;HAB;;INTENSIF;DP;2397;4;0;0;0;0;0;0;0;0;0;0;0;0;0;;;;;2009_2022;CONSTRUIT
0;;310254;LABEGE;EQUIP;;Conso ENAF;EXT;3314;0;0;0;0;0;0;0;0;0;0;0;0;0;0;;;;;2009_2022;CONSTRUIT
0;;310254;LABEGE;EQUIP;;INTENSIF;DP;3258;0;0;0;0;0;0;0;0;0;0;0;0;0;0;;;;;2009_2022;CONSTRUIT
0;;310254;LABEGE;ACT;;INTENSIF;DC;7315;0;0;0;0;0;0;0;0;0;0;0;0;0;0;;;;;2009_2022;CONSTRUIT
0;;310578;VIGOULET-AUZIL;HAB;Maison Indiv;INTENSIF;DP;2213;1;0;0;0;0;0;0;0;0;0;0;0;0;0;;;;;2009_2022;CONSTRUIT
0;;310578;VIGOULET-AUZIL;HAB;Maison Indiv;INTENSIF;DP;1134;1;0;0;0;0;0;0;0;0;0;0;0;0;0;;;;;2009_2022;CONSTRUIT
0;;310578;VIGOULET-AUZIL;HAB;Maison Indiv;Conso ENAF;EXT;2479;1;0;0;0;0;0;0;0;0;0;0;0;0;0;;;;;2009_2022;CONSTRUIT
0;;310578;VIGOULET-AUZIL;HAB;Maison Indiv;INTENSIF;DP;1358;1;0;0;0;0;0;0;0;0;0;0;0;0;0;;;;;2009_2022;CONSTRUIT
0;;310578;VIGOULET-AUZIL;HAB;Maison Indiv;Conso ENAF;EXT;2528;1;0;0;0;0;0;0;0;0;0;0;0;0;0;;;;;2009_2022;CONSTRUIT
0;;310578;VIGOULET-AUZIL;HAB;Maison Indiv;INTENSIF;DP;1734;1;0;0;0;0;0;0;0;0;0;0;0;0;0;;;;;2009_2022;CONSTRUIT
0;;310578;VIGOULET-AUZIL;HAB;Maison Indiv;INTENSIF;DP;1346;1;0;0;0;0;0;0;0;0;0;0;0;0;0;;;;;2009_2022;CONSTRUIT
0;;310578;VIGOULET-AUZIL;HAB;Maison Indiv;INTENSIF;DP;5939;1;0;0;0;0;0;0;0;0;0;0;0;0;0;;;;;2009_2022;CONSTRUIT
0;;310578;VIGOULET-AUZIL;HAB;Maison Indiv;INTENSIF;DP;1793;1;0;0;0;0;0;0;0;0;0;0;0;0;0;;;;;2009_2022;CONSTRUIT
0;;310578;VIGOULET-AUZIL;HAB;Maison Indiv;INTENSIF;DP;1550;1;0;0;0;0;0;0;0;0;0;0;0;0;0;;;;;2009_2022;CONSTRUIT
0;;310578;VIGOULET-AUZIL;HAB;Maison Indiv;INTENSIF;DP;1481;1;0;0;0;0;0;0;0;0;0;0;0;0;0;;;;;2009_2022;CONSTRUIT
0;;310578;VIGOULET-AUZIL;HAB;Maison Indiv;INTENSIF;DP;1393;1;0;0;0;0;0;0;0;0;0;0;0;0;0;;;;;2009_2022;CONSTRUIT
0;;310578;VIGOULET-AUZIL;HAB;Maison Indiv;INTENSIF;DP;1813;1;0;0;0;0;0;0;0;0;0;0;0;0;0;;;;;2009_2022;CONSTRUIT
0;;310578;VIGOULET-AUZIL;HAB;Maison Indiv;INTENSIF;DP;1030;1;0;0;0;0;0;0;0;0;0;0;0;0;0;;;;;2009_2022;CONSTRUIT
0;;310578;VIGOULET-AUZIL;HAB;Maison Indiv;INTENSIF;DP;1028;1;0;0;0;0;0;0;0;0;0;0;0;0;0;;;;;2009_2022;CONSTRUIT
0;;310578;VIGOULET-AUZIL;HAB;Maison Indiv;INTENSIF;DP;1908;1;0;0;0;0;0;0;0;0;0;0;0;0;0;;;;;2009_2022;CONSTRUIT
0;;310578;VIGOULET-AUZIL;HAB;Maison Indiv;INTENSIF;DP;1426;1;0;0;0;0;0;0;0;0;0;0;0;0;0;;;;;2009_2022;CONSTRUIT
0;;310578;VIGOULET-AUZIL;HAB;Maison Indiv;INTENSIF;DP;1595;1;0;0;0;0;0;0;0;0;0;0;0;0;0;;;;;2009_2022;CONSTRUIT
0;;310578;VIGOULET-AUZIL;HAB;Maison Indiv;Conso ENAF;EXT;5080;1;0;0;0;0;0;0;0;0;0;0;0;0;0;;;;;2009_2022;CONSTRUIT
0;;310578;VIGOULET-AUZIL;HAB;Maison Indiv;INTENSIF;DP;3873;1;0;0;0;0;0;0;0;0;0;0;0;0;0;;;;;2009_2022;CONSTRUIT
0;;310578;VIGOULET-AUZIL;HAB;Maison Indiv;Conso ENAF;EXT;1844;1;0;0;0;0;0;0;0;0;0;0;0;0;0;;;;;2009_2022;CONSTRUIT
0;;310578;VIGOULET-AUZIL;HAB;;Conso ENAF;EXT;1797;0;0;0;0;0;0;0;0;0;0;0;0;0;0;;;;;2009_2022;CONSTRUIT
0;;310578;VIGOULET-AUZIL;HAB;Maison Indiv;INTENSIF;DP;2096;1;0;0;0;0;0;0;0;0;0;0;0;0;0;;;;;2009_2022;CONSTRUIT
0;;310578;VIGOULET-AUZIL;HAB;Maison Indiv;Conso ENAF;EXT;926;1;0;0;0;0;0;0;0;0;0;0;0;0;0;;;;;2009_2022;CONSTRUIT
0;;310578;VIGOULET-AUZIL;HAB;Maison Indiv;Conso ENAF;EXT;1106;1;0;0;0;0;0;0;0;0;0;0;0;0;0;;;;;2009_2022;CONSTRUIT
0;;310578;VIGOULET-AUZIL;HAB;Maison Indiv;Conso ENAF;EXT;3848;1;0;0;0;0;0;0;0;0;0;0;0;0;0;;;;;2009_2022;CONSTRUIT
0;;310578;VIGOULET-AUZIL;HAB;Maison Indiv;INTENSIF;DP;2007;1;0;0;0;0;0;0;0;0;0;0;0;0;0;;;;;2009_2022;CONSTRUIT
0;;310578;VIGOULET-AUZIL;HAB;Maison Indiv;INTENSIF;DP;2087;1;0;0;0;0;0;0;0;0;0;0;0;0;0;;;;;2009_2022;CONSTRUIT
0;;310578;VIGOULET-AUZIL;HAB;Maison Indiv;INTENSIF;DP;2020;1;0;0;0;0;0;0;0;0;0;0;0;0;0;;;;;2009_2022;CONSTRUIT
0;;310578;VIGOULET-AUZIL;HAB;Maison Indiv;INTENSIF;DP;2063;1;0;0;0;0;0;0;0;0;0;0;0;0;0;;;;;2009_2022;CONSTRUIT
0;;310578;VIGOULET-AUZIL;HAB;Maison Indiv;INTENSIF;DP;2044;1;0;0;0;0;0;0;0;0;0;0;0;0;0;;;;;2009_2022;CONSTRUIT
0;;310578;VIGOULET-AUZIL;HAB;Maison Indiv;INTENSIF;DP;1680;1;0;0;0;0;0;0;0;0;0;0;0;0;0;;;;;2009_2022;CONSTRUIT
0;;310578;VIGOULET-AUZIL;HAB;Maison Indiv;INTENSIF;DP;3115;1;0;0;0;0;0;0;0;0;0;0;0;0;0;;;;;2009_2022;CONSTRUIT
0;;310578;VIGOULET-AUZIL;HAB;Maison Indiv;INTENSIF;DP;1536;1;0;0;0;0;0;0;0;0;0;0;0;0;0;;;;;2009_2022;CONSTRUIT
0;;310578;VIGOULET-AUZIL;HAB;Maison Indiv;INTENSIF;DP;1655;1;0;0;0;0;0;0;0;0;0;0;0;0;0;;;;;2009_2022;CONSTRUIT
0;;310575;VIEILLE-TOULOUSE;HAB;Maison Indiv;INTENSIF;DP;6205;1;0;0;0;0;0;0;0;0;0;0;0;0;0;;;;;2009_2022;CONSTRUIT
0;;310575;VIEILLE-TOULOUSE;HAB;Maison Indiv;INTENSIF;DC;3717;1;0;0;0;0;0;0;0;0;0;0;0;0;0;;;;;2009_2022;CONSTRUIT
0;;310575;VIEILLE-TOULOUSE;HAB;Maison Indiv;INTENSIF;DC;2601;1;0;0;0;0;0;0;0;0;0;0;0;0;0;;;;;2009_2022;CONSTRUIT
0;;310575;VIEILLE-TOULOUSE;HAB;;INTENSIF;DC;1738;4;0;0;0;0;0;0;0;0;4;0;4;4;0;chemin du forgeron;oui;Soft;0;2009_2022;CONSTRUIT
0;;310575;VIEILLE-TOULOUSE;HAB;Maison Indiv;INTENSIF;DC;2966;1;0;0;0;0;0;0;0;0;0;0;0;0;0;;;;;2009_2022;CONSTRUIT
0;;310575;VIEILLE-TOULOUSE;HAB;Maison Indiv;Conso ENAF;EXT;4988;1;0;0;0;0;0;0;0;0;0;0;0;0;0;;;;;2009_2022;CONSTRUIT
0;;310575;VIEILLE-TOULOUSE;HAB;Maison Indiv;INTENSIF;DC;2970;1;0;0;0;0;0;0;0;0;0;0;0;0;0;;;;;2009_2022;CONSTRUIT
0;;310575;VIEILLE-TOULOUSE;HAB;Maison Indiv;INTENSIF;DC;2110;1;0;0;0;0;0;0;0;0;0;0;0;0;0;;;;;2009_2022;CONSTRUIT
0;;310575;VIEILLE-TOULOUSE;HAB;Maison Indiv;INTENSIF;DC;2141;1;0;0;0;0;0;0;0;0;0;0;0;0;0;;;;;2009_2022;CONSTRUIT
0;;310575;VIEILLE-TOULOUSE;HAB;Maison Indiv;Conso ENAF;EXT;5099;1;0;0;0;0;0;0;0;0;0;0;0;0;0;;;;;2009_2022;CONSTRUIT
0;;310575;VIEILLE-TOULOUSE;HAB;Maison Indiv;INTENSIF;DC;3292;1;0;0;0;0;0;0;0;0;0;0;0;0;0;;;;;2009_2022;CONSTRUIT
0;;310575;VIEILLE-TOULOUSE;HAB;Maison Indiv;INTENSIF;DP;4743;1;0;0;0;0;0;0;0;0;0;0;0;0;0;;;;;2009_2022;CONSTRUIT
0;;310575;VIEILLE-TOULOUSE;HAB;Maison Indiv;INTENSIF;DC;2891;1;0;0;0;0;0;0;0;0;0;0;0;0;0;;;;;2009_2022;CONSTRUIT
0;;310575;VIEILLE-TOULOUSE;HAB;Maison Indiv;INTENSIF;DC;2603;1;0;0;0;0;0;0;0;0;0;0;0;0;0;;;;;2009_2022;CONSTRUIT
0;;310575;VIEILLE-TOULOUSE;HAB;Maison Indiv;INTENSIF;DP;2145;1;0;0;0;0;0;0;0;0;0;0;0;0;0;;;;;2009_2022;CONSTRUIT
0;;310575;VIEILLE-TOULOUSE;HAB;Maison Indiv;INTENSIF;DC;3167;1;0;0;0;0;0;0;0;0;0;0;0;0;0;;;;;2009_2022;CONSTRUIT
0;;310575;VIEILLE-TOULOUSE;HAB;Maison Indiv;INTENSIF;DP;922;1;0;0;0;0;0;0;0;0;0;0;0;0;0;;;;;2009_2022;CONSTRUIT
0;;310575;VIEILLE-TOULOUSE;HAB;Maison Indiv;INTENSIF;DP;2084;1;0;0;0;0;0;0;0;0;0;0;0;0;0;;;;;2009_2022;CONSTRUIT
0;;310575;VIEILLE-TOULOUSE;HAB;;INTENSIF;DP;5188;2;0;0;0;0;0;0;0;0;0;0;0;0;0;;;;;2009_2022;CONSTRUIT
0;;310575;VIEILLE-TOULOUSE;HAB;Maison Indiv;INTENSIF;DP;2155;1;0;0;0;0;0;0;0;0;0;0;0;0;0;;;;;2009_2022;CONSTRUIT
0;;310575;VIEILLE-TOULOUSE;HAB;Maison Indiv;INTENSIF;DP;2143;1;0;0;0;0;0;0;0;0;0;0;0;0;0;;;;;2009_2022;CONSTRUIT
0;;310575;VIEILLE-TOULOUSE;HAB;Maison Indiv;Conso ENAF;EXT;5121;1;0;0;0;0;0;0;0;0;0;0;0;0;0;;;;;2009_2022;CONSTRUIT
0;;310575;VIEILLE-TOULOUSE;HAB;Maison Indiv;INTENSIF;DP;5371;1;0;0;0;0;0;0;0;0;0;0;0;0;0;;;;;2009_2022;CONSTRUIT
0;;310575;VIEILLE-TOULOUSE;HAB;Maison Indiv;INTENSIF;DC;10175;1;0;0;0;0;0;0;0;0;0;0;0;0;0;;;;;2009_2022;CONSTRUIT
0;;310575;VIEILLE-TOULOUSE;HAB;Maison Indiv;Conso ENAF;EXT;4207;1;0;0;0;0;0;0;0;0;0;0;0;0;0;;;;;2009_2022;CONSTRUIT
0;;310575;VIEILLE-TOULOUSE;HAB;Maison Indiv;Conso ENAF;EXT;4999;1;0;0;0;0;0;0;0;0;0;0;0;0;0;;;;;2009_2022;CONSTRUIT
0;;310575;VIEILLE-TOULOUSE;HAB;Maison Indiv;INTENSIF;DP;3698;1;0;0;0;0;0;0;0;0;0;0;0;0;0;;;;;2009_2022;CONSTRUIT
0;;310575;VIEILLE-TOULOUSE;HAB;Maison Indiv;Conso ENAF;EXT;5075;1;0;0;0;0;0;0;0;0;0;0;0;0;0;;;;;2009_2022;CONSTRUIT
0;;310575;VIEILLE-TOULOUSE;HAB;Maison Indiv;Conso ENAF;EXT;4940;1;0;0;0;0;0;0;0;0;0;0;0;0;0;;;;;2009_2022;CONSTRUIT
0;;310575;VIEILLE-TOULOUSE;HAB;Maison Indiv;INTENSIF;DP;4906;1;0;0;0;0;0;0;0;0;0;0;0;0;0;;;;;2009_2022;CONSTRUIT
0;;310575;VIEILLE-TOULOUSE;HAB;Maison Indiv;INTENSIF;DP;1442;1;0;0;0;0;0;0;0;0;0;0;0;0;0;;;;;2009_2022;CONSTRUIT
0;;310575;VIEILLE-TOULOUSE;HAB;Maison Indiv;Conso ENAF;EXT;9947;1;0;0;0;0;0;0;0;0;0;0;0;0;0;;;;;2009_2022;CONSTRUIT
0;;310575;VIEILLE-TOULOUSE;HAB;Maison Indiv;INTENSIF;DP;2551;1;0;0;0;0;0;0;0;0;0;0;0;0;0;;;;;2009_2022;CONSTRUIT
0;;310575;VIEILLE-TOULOUSE;HAB;Maison Indiv;INTENSIF;DP;2547;1;0;0;0;0;0;0;0;0;0;0;0;0;0;;;;;2009_2022;CONSTRUIT
0;;310575;VIEILLE-TOULOUSE;HAB;Maison Indiv;INTENSIF;DP;5256;1;0;0;0;0;0;0;0;0;0;0;0;0;0;;;;;2009_2022;CONSTRUIT
0;;310575;VIEILLE-TOULOUSE;HAB;Maison Indiv;INTENSIF;DP;2275;1;0;0;0;0;0;0;0;0;0;0;0;0;0;;;;;2009_2022;CONSTRUIT
0;;310575;VIEILLE-TOULOUSE;HAB;;INTENSIF;DP;2343;0;0;0;0;0;0;0;0;0;0;0;0;0;0;;;;;2009_2022;CONSTRUIT
0;;310575;VIEILLE-TOULOUSE;HAB;Maison Indiv;INTENSIF;DC;8079;1;0;0;0;0;0;0;0;0;0;0;0;0;0;;;;;2009_2022;CONSTRUIT
0;;310575;VIEILLE-TOULOUSE;HAB;Maison Indiv;INTENSIF;DP;1887;1;0;0;0;0;0;0;0;0;0;0;0;0;0;;;;;2009_2022;CONSTRUIT
0;;310575;VIEILLE-TOULOUSE;HAB;Maison Indiv;INTENSIF;DP;4757;1;0;0;0;0;0;0;0;0;0;0;0;0;0;;;;;2009_2022;CONSTRUIT
0;;310575;VIEILLE-TOULOUSE;HAB;;Conso ENAF;EXT;9951;2;0;0;0;0;0;0;0;0;0;0;0;0;0;;;;;2009_2022;CONSTRUIT
0;;310575;VIEILLE-TOULOUSE;HAB;Maison Indiv;INTENSIF;DC;2534;1;0;0;0;0;0;0;0;0;0;0;0;0;0;;;;;2009_2022;CONSTRUIT
0;;310575;VIEILLE-TOULOUSE;HAB;Maison Indiv;INTENSIF;DC;2409;1;0;0;0;0;0;0;0;0;0;0;0;0;0;;;;;2009_2022;CONSTRUIT
0;;310575;VIEILLE-TOULOUSE;HAB;Maison Indiv;INTENSIF;DP;3297;1;0;0;0;0;0;0;0;0;0;0;0;0;0;;;;;2009_2022;CONSTRUIT
0;;310575;VIEILLE-TOULOUSE;HAB;;Conso ENAF;EXT;2181;1;0;0;0;0;0;0;0;0;1;0;4;0;4;rue du Vallon;;Hectare;0;2009_2022;CONSTRUIT
0;;310575;VIEILLE-TOULOUSE;HAB;Maison Indiv;INTENSIF;DP;4881;1;0;0;0;0;0;0;0;0;0;0;0;0;0;;;;;2009_2022;CONSTRUIT
0;;310575;VIEILLE-TOULOUSE;HAB;Maison Indiv;Conso ENAF;EXT;3351;1;0;0;0;0;0;0;0;0;0;0;0;0;0;;;;;2009_2022;CONSTRUIT
0;;310575;VIEILLE-TOULOUSE;HAB;Maison Indiv;INTENSIF;DP;4810;1;0;0;0;0;0;0;0;0;0;0;0;0;0;;;;;2009_2022;CONSTRUIT
0;;310575;VIEILLE-TOULOUSE;HAB;Maison Indiv;INTENSIF;DC;2643;1;0;0;0;0;0;0;0;0;0;0;0;0;0;;;;;2009_2022;CONSTRUIT
0;;310575;VIEILLE-TOULOUSE;HAB;Maison Indiv;INTENSIF;DP;2304;1;0;0;0;0;0;0;0;0;0;0;0;0;0;;;;;2009_2022;CONSTRUIT
0;;310036;AUZIELLE;HAB;Maison Indiv;INTENSIF;DP;1898;1;0;0;0;0;0;0;0;0;0;0;0;0;0;;;;;2009_2022;CONSTRUIT
0;;310036;AUZIELLE;HAB;Maison Indiv;INTENSIF;DP;800;1;0;0;0;0;0;0;0;0;0;0;0;0;0;;;;;2009_2022;CONSTRUIT
0;;310036;AUZIELLE;HAB;Maison Indiv;INTENSIF;DP;934;1;0;0;0;0;0;0;0;0;0;0;0;0;0;;;;;2009_2022;CONSTRUIT
0;;310036;AUZIELLE;HAB;Maison Indiv;Conso ENAF;EXT;1050;1;0;0;0;0;0;0;0;0;0;0;0;0;0;;;;;2009_2022;CONSTRUIT
0;;310036;AUZIELLE;HAB;Maison Indiv;Conso ENAF;EXT;984;1;0;0;0;0;0;0;0;0;0;0;0;0;0;;;;;2009_2022;CONSTRUIT
0;;310036;AUZIELLE;HAB;Maison Indiv;INTENSIF;DP;1059;1;0;0;0;0;0;0;0;0;0;0;0;0;0;;;;;2009_2022;CONSTRUIT
0;;310036;AUZIELLE;HAB;Maison Indiv;Conso ENAF;EXT;964;1;0;0;0;0;0;0;0;0;0;0;0;0;0;;;;;2009_2022;CONSTRUIT
0;;310162;DONNEVILLE;HAB;Maison Indiv;INTENSIF;DP;1207;1;0;0;0;0;0;0;0;0;0;0;0;0;0;;;;;2009_2022;CONSTRUIT
0;;310162;DONNEVILLE;ACT;;Conso ENAF;EXT;4235;0;0;0;0;0;0;0;0;0;0;0;0;0;0;;;;;2009_2022;CONSTRUIT
0;;310162;DONNEVILLE;HAB;Maison Indiv;INTENSIF;DP;855;1;0;0;0;0;0;0;0;0;0;0;0;0;0;;;;;2009_2022;CONSTRUIT
0;;310162;DONNEVILLE;HAB;Maison Indiv;INTENSIF;DP;669;1;0;0;0;0;0;0;0;0;0;0;0;0;0;;;;;2009_2022;CONSTRUIT
0;;310162;DONNEVILLE;HAB;Maison Indiv;INTENSIF;DP;1302;1;0;0;0;0;0;0;0;0;0;0;0;0;0;;;;;2009_2022;CONSTRUIT
0;;310162;DONNEVILLE;HAB;Maison Indiv;INTENSIF;DP;1507;1;0;0;0;0;0;0;0;0;0;0;0;0;0;;;;;2009_2022;CONSTRUIT
0;;310162;DONNEVILLE;HAB;Maison Indiv;Conso ENAF;EXT;912;1;0;0;0;0;0;0;0;0;0;0;0;0;0;;;;;2009_2022;CONSTRUIT
0;;310162;DONNEVILLE;HAB;Maison Indiv;Conso ENAF;EXT;886;1;0;0;0;0;0;0;0;0;0;0;0;0;0;;;;;2009_2022;CONSTRUIT
0;;310162;DONNEVILLE;HAB;Maison Indiv;INTENSIF;DC;921;1;0;0;0;0;0;0;0;0;0;0;0;0;0;;;;;2009_2022;CONSTRUIT
0;;310162;DONNEVILLE;HAB;Maison Indiv;INTENSIF;DC;921;1;0;0;0;0;0;0;0;0;0;0;0;0;0;;;;;2009_2022;CONSTRUIT
0;;310162;DONNEVILLE;HAB;Maison Indiv;INTENSIF;DP;1276;1;0;0;0;0;0;0;0;0;0;0;0;0;0;;;;;2009_2022;CONSTRUIT
0;;310162;DONNEVILLE;HAB;Maison Indiv;INTENSIF;DP;917;1;0;0;0;0;0;0;0;0;0;0;0;0;0;;;;;2009_2022;CONSTRUIT
0;;310162;DONNEVILLE;HAB;Maison Indiv;INTENSIF;DP;1950;1;0;0;0;0;0;0;0;0;0;0;0;0;0;;;;;2009_2022;CONSTRUIT
0;;310162;DONNEVILLE;HAB;Maison Indiv;INTENSIF;DP;892;1;0;0;0;0;0;0;0;0;0;0;0;0;0;;;;;2009_2022;CONSTRUIT
0;;310162;DONNEVILLE;HAB;Maison Indiv;INTENSIF;DP;709;1;0;0;0;0;0;0;0;0;0;0;0;0;0;;;;;2009_2022;CONSTRUIT
0;;310162;DONNEVILLE;HAB;Maison Indiv;INTENSIF;DP;796;1;0;0;0;0;0;0;0;0;0;0;0;0;0;;;;;2009_2022;CONSTRUIT
0;;310448;REBIGUE;HAB;Maison Indiv;INTENSIF;DP;3106;1;0;0;0;0;0;0;0;0;0;0;0;0;0;;;;;2009_2022;CONSTRUIT
0;;310448;REBIGUE;HAB;Maison Indiv;INTENSIF;DP;1277;1;0;0;0;0;0;0;0;0;0;0;0;0;0;;;;;2009_2022;CONSTRUIT
0;;310448;REBIGUE;HAB;Maison Indiv;INTENSIF;DP;701;1;0;0;0;0;0;0;0;0;0;0;0;0;0;;;;;2009_2022;CONSTRUIT
0;;310448;REBIGUE;HAB;Maison Indiv;INTENSIF;DP;1114;1;0;0;0;0;0;0;0;0;0;0;0;0;0;;;;;2009_2022;CONSTRUIT
0;;310448;REBIGUE;HAB;Maison Indiv;INTENSIF;DP;3214;1;0;0;0;0;0;0;0;0;0;0;0;0;0;;;;;2009_2022;CONSTRUIT
0;;310448;REBIGUE;HAB;Maison Indiv;INTENSIF;DP;1406;1;0;0;0;0;0;0;0;0;0;0;0;0;0;;;;;2009_2022;CONSTRUIT
0;;310448;REBIGUE;HAB;Maison Indiv;Conso ENAF;EXT;1516;1;0;0;0;0;0;0;0;0;0;0;0;0;0;;;;;2009_2022;CONSTRUIT
0;;310448;REBIGUE;HAB;Maison Indiv;Conso ENAF;EXT;1694;1;0;0;0;0;0;0;0;0;0;0;0;0;0;;;;;2009_2022;CONSTRUIT
0;;310448;REBIGUE;HAB;Maison Indiv;Conso ENAF;EXT;616;1;0;0;0;0;0;0;0;0;0;0;0;0;0;;;;;2009_2022;CONSTRUIT
0;;310448;REBIGUE;HAB;Maison Indiv;INTENSIF;DP;923;1;0;0;0;0;0;0;0;0;0;0;0;0;0;;;;;2009_2022;CONSTRUIT
0;;310448;REBIGUE;HAB;Maison Indiv;INTENSIF;DP;1011;1;0;0;0;0;0;0;0;0;0;0;0;0;0;;;;;2009_2022;CONSTRUIT
0;;310448;REBIGUE;HAB;Maison Indiv;INTENSIF;DP;853;1;0;0;0;0;0;0;0;0;0;0;0;0;0;;;;;2009_2022;CONSTRUIT
0;;310448;REBIGUE;HAB;Maison Indiv;Conso ENAF;EXT;1775;1;0;0;0;0;0;0;0;0;0;0;0;0;0;;;;;2009_2022;CONSTRUIT
0;;310448;REBIGUE;HAB;Maison Indiv;INTENSIF;DP;1203;1;0;0;0;0;0;0;0;0;0;0;0;0;0;;;;;2009_2022;CONSTRUIT
0;;310448;REBIGUE;HAB;Maison Indiv;INTENSIF;DP;788;1;0;0;0;0;0;0;0;0;0;0;0;0;0;;;;;2009_2022;CONSTRUIT
0;;310448;REBIGUE;HAB;Maison Indiv;INTENSIF;DP;1050;1;0;0;0;0;0;0;0;0;0;0;0;0;0;;;;;2009_2022;CONSTRUIT
0;;310448;REBIGUE;HAB;Maison Indiv;INTENSIF;DP;680;1;0;0;0;0;0;0;0;0;0;0;0;0;0;;;;;2009_2022;CONSTRUIT
0;;310448;REBIGUE;HAB;Maison Indiv;INTENSIF;DP;567;1;0;0;0;0;0;0;0;0;0;0;0;0;0;;;;;2009_2022;CONSTRUIT
0;;310240;ISSUS;HAB;Maison Indiv;INTENSIF;DP;1225;1;0;0;0;0;0;0;0;0;0;0;0;0;0;;;;;2009_2022;CONSTRUIT
0;;310240;ISSUS;HAB;Maison Indiv;INTENSIF;DP;1173;1;0;0;0;0;0;0;0;0;0;0;0;0;0;;;;;2009_2022;CONSTRUIT
0;;310240;ISSUS;HAB;Maison Indiv;INTENSIF;DP;1058;1;0;0;0;0;0;0;0;0;0;0;0;0;0;;;;;2009_2022;CONSTRUIT
0;;310240;ISSUS;HAB;Maison Indiv;INTENSIF;DP;846;1;0;0;0;0;0;0;0;0;0;0;0;0;0;;;;;2009_2022;CONSTRUIT
0;;310240;ISSUS;ACT;;Conso ENAF;EXT;2779;0;0;0;0;0;0;0;0;0;0;0;0;0;0;;;;;2009_2022;CONSTRUIT
0;;310240;ISSUS;HAB;;INTENSIF;DP;1108;1;0;0;0;0;0;0;0;0;0;0;11;0;11;Panici;;SARL IMMO 2B CONCEPT;;2009_2022;CONSTRUIT
0;;310240;ISSUS;HAB;Maison Indiv;INTENSIF;DP;891;1;0;0;0;0;0;0;0;0;0;0;0;0;0;;;;;2009_2022;CONSTRUIT
0;;310240;ISSUS;HAB;Maison Indiv;INTENSIF;DP;1481;1;0;0;0;0;0;0;0;0;0;0;0;0;0;;;;;2009_2022;CONSTRUIT
0;;310429;POMPERTUZAT;HAB;Maison Indiv;INTENSIF;DP;2566;1;0;0;0;0;0;0;0;0;0;0;0;0;0;;;;;2009_2022;CONSTRUIT
0;;310429;POMPERTUZAT;HAB;Maison Indiv;Conso ENAF;EXT;2582;1;0;0;0;0;0;0;0;0;0;0;0;0;0;;;;;2009_2022;CONSTRUIT
0;;310429;POMPERTUZAT;HAB;Maison Indiv;Conso ENAF;EXT;2671;1;0;0;0;0;0;0;0;0;0;0;0;0;0;;;;;2009_2022;CONSTRUIT
0;;310429;POMPERTUZAT;HAB;Maison Indiv;INTENSIF;DP;1390;1;0;0;0;0;0;0;0;0;0;0;0;0;0;;;;;2009_2022;CONSTRUIT
0;;310429;POMPERTUZAT;HAB;Maison Indiv;INTENSIF;DP;1197;1;0;0;0;0;0;0;0;0;0;0;0;0;0;;;;;2009_2022;CONSTRUIT
0;;310429;POMPERTUZAT;HAB;Maison Indiv;INTENSIF;DP;1282;1;0;0;0;0;0;0;0;0;0;0;0;0;0;;;;;2009_2022;CONSTRUIT
0;;310429;POMPERTUZAT;HAB;Maison Indiv;Conso ENAF;EXT;1503;1;0;0;0;0;0;0;0;0;0;0;0;0;0;;;;;2009_2022;CONSTRUIT
0;;310429;POMPERTUZAT;HAB;Maison Indiv;Conso ENAF;EXT;1237;1;0;0;0;0;0;0;0;0;0;0;0;0;0;;;;;2009_2022;CONSTRUIT
0;;310429;POMPERTUZAT;HAB;Maison Indiv;INTENSIF;DP;153;1;0;0;0;0;0;0;0;0;0;0;0;0;0;;;;;2009_2022;CONSTRUIT
0;;310429;POMPERTUZAT;HAB;Maison Indiv;INTENSIF;DP;162;1;0;0;0;0;0;0;0;0;0;0;0;0;0;;;;;2009_2022;CONSTRUIT
0;;310429;POMPERTUZAT;HAB;Maison Indiv;INTENSIF;DP;164;1;0;0;0;0;0;0;0;0;0;0;0;0;0;;;;;2009_2022;CONSTRUIT
0;;310429;POMPERTUZAT;HAB;;Conso ENAF;EXT;9106;7;0;0;0;0;0;0;0;0;0;0;0;0;0;Clauts;oui;;;2009_2022;CONSTRUIT
0;;310429;POMPERTUZAT;HAB;;Conso ENAF;EXT;8750;9;0;0;0;0;0;0;0;0;0;0;0;0;0;Clauts;oui;;;2009_2022;CONSTRUIT
0;;310429;POMPERTUZAT;ACT;;Conso ENAF;EXT;911;0;0;0;0;0;0;0;0;0;0;0;0;0;0;;;;;2009_2022;CONSTRUIT
0;;310429;POMPERTUZAT;HAB;;INTENSIF;DP;7236;50;0;0;0;0;0;0;0;0;0;0;0;0;0;;oui;;;2009_2022;CONSTRUIT
0;;310429;POMPERTUZAT;ACT;;Conso ENAF;EXT;1348;0;0;0;0;0;0;0;0;0;0;0;0;0;0;;;;;2009_2022;CONSTRUIT
0;;310429;POMPERTUZAT;HAB;Maison Indiv;INTENSIF;DP;537;1;0;0;0;0;0;0;0;0;0;0;0;0;0;;;;;2009_2022;CONSTRUIT
0;;310568;VARENNES;HAB;Maison Indiv;Conso ENAF;EXT;2251;1;0;0;0;0;0;0;0;0;0;0;0;0;0;;;;;2009_2022;CONSTRUIT
0;;310568;VARENNES;HAB;;INTENSIF;DP;1371;4;0;0;0;0;0;0;0;0;4;0;0;0;4;Château;;Ramos;;2009_2022;CONSTRUIT
0;;310568;VARENNES;HAB;Maison Indiv;Conso ENAF;EXT;2503;1;0;0;0;0;0;0;0;0;0;0;0;0;0;;;;;2009_2022;CONSTRUIT
0;;310568;VARENNES;HAB;;Conso ENAF;EXT;2525;4;0;0;0;0;0;0;0;0;4;0;0;0;4;Château;oui;Ramos;;2009_2022;CONSTRUIT
0;;310568;VARENNES;HAB;;Conso ENAF;EXT;2553;4;0;0;0;0;0;0;0;0;4;0;0;0;4;Château;oui;Ramos;;2009_2022;CONSTRUIT
0;;310568;VARENNES;HAB;;Conso ENAF;EXT;3046;4;0;0;0;0;0;0;0;0;4;0;0;0;4;Château;oui;Ramos;;2009_2022;CONSTRUIT
0;;310568;VARENNES;HAB;;Conso ENAF;EXT;3297;4;0;0;0;0;0;0;0;0;4;0;0;0;4;Château;oui;Ramos;;2009_2022;CONSTRUIT
0;;310402;ODARS;HAB;Maison Indiv;INTENSIF;DP;1780;1;0;0;0;0;0;0;0;0;0;0;0;0;0;;;;;2009_2022;CONSTRUIT
0;;310402;ODARS;HAB;Maison Indiv;INTENSIF;DP;2429;1;0;0;0;0;0;0;0;0;0;0;0;0;0;;;;;2009_2022;CONSTRUIT
0;;310402;ODARS;HAB;Maison Indiv;INTENSIF;DP;2024;1;0;0;0;0;0;0;0;0;0;0;0;0;0;;;;;2009_2022;CONSTRUIT
0;;310402;ODARS;HAB;;INTENSIF;DC;5530;15;0;0;0;0;0;15;0;0;0;0;15;15;0;Chemin de Tournon;oui;;OPH31;2009_2022;CONSTRUIT
0;;310402;ODARS;HAB;Maison Indiv;Conso ENAF;EXT;2986;1;0;0;0;0;0;0;0;0;0;0;0;0;0;;;;;2009_2022;CONSTRUIT
0;;310402;ODARS;HAB;Maison Indiv;INTENSIF;DP;596;1;0;0;0;0;0;0;0;0;0;0;0;0;0;;;;;2009_2022;CONSTRUIT
0;;310402;ODARS;HAB;Maison Indiv;INTENSIF;DP;968;1;0;0;0;0;0;0;0;0;0;0;0;0;0;;;;;2009_2022;CONSTRUIT
0;;310402;ODARS;HAB;Maison Indiv;INTENSIF;DP;1702;1;0;0;0;0;0;0;0;0;0;0;0;0;0;;;;;2009_2022;CONSTRUIT
0;;310402;ODARS;HAB;Maison Indiv;Conso ENAF;EXT;2496;1;0;0;0;0;0;0;0;0;0;0;0;0;0;;;;;2009_2022;CONSTRUIT
0;;310402;ODARS;HAB;Maison Indiv;INTENSIF;DP;1447;1;0;0;0;0;0;0;0;0;0;0;0;0;0;;;;;2009_2022;CONSTRUIT
0;;310402;ODARS;HAB;Maison Indiv;Conso ENAF;EXT;1241;1;0;0;0;0;0;0;0;0;0;0;0;0;0;;;;;2009_2022;CONSTRUIT
0;;310402;ODARS;HAB;Maison Indiv;INTENSIF;DP;2279;1;0;0;0;0;0;0;0;0;0;0;0;0;0;;;;;2009_2022;CONSTRUIT
0;;310402;ODARS;HAB;Maison Indiv;INTENSIF;DP;1658;1;0;0;0;0;0;0;0;0;0;0;0;0;0;;;;;2009_2022;CONSTRUIT
0;;310402;ODARS;HAB;Maison Indiv;Conso ENAF;EXT;1284;1;0;0;0;0;0;0;0;0;0;0;0;0;0;;;;;2009_2022;CONSTRUIT
0;;310402;ODARS;HAB;Maison Indiv;Conso ENAF;EXT;1787;1;0;0;0;0;0;0;0;0;0;0;0;0;0;;;;;2009_2022;CONSTRUIT
0;;310402;ODARS;HAB;Maison Indiv;Conso ENAF;EXT;3131;1;0;0;0;0;0;0;0;0;0;0;0;0;0;;;;;2009_2022;CONSTRUIT
0;;310402;ODARS;HAB;Maison Indiv;Conso ENAF;EXT;2463;1;0;0;0;0;0;0;0;0;0;0;0;0;0;;;;;2009_2022;CONSTRUIT
0;;310402;ODARS;HAB;Maison Indiv;INTENSIF;DP;1487;1;0;0;0;0;0;0;0;0;0;0;0;0;0;;;;;2009_2022;CONSTRUIT
0;;310402;ODARS;HAB;Maison Indiv;INTENSIF;DC;1488;1;0;0;0;0;0;0;0;0;0;0;0;0;0;;;;;2009_2022;CONSTRUIT
0;;310402;ODARS;HAB;Maison Indiv;INTENSIF;DP;524;1;0;0;0;0;0;0;0;0;0;0;0;0;0;;;;;2009_2022;CONSTRUIT
0;;310402;ODARS;ACT;;Conso ENAF;EXT;2120;0;0;0;0;0;0;0;0;0;0;0;0;0;0;;;;;2009_2022;CONSTRUIT
0;;310401;NOUEILLES;HAB;;Conso ENAF;EXT;2064;1;0;0;0;0;0;0;0;0;0;0;0;0;0;La côte du château;;;;2009_2022;CONSTRUIT
0;;310401;NOUEILLES;HAB;;Conso ENAF;EXT;2026;1;0;0;0;0;0;0;0;0;0;0;0;0;0;La côte du château;;;;2009_2022;CONSTRUIT
0;;310401;NOUEILLES;HAB;Maison Indiv;INTENSIF;DP;1089;1;0;0;0;0;0;0;0;0;0;0;0;0;0;;;;;2009_2022;CONSTRUIT
0;;310401;NOUEILLES;HAB;Maison Indiv;INTENSIF;DC;1754;1;0;0;0;0;0;0;0;0;0;0;0;0;0;;;;;2009_2022;CONSTRUIT
0;;310401;NOUEILLES;HAB;Maison Indiv;INTENSIF;DP;1037;1;0;0;0;0;0;0;0;0;0;0;0;0;0;;;;;2009_2022;CONSTRUIT
0;;310401;NOUEILLES;HAB;Maison Indiv;INTENSIF;DP;703;1;0;0;0;0;0;0;0;0;0;0;0;0;0;;;;;2009_2022;CONSTRUIT
0;;310401;NOUEILLES;HAB;Maison Indiv;INTENSIF;DP;1264;1;0;0;0;0;0;0;0;0;0;0;0;0;0;;;;;2009_2022;CONSTRUIT
0;;310048;BAZIEGE;ACT;;Conso ENAF;EXT;1943;0;0;0;0;0;0;0;0;0;0;0;0;0;0;;;;;2009_2022;CONSTRUIT
0;;310048;BAZIEGE;HAB;Maison Indiv;INTENSIF;DC;2104;1;0;0;0;0;0;0;0;0;0;0;0;0;0;;;;;2009_2022;CONSTRUIT
0;;310048;BAZIEGE;HAB;Maison Indiv;Conso ENAF;EXT;3286;1;0;0;0;0;0;0;0;0;0;0;0;0;0;;;;;2009_2022;CONSTRUIT
0;;310048;BAZIEGE;ACT;;Conso ENAF;EXT;2379;0;0;0;0;0;0;0;0;0;0;0;0;0;0;;;;;2009_2022;CONSTRUIT
0;;310048;BAZIEGE;HAB;;INTENSIF;DP;448;1;0;0;0;0;0;0;0;0;0;0;0;0;0;;oui;;;2009_2022;CONSTRUIT
0;;310048;BAZIEGE;HAB;Maison Indiv;INTENSIF;DP;531;1;0;0;0;0;0;0;0;0;0;0;0;0;0;;;;;2009_2022;CONSTRUIT
0;;310048;BAZIEGE;HAB;Maison Indiv;INTENSIF;DP;798;1;0;0;0;0;0;0;0;0;0;0;0;0;0;;;;;2009_2022;CONSTRUIT
0;;310048;BAZIEGE;HAB;Maison Indiv;Conso ENAF;EXT;932;1;0;0;0;0;0;0;0;0;0;0;0;0;0;;;;;2009_2022;CONSTRUIT
0;;310048;BAZIEGE;HAB;Maison Indiv;Conso ENAF;EXT;926;1;0;0;0;0;0;0;0;0;0;0;0;0;0;;;;;2009_2022;CONSTRUIT
0;;310048;BAZIEGE;HAB;Maison Indiv;INTENSIF;DP;889;1;0;0;0;0;0;0;0;0;0;0;0;0;0;;;;;2009_2022;CONSTRUIT
0;;310048;BAZIEGE;HAB;Maison Indiv;INTENSIF;DP;615;1;0;0;0;0;0;0;0;0;0;0;0;0;0;;;;;2009_2022;CONSTRUIT
0;;310048;BAZIEGE;HAB;Maison Indiv;INTENSIF;DP;668;1;0;0;0;0;0;0;0;0;0;0;0;0;0;;;;;2009_2022;CONSTRUIT
0;;310048;BAZIEGE;HAB;Maison Indiv;Conso ENAF;EXT;747;1;0;0;0;0;0;0;0;0;0;0;0;0;0;;oui;;;2009_2022;CONSTRUIT
0;;310048;BAZIEGE;HAB;Maison Indiv;INTENSIF;DC;1079;1;0;0;0;0;0;0;0;0;0;0;0;0;0;;;;;2009_2022;CONSTRUIT
0;;310048;BAZIEGE;HAB;Maison Indiv;INTENSIF;DC;1118;1;0;0;0;0;0;0;0;0;0;0;0;0;0;;;;;2009_2022;CONSTRUIT
0;;310048;BAZIEGE;HAB;Maison Indiv;Conso ENAF;EXT;784;1;0;0;0;0;0;0;0;0;0;0;0;0;0;;;;;2009_2022;CONSTRUIT
0;;310048;BAZIEGE;HAB;Maison Indiv;INTENSIF;DP;772;1;0;0;0;0;0;0;0;0;0;0;0;0;0;;;;;2009_2022;CONSTRUIT
0;;310048;BAZIEGE;HAB;Maison Indiv;Conso ENAF;EXT;481;1;0;0;0;0;0;0;0;0;0;0;0;0;0;;;;;2009_2022;CONSTRUIT
0;;310048;BAZIEGE;HAB;Maison Indiv;INTENSIF;DP;586;1;0;0;0;0;0;0;0;0;0;0;0;0;0;;;;;2009_2022;CONSTRUIT
0;;310048;BAZIEGE;HAB;Maison Indiv;Conso ENAF;EXT;525;1;0;0;0;0;0;0;0;0;0;0;0;0;0;;oui;;;2009_2022;CONSTRUIT
0;;310048;BAZIEGE;HAB;;INTENSIF;DP;789;1;0;0;0;0;0;0;0;0;0;0;0;0;0;;;;;2009_2022;CONSTRUIT
0;;310048;BAZIEGE;HAB;Maison Indiv;INTENSIF;DP;631;1;0;0;0;0;0;0;0;0;0;0;0;0;0;;;;;2009_2022;CONSTRUIT
0;;310048;BAZIEGE;HAB;Maison Indiv;INTENSIF;DP;539;1;0;0;0;0;0;0;0;0;0;0;0;0;0;;;;;2009_2022;CONSTRUIT
0;;310048;BAZIEGE;HAB;Maison Indiv;INTENSIF;DP;369;1;0;0;0;0;0;0;0;0;0;0;0;0;0;;;;;2009_2022;CONSTRUIT
0;;310048;BAZIEGE;HAB;Maison Indiv;INTENSIF;DC;398;1;0;0;0;0;0;0;0;0;0;0;0;0;0;;;;;2009_2022;CONSTRUIT
0;;310048;BAZIEGE;HAB;Maison Indiv;INTENSIF;DP;343;1;0;0;0;0;0;0;0;0;0;0;0;0;0;;;;;2009_2022;CONSTRUIT
0;;310048;BAZIEGE;HAB;Maison Indiv;INTENSIF;DP;591;1;0;0;0;0;0;0;0;0;0;0;0;0;0;;;;;2009_2022;CONSTRUIT
0;;310048;BAZIEGE;HAB;Maison Indiv;INTENSIF;RU;1530;1;0;0;0;0;0;0;0;0;0;0;0;0;0;;;;;2009_2022;CONSTRUIT
0;;310048;BAZIEGE;HAB;Maison Indiv;INTENSIF;DP;740;1;0;0;0;0;0;0;0;0;0;0;0;0;0;;;;;2009_2022;CONSTRUIT
0;;310048;BAZIEGE;HAB;;Conso ENAF;EXT;6250;83;0;0;0;0;0;18;0;25;40;0;0;0;0;Borde Blanche 1;oui;Procivis;Patrimoine;2009_2022;CONSTRUIT
0;;310048;BAZIEGE;HAB;Maison Indiv;Conso ENAF;EXT;32;1;0;0;0;0;0;0;0;0;0;0;0;0;0;;oui;;;2009_2022;CONSTRUIT
0;;310048;BAZIEGE;HAB;Maison Indiv;INTENSIF;DP;505;1;0;0;0;0;0;0;0;0;0;0;0;0;0;;;;;2009_2022;CONSTRUIT
0;;310048;BAZIEGE;HAB;Maison Indiv;INTENSIF;DP;809;1;0;0;0;0;0;0;0;0;0;0;0;0;0;;;;;2009_2022;CONSTRUIT
0;;310048;BAZIEGE;HAB;Maison Indiv;INTENSIF;DP;612;1;0;0;0;0;0;0;0;0;0;0;0;0;0;;;;;2009_2022;CONSTRUIT
0;;310048;BAZIEGE;HAB;;INTENSIF;DC;709;1;0;0;0;0;0;0;0;0;0;0;0;0;0;;;;;2009_2022;CONSTRUIT
0;;310048;BAZIEGE;HAB;;INTENSIF;DC;1431;3;0;0;0;0;0;0;0;0;0;0;0;0;0;;oui;;;2009_2022;CONSTRUIT
0;;310048;BAZIEGE;HAB;Maison Indiv;INTENSIF;DP;1011;1;0;0;0;0;0;0;0;0;0;0;0;0;0;;;;;2009_2022;CONSTRUIT
0;;310048;BAZIEGE;HAB;Maison Indiv;INTENSIF;DP;412;1;0;0;0;0;0;0;0;0;0;0;0;0;0;;;;;2009_2022;CONSTRUIT
0;;310048;BAZIEGE;ACT;;Conso ENAF;EXT;391293;0;0;0;0;0;0;0;0;0;0;0;0;0;0;;;;;INC;AU_OAP
0;;310048;BAZIEGE;HAB;Maison Indiv;INTENSIF;DP;1279;1;0;0;0;0;0;0;0;0;0;0;0;0;0;;;;;2009_2022;CONSTRUIT
0;;310048;BAZIEGE;HAB;Maison Indiv;INTENSIF;DP;1080;1;0;0;0;0;0;0;0;0;0;0;0;0;0;;;;;2009_2022;CONSTRUIT
0;;310048;BAZIEGE;HAB;Maison Indiv;Conso ENAF;EXT;1232;1;0;0;0;0;0;0;0;0;0;0;0;0;0;;;;;2009_2022;CONSTRUIT
0;;310048;BAZIEGE;HAB;Maison Indiv;Conso ENAF;EXT;1010;1;0;0;0;0;0;0;0;0;0;0;0;0;0;;;;;2009_2022;CONSTRUIT
0;;310048;BAZIEGE;HAB;;Conso ENAF;EXT;1266;0;0;0;0;0;0;0;0;0;0;0;0;0;0;;;;;INC;PC
0;;310048;BAZIEGE;HAB;Maison Indiv;Conso ENAF;EXT;1249;1;0;0;0;0;0;0;0;0;0;0;0;0;0;;;;;2009_2022;CONSTRUIT
0;;310048;BAZIEGE;EQUIP;;Conso ENAF;EXT;3687;0;0;0;0;0;0;0;0;0;0;0;0;0;0;;;;;2009_2022;CONSTRUIT
0;;310048;BAZIEGE;HAB;;Conso ENAF;EXT;2809;0;0;0;0;0;0;0;0;0;0;0;0;0;0;;;;;INC;PC
0;;310048;BAZIEGE;HAB;Maison Indiv;INTENSIF;DP;490;1;0;0;0;0;0;0;0;0;0;0;0;0;0;;;;;2009_2022;CONSTRUIT
0;;310048;BAZIEGE;HAB;Maison Indiv;INTENSIF;DP;537;1;0;0;0;0;0;0;0;0;0;0;0;0;0;;;;;2009_2022;CONSTRUIT
0;;310048;BAZIEGE;HAB;Maison Indiv;INTENSIF;DP;268;1;0;0;0;0;0;0;0;0;0;0;0;0;0;;;;;2009_2022;CONSTRUIT
0;;310048;BAZIEGE;HAB;Maison Indiv;INTENSIF;DP;598;1;0;0;0;0;0;0;0;0;0;0;0;0;0;;;;;2009_2022;CONSTRUIT
0;;310384;MONTLAUR;ACT;;Conso ENAF;EXT;1313;0;0;0;0;0;0;0;0;0;0;0;0;0;0;;;;;2009_2022;CONSTRUIT
0;;310384;MONTLAUR;ACT;;Conso ENAF;EXT;7189;0;0;0;0;0;0;0;0;0;0;0;0;0;0;;;;;2009_2022;CONSTRUIT
0;;310384;MONTLAUR;ACT;;Conso ENAF;EXT;2924;0;0;0;0;0;0;0;0;0;0;0;0;0;0;;;;;2009_2022;CONSTRUIT
0;;310446;RAMONVILLE-ST-AGNE;HAB;Maison Indiv;INTENSIF;DP;608;1;0;0;0;0;0;0;0;0;0;0;0;0;0;;;;;2009_2022;CONSTRUIT
0;;310446;RAMONVILLE-ST-AGNE;HAB;Maison Indiv;INTENSIF;DC;714;1;0;0;0;0;0;0;0;0;0;0;0;0;0;;;;;2009_2022;CONSTRUIT
0;;310446;RAMONVILLE-ST-AGNE;HAB;Maison Indiv;INTENSIF;DC;507;1;0;0;0;0;0;0;0;0;0;0;0;0;0;;;;;2009_2022;CONSTRUIT
0;;310446;RAMONVILLE-ST-AGNE;HAB;Maison Indiv;INTENSIF;DC;650;1;0;0;0;0;0;0;0;0;0;0;0;0;0;;;;;2009_2022;CONSTRUIT
0;;310446;RAMONVILLE-ST-AGNE;HAB;Maison Indiv;INTENSIF;DP;568;1;0;0;0;0;0;0;0;0;0;0;0;0;0;;;;;2009_2022;CONSTRUIT
0;;310446;RAMONVILLE-ST-AGNE;HAB;Maison Indiv;INTENSIF;DP;356;1;0;0;0;0;0;0;0;0;0;0;0;0;0;;;;;2009_2022;CONSTRUIT
0;;310446;RAMONVILLE-ST-AGNE;HAB;Maison Indiv;INTENSIF;DP;486;1;0;0;0;0;0;0;0;0;0;0;0;0;0;;;;;2009_2022;CONSTRUIT
0;;310446;RAMONVILLE-ST-AGNE;HAB;Maison Indiv;INTENSIF;DP;841;1;0;0;0;0;0;0;0;0;0;0;0;0;0;;;;;2009_2022;CONSTRUIT
0;;310446;RAMONVILLE-ST-AGNE;HAB;Maison Indiv;INTENSIF;DP;1031;1;0;0;0;0;0;0;0;0;0;0;0;0;0;;;;;2009_2022;CONSTRUIT
0;;310446;RAMONVILLE-ST-AGNE;ACT;;INTENSIF;DP;954;0;0;0;0;0;0;0;0;0;0;0;0;0;0;;;;;2009_2022;CONSTRUIT
0;;310446;RAMONVILLE-ST-AGNE;HAB;Maison Indiv;INTENSIF;DP;900;1;0;0;0;0;0;0;0;0;0;0;0;0;0;;;;;2009_2022;CONSTRUIT
0;;310446;RAMONVILLE-ST-AGNE;ACT;Maison Indiv;INTENSIF;DP;297;1;0;0;0;0;0;0;0;0;0;0;0;0;0;;;;;2009_2022;CONSTRUIT
0;;310446;RAMONVILLE-ST-AGNE;ACT;;INTENSIF;DP;1082;0;0;0;0;0;0;0;0;0;0;0;0;0;0;;;;;2009_2022;CONSTRUIT
0;;310446;RAMONVILLE-ST-AGNE;HAB;Maison Indiv;INTENSIF;DP;728;1;0;0;0;0;0;0;0;0;0;0;0;0;0;;;;;2009_2022;CONSTRUIT
0;;310446;RAMONVILLE-ST-AGNE;HAB;Maison Indiv;INTENSIF;DP;396;1;0;0;0;0;0;0;0;0;0;0;0;0;0;;;;;2009_2022;CONSTRUIT
0;;310446;RAMONVILLE-ST-AGNE;HAB;Maison Indiv;INTENSIF;DP;743;1;0;0;0;0;0;0;0;0;0;0;0;0;0;;;;;2009_2022;CONSTRUIT
0;;310446;RAMONVILLE-ST-AGNE;HAB;Maison Indiv;INTENSIF;DP;560;1;0;0;0;0;0;0;0;0;0;0;0;0;0;;;;;2009_2022;CONSTRUIT
0;;310446;RAMONVILLE-ST-AGNE;HAB;Maison Indiv;INTENSIF;DP;1268;1;0;0;0;0;0;0;0;0;0;0;0;0;0;;;;;2009_2022;CONSTRUIT
0;;310446;RAMONVILLE-ST-AGNE;HAB;Maison Indiv;INTENSIF;DP;437;1;0;0;0;0;0;0;0;0;0;0;0;0;0;;;;;2009_2022;CONSTRUIT
0;;310446;RAMONVILLE-ST-AGNE;HAB;;INTENSIF;RU;871;22;0;0;0;0;0;5;0;3;14;22;0;0;0;Plaza Florio;oui;Acantys;0;2009_2022;CONSTRUIT
0;;310446;RAMONVILLE-ST-AGNE;ACT;;INTENSIF;RU;7654;0;0;0;0;0;0;0;0;0;0;0;0;0;0;;;;;2009_2022;CONSTRUIT
0;;310446;RAMONVILLE-ST-AGNE;ACT;;INTENSIF;RU;2801;0;0;0;0;0;0;0;0;0;0;0;0;0;0;;;;;2009_2022;CONSTRUIT
0;;310446;RAMONVILLE-ST-AGNE;HAB;Maison Indiv;INTENSIF;DC;566;1;0;0;0;0;0;0;0;0;0;0;0;0;0;;;;;2009_2022;CONSTRUIT
0;;310446;RAMONVILLE-ST-AGNE;HAB;;INTENSIF;DP;405;10;0;0;0;0;0;2;0;2;6;9;10;2;8;Le communal;oui;Odile Marty;0;2009_2022;CONSTRUIT
0;;310409;PECHABOU;HAB;Maison Indiv;INTENSIF;DP;820;1;0;0;0;0;0;0;0;0;0;0;0;0;0;;;;;2009_2022;CONSTRUIT
0;;310409;PECHABOU;HAB;;INTENSIF;DC;1000;1;0;0;0;0;0;0;0;0;0;0;0;0;0;;;;;2009_2022;CONSTRUIT
0;;310409;PECHABOU;HAB;;Conso ENAF;EXT;1094;19;0;0;0;0;0;0;0;0;0;0;0;0;0;;;;;2009_2022;CONSTRUIT
0;;310409;PECHABOU;HAB;Maison Indiv;INTENSIF;DP;738;1;0;0;0;0;0;0;0;0;0;0;0;0;0;;;;;2009_2022;CONSTRUIT
0;;310409;PECHABOU;HAB;;Conso ENAF;EXT;802;1;0;0;0;0;0;0;0;0;0;0;0;0;0;;;;;2009_2022;CONSTRUIT
0;;310409;PECHABOU;HAB;Maison Indiv;INTENSIF;DP;1425;1;0;0;0;0;0;0;0;0;0;0;0;0;0;;;;;2009_2022;CONSTRUIT
0;;310409;PECHABOU;HAB;Maison Indiv;Conso ENAF;EXT;1295;1;0;0;0;0;0;0;0;0;0;0;0;0;0;;;;;2009_2022;CONSTRUIT
0;;310409;PECHABOU;HAB;Maison Indiv;INTENSIF;DP;2077;1;0;0;0;0;0;0;0;0;0;0;0;0;0;;;;;2009_2022;CONSTRUIT
0;;310409;PECHABOU;HAB;Maison Indiv;Conso ENAF;EXT;1542;1;0;0;0;0;0;0;0;0;0;0;0;0;0;;;;;2009_2022;CONSTRUIT
0;;310409;PECHABOU;HAB;;INTENSIF;DP;3085;17;0;0;0;0;0;0;0;0;17;17;0;0;0;La Dansière;oui;0;0;2009_2022;CONSTRUIT
0;;310409;PECHABOU;HAB;Maison Indiv;INTENSIF;DP;728;1;0;0;0;0;0;0;0;0;0;0;0;0;0;;;;;2009_2022;CONSTRUIT
0;;310409;PECHABOU;HAB;Maison Indiv;INTENSIF;DP;561;1;0;0;0;0;0;0;0;0;0;0;0;0;0;;;;;2009_2022;CONSTRUIT
0;;310409;PECHABOU;HAB;Maison Indiv;INTENSIF;DP;1518;1;0;0;0;0;0;0;0;0;0;0;0;0;0;;;;;2009_2022;CONSTRUIT
0;;310409;PECHABOU;HAB;;INTENSIF;DP;1215;1;0;0;0;0;0;0;0;0;0;0;0;0;0;;;;;2009_2022;CONSTRUIT
0;;310409;PECHABOU;HAB;Maison Indiv;INTENSIF;DP;698;1;0;0;0;0;0;0;0;0;0;0;0;0;0;;;;;2009_2022;CONSTRUIT
0;;310409;PECHABOU;HAB;Maison Indiv;INTENSIF;DP;946;1;0;0;0;0;0;0;0;0;0;0;0;0;0;;;;;2009_2022;CONSTRUIT
0;;310409;PECHABOU;HAB;Maison Indiv;INTENSIF;DC;998;1;0;0;0;0;0;0;0;0;0;0;0;0;0;;;;;2009_2022;CONSTRUIT
0;;310409;PECHABOU;HAB;Maison Indiv;Conso ENAF;EXT;4230;1;0;0;0;0;0;0;0;0;0;0;0;0;0;;;;;2009_2022;CONSTRUIT
0;;310409;PECHABOU;HAB;Maison Indiv;INTENSIF;DP;434;1;0;0;0;0;0;0;0;0;0;0;0;0;0;;;;;2009_2022;CONSTRUIT
0;;310409;PECHABOU;HAB;;Conso ENAF;EXT;3340;3;0;0;0;0;0;0;0;0;0;0;0;0;0;;;;;2009_2022;CONSTRUIT
0;;310409;PECHABOU;HAB;Maison Indiv;INTENSIF;DP;592;1;0;0;0;0;0;0;0;0;0;0;0;0;0;;;;;2009_2022;CONSTRUIT
0;;310409;PECHABOU;HAB;Maison Indiv;Conso ENAF;EXT;1300;1;0;0;0;0;0;0;0;0;0;0;0;0;0;;;;;2009_2022;CONSTRUIT
0;;310409;PECHABOU;HAB;Maison Indiv;INTENSIF;DP;799;1;0;0;0;0;0;0;0;0;0;0;0;0;0;;;;;2009_2022;CONSTRUIT
0;;310409;PECHABOU;HAB;Maison Indiv;INTENSIF;DP;403;1;0;0;0;0;0;0;0;0;0;0;0;0;0;;;;;2009_2022;CONSTRUIT
0;;310409;PECHABOU;HAB;Maison Indiv;INTENSIF;DP;335;1;0;0;0;0;0;0;0;0;0;0;0;0;0;;;;;2009_2022;CONSTRUIT
0;;310409;PECHABOU;HAB;Maison Indiv;INTENSIF;DP;317;1;0;0;0;0;0;0;0;0;0;0;0;0;0;;;;;2009_2022;CONSTRUIT
0;;310409;PECHABOU;ACT;;INTENSIF;DP;2224;0;0;0;0;0;0;0;0;0;0;0;0;0;0;;;;;2009_2022;CONSTRUIT
0;;310409;PECHABOU;HAB;;INTENSIF;DP;1183;1;0;0;0;0;0;0;0;0;0;0;0;0;0;;;;;2009_2022;CONSTRUIT
0;;310409;PECHABOU;HAB;Maison Indiv;INTENSIF;DP;401;1;0;0;0;0;0;0;0;0;0;0;0;0;0;;;;;2009_2022;CONSTRUIT
0;;310409;PECHABOU;HAB;Maison Indiv;INTENSIF;DP;757;1;0;0;0;0;0;0;0;0;0;0;0;0;0;;;;;2009_2022;CONSTRUIT
0;;310409;PECHABOU;HAB;Maison Indiv;INTENSIF;DP;770;1;0;0;0;0;0;0;0;0;0;0;0;0;0;;;;;2009_2022;CONSTRUIT
0;;310409;PECHABOU;HAB;Maison Indiv;INTENSIF;DP;1472;1;0;0;0;0;0;0;0;0;0;0;0;0;0;;;;;2009_2022;CONSTRUIT
0;;310409;PECHABOU;HAB;Maison Indiv;INTENSIF;DP;968;1;0;0;0;0;0;0;0;0;0;0;0;0;0;;;;;2009_2022;CONSTRUIT
0;;310113;CASTANET-TOLOSAN;HAB;;INTENSIF;RU;2967;33;0;0;0;0;0;0;0;0;33;33;0;0;0;En apparté;oui;Eiffage;0;2009_2022;CONSTRUIT
0;;310113;CASTANET-TOLOSAN;HAB;Maison Indiv;INTENSIF;DP;502;1;0;0;0;0;0;0;0;0;0;0;0;0;0;;;;;2009_2022;CONSTRUIT
0;;310113;CASTANET-TOLOSAN;HAB;;INTENSIF;RU;6116;61;0;0;0;0;0;11;0;0;50;61;0;0;0;Villa Montebello 3;oui;Fonta;Cité Jardins;2009_2022;CONSTRUIT
0;;310113;CASTANET-TOLOSAN;HAB;;INTENSIF;RU;3020;35;0;0;0;0;0;0;0;0;35;35;0;0;0;Le Castanea;oui;Monné Decroix;;2009_2022;CONSTRUIT
0;;310113;CASTANET-TOLOSAN;HAB;Maison Indiv;INTENSIF;DP;517;1;0;0;0;0;0;0;0;0;0;0;0;0;0;;;;;2009_2022;CONSTRUIT
0;;310113;CASTANET-TOLOSAN;HAB;Maison Indiv;INTENSIF;DP;633;1;0;0;0;0;0;0;0;0;0;0;0;0;0;;;;;2009_2022;CONSTRUIT
0;;310113;CASTANET-TOLOSAN;HAB;Maison Indiv;INTENSIF;DP;500;1;0;0;0;0;0;0;0;0;0;0;0;0;0;;;;;2009_2022;CONSTRUIT
0;;310113;CASTANET-TOLOSAN;HAB;Maison Indiv;INTENSIF;DP;546;1;0;0;0;0;0;0;0;0;0;0;0;0;0;;;;;2009_2022;CONSTRUIT
0;;310113;CASTANET-TOLOSAN;HAB;Maison Indiv;INTENSIF;DP;670;1;0;0;0;0;0;0;0;0;0;0;0;0;0;;;;;2009_2022;CONSTRUIT
0;;310113;CASTANET-TOLOSAN;HAB;Maison Indiv;INTENSIF;DP;472;1;0;0;0;0;0;0;0;0;0;0;0;0;0;;;;;2009_2022;CONSTRUIT
0;;310113;CASTANET-TOLOSAN;HAB;Maison Indiv;INTENSIF;DP;502;1;0;0;0;0;0;0;0;0;0;0;0;0;0;;;;;2009_2022;CONSTRUIT
0;;310113;CASTANET-TOLOSAN;HAB;Maison Indiv;INTENSIF;DP;1179;1;0;0;0;0;0;0;0;0;0;0;0;0;0;;;;;2009_2022;CONSTRUIT
0;;310113;CASTANET-TOLOSAN;HAB;;INTENSIF;DC;7695;81;0;0;0;0;0;0;0;0;0;0;0;0;0;;oui;;;2009_2022;CONSTRUIT
0;;310113;CASTANET-TOLOSAN;HAB;Maison Indiv;INTENSIF;DP;498;1;0;0;0;0;0;0;0;0;0;0;0;0;0;;;;;2009_2022;CONSTRUIT
0;;310113;CASTANET-TOLOSAN;HAB;Maison Indiv;INTENSIF;DP;317;1;0;0;0;0;0;0;0;0;0;0;0;0;0;;;;;2009_2022;CONSTRUIT
0;;310113;CASTANET-TOLOSAN;HAB;;INTENSIF;RU;2130;51;0;0;0;0;0;9;0;0;42;51;0;0;0;Villa Carlotta;oui;Fonta;Cité Jardins;2009_2022;CONSTRUIT
0;;310113;CASTANET-TOLOSAN;HAB;Maison Indiv;INTENSIF;DP;297;1;0;0;0;0;0;0;0;0;0;0;0;0;0;;;;;2009_2022;CONSTRUIT
0;;310113;CASTANET-TOLOSAN;HAB;;INTENSIF;DP;2497;43;0;0;0;0;0;7;0;0;36;0;0;0;0;Les terrasses Modigliani;oui;BC Promotion;Cité Jardins;2009_2022;CONSTRUIT
0;;310113;CASTANET-TOLOSAN;HAB;Maison Indiv;INTENSIF;DP;438;1;0;0;0;0;0;0;0;0;0;0;0;0;0;;;;;2009_2022;CONSTRUIT
0;;310113;CASTANET-TOLOSAN;HAB;Maison Indiv;INTENSIF;DP;305;1;0;0;0;0;0;0;0;0;0;0;0;0;0;;;;;2009_2022;CONSTRUIT
0;;310113;CASTANET-TOLOSAN;HAB;;INTENSIF;RU;912;19;0;0;0;0;0;0;0;0;19;19;0;0;0;Portes du Lauragais;oui;Kaufman et Broad;0;2009_2022;CONSTRUIT
0;;310113;CASTANET-TOLOSAN;HAB;Maison Indiv;INTENSIF;DP;783;1;0;0;0;0;0;0;0;0;0;0;0;0;0;;;;;2009_2022;CONSTRUIT
0;;310113;CASTANET-TOLOSAN;HAB;;INTENSIF;DP;3258;83;0;0;0;0;0;12;83;0;71;83;0;0;0;Senioriales;oui;Vinci;Cité Jardins;2009_2022;CONSTRUIT
0;;310113;CASTANET-TOLOSAN;HAB;Maison Indiv;INTENSIF;DP;782;1;0;0;0;0;0;0;0;0;0;0;0;0;0;;;;;2009_2022;CONSTRUIT
0;;310113;CASTANET-TOLOSAN;HAB;Maison Indiv;INTENSIF;DP;493;1;0;0;0;0;0;0;0;0;0;0;0;0;0;;;;;2009_2022;CONSTRUIT
0;;310113;CASTANET-TOLOSAN;HAB;Maison Indiv;INTENSIF;DP;769;1;0;0;0;0;0;0;0;0;0;0;0;0;0;;;;;2009_2022;CONSTRUIT
0;;310113;CASTANET-TOLOSAN;HAB;;INTENSIF;DP;1120;1;0;0;0;0;0;0;0;0;1;0;0;0;0;;;;;2009_2022;CONSTRUIT
0;;310113;CASTANET-TOLOSAN;HAB;;INTENSIF;DP;814;2;0;0;0;0;0;0;0;0;0;0;0;0;0;;;;;2009_2022;CONSTRUIT
0;;310113;CASTANET-TOLOSAN;HAB;Maison Indiv;INTENSIF;DP;994;1;0;0;0;0;0;0;0;0;0;0;0;0;0;;;;;2009_2022;CONSTRUIT
0;;310113;CASTANET-TOLOSAN;HAB;Maison Indiv;INTENSIF;DP;1649;1;0;0;0;0;0;0;0;0;0;0;0;0;0;;;;;2009_2022;CONSTRUIT
0;;310113;CASTANET-TOLOSAN;HAB;Maison Indiv;INTENSIF;DP;1497;1;0;0;0;0;0;0;0;0;0;0;0;0;0;;;;;2009_2022;CONSTRUIT
0;;310113;CASTANET-TOLOSAN;HAB;Maison Indiv;Conso ENAF;EXT;2503;1;0;0;0;0;0;0;0;0;0;0;0;0;0;;;;;2009_2022;CONSTRUIT
0;;310113;CASTANET-TOLOSAN;HAB;Maison Indiv;INTENSIF;DC;1243;1;0;0;0;0;0;0;0;0;0;0;0;0;0;;;;;2009_2022;CONSTRUIT
0;;310113;CASTANET-TOLOSAN;HAB;Maison Indiv;Conso ENAF;EXT;1842;1;0;0;0;0;0;0;0;0;0;0;0;0;0;;;;;2009_2022;CONSTRUIT
0;;310113;CASTANET-TOLOSAN;HAB;Maison Indiv;INTENSIF;DP;1515;1;0;0;0;0;0;0;0;0;0;0;0;0;0;;;;;2009_2022;CONSTRUIT
0;;310113;CASTANET-TOLOSAN;HAB;Maison Indiv;Conso ENAF;EXT;2488;1;0;0;0;0;0;0;0;0;0;0;0;0;0;;;;;2009_2022;CONSTRUIT
0;;310113;CASTANET-TOLOSAN;HAB;Maison Indiv;Conso ENAF;EXT;2507;1;0;0;0;0;0;0;0;0;0;0;0;0;0;;;;;2009_2022;CONSTRUIT
0;;310113;CASTANET-TOLOSAN;HAB;Maison Indiv;INTENSIF;DC;2151;1;0;0;0;0;0;0;0;0;0;0;0;0;0;;;;;2009_2022;CONSTRUIT
0;;310113;CASTANET-TOLOSAN;HAB;Maison Indiv;INTENSIF;DP;1675;1;0;0;0;0;0;0;0;0;0;0;0;0;0;;;;;2009_2022;CONSTRUIT
0;;310113;CASTANET-TOLOSAN;HAB;Maison Indiv;Conso ENAF;EXT;1965;1;0;0;0;0;0;0;0;0;0;0;0;0;0;;;;;2009_2022;CONSTRUIT
0;;310113;CASTANET-TOLOSAN;HAB;Maison Indiv;INTENSIF;DP;1875;1;0;0;0;0;0;0;0;0;0;0;0;0;0;;;;;2009_2022;CONSTRUIT
0;;310113;CASTANET-TOLOSAN;HAB;Maison Indiv;Conso ENAF;EXT;2155;1;0;0;0;0;0;0;0;0;0;0;0;0;0;;;;;2009_2022;CONSTRUIT
0;;310113;CASTANET-TOLOSAN;HAB;Maison Indiv;INTENSIF;DP;2530;2;0;0;0;0;0;0;0;0;0;0;0;0;0;;;;;2009_2022;CONSTRUIT
0;;310113;CASTANET-TOLOSAN;HAB;Maison Indiv;INTENSIF;DC;2150;1;0;0;0;0;0;0;0;0;0;0;0;0;0;;;;;2009_2022;CONSTRUIT
0;;310113;CASTANET-TOLOSAN;HAB;Maison Indiv;Conso ENAF;EXT;2587;1;0;0;0;0;0;0;0;0;0;0;0;0;0;;;;;2009_2022;CONSTRUIT
0;;310113;CASTANET-TOLOSAN;HAB;Maison Indiv;INTENSIF;DC;1009;1;0;0;0;0;0;0;0;0;0;0;0;0;0;;;;;2009_2022;CONSTRUIT
0;;310113;CASTANET-TOLOSAN;HAB;Maison Indiv;INTENSIF;DP;802;1;0;0;0;0;0;0;0;0;0;0;0;0;0;;;;;2009_2022;CONSTRUIT
0;;310113;CASTANET-TOLOSAN;HAB;Maison Indiv;INTENSIF;DP;1380;1;0;0;0;0;0;0;0;0;0;0;0;0;0;;;;;2009_2022;CONSTRUIT
0;;310113;CASTANET-TOLOSAN;HAB;Maison Indiv;Conso ENAF;EXT;3956;1;0;0;0;0;0;0;0;0;0;0;0;0;0;;;;;2009_2022;CONSTRUIT
0;;310113;CASTANET-TOLOSAN;HAB;Maison Indiv;INTENSIF;DP;925;1;0;0;0;0;0;0;0;0;0;0;0;0;0;;;;;2009_2022;CONSTRUIT
0;;310113;CASTANET-TOLOSAN;HAB;Maison Indiv;Conso ENAF;EXT;776;1;0;0;0;0;0;0;0;0;0;0;0;0;0;;;;;2009_2022;CONSTRUIT
0;;310113;CASTANET-TOLOSAN;HAB;Maison Indiv;INTENSIF;DP;1424;1;0;0;0;0;0;0;0;0;0;0;0;0;0;;;;;2009_2022;CONSTRUIT
0;;310113;CASTANET-TOLOSAN;HAB;Maison Indiv;Conso ENAF;EXT;805;1;0;0;0;0;0;0;0;0;0;0;0;0;0;;;;;2009_2022;CONSTRUIT
0;;310113;CASTANET-TOLOSAN;HAB;Maison Indiv;INTENSIF;DC;1977;1;0;0;0;0;0;0;0;0;0;0;0;0;0;;;;;2009_2022;CONSTRUIT
0;;310113;CASTANET-TOLOSAN;HAB;Maison Indiv;INTENSIF;DP;2081;1;0;0;0;0;0;0;0;0;0;0;0;0;0;;;;;2009_2022;CONSTRUIT
0;;310113;CASTANET-TOLOSAN;HAB;Maison Indiv;INTENSIF;DP;1065;1;0;0;0;0;0;0;0;0;0;0;0;0;0;;;;;2009_2022;CONSTRUIT
0;;310113;CASTANET-TOLOSAN;HAB;Maison Indiv;INTENSIF;DC;1665;1;0;0;0;0;0;0;0;0;0;0;0;0;0;;;;;2009_2022;CONSTRUIT
0;;310113;CASTANET-TOLOSAN;HAB;Maison Indiv;Conso ENAF;EXT;2475;1;0;0;0;0;0;0;0;0;0;0;0;0;0;;;;;2009_2022;CONSTRUIT
0;;310113;CASTANET-TOLOSAN;HAB;Maison Indiv;INTENSIF;DP;2763;1;0;0;0;0;0;0;0;0;0;0;0;0;0;;;;;2009_2022;CONSTRUIT
0;;310113;CASTANET-TOLOSAN;HAB;Maison Indiv;INTENSIF;DP;928;1;0;0;0;0;0;0;0;0;0;0;0;0;0;;;;;2009_2022;CONSTRUIT
0;;310113;CASTANET-TOLOSAN;HAB;Maison Indiv;Conso ENAF;EXT;3007;1;0;0;0;0;0;0;0;0;0;0;0;0;0;;;;;2009_2022;CONSTRUIT
0;;310113;CASTANET-TOLOSAN;HAB;Maison Indiv;INTENSIF;DC;1356;1;0;0;0;0;0;0;0;0;0;0;0;0;0;;;;;2009_2022;CONSTRUIT
0;;310113;CASTANET-TOLOSAN;HAB;Maison Indiv;INTENSIF;DC;1714;1;0;0;0;0;0;0;0;0;0;0;0;0;0;;;;;2009_2022;CONSTRUIT
0;;310113;CASTANET-TOLOSAN;HAB;Maison Indiv;Conso ENAF;EXT;2532;1;0;0;0;0;0;0;0;0;0;0;0;0;0;;;;;2009_2022;CONSTRUIT
0;;310113;CASTANET-TOLOSAN;HAB;Maison Indiv;INTENSIF;DP;795;1;0;0;0;0;0;0;0;0;0;0;0;0;0;;;;;2009_2022;CONSTRUIT
0;;310113;CASTANET-TOLOSAN;ACT;;INTENSIF;DC;997;0;0;0;0;0;0;0;0;0;0;0;0;0;0;;;;;2009_2022;CONSTRUIT
0;;310113;CASTANET-TOLOSAN;HAB;Maison Indiv;INTENSIF;DP;995;1;0;0;0;0;0;0;0;0;0;0;0;0;0;;;;;2009_2022;CONSTRUIT
0;;310113;CASTANET-TOLOSAN;HAB;Maison Indiv;INTENSIF;DP;732;1;0;0;0;0;0;0;0;0;0;0;0;0;0;;;;;2009_2022;CONSTRUIT
0;;310113;CASTANET-TOLOSAN;HAB;;INTENSIF;RU;736;4;0;0;0;0;0;0;0;0;0;0;0;0;0;;oui;;;2009_2022;CONSTRUIT
0;;310113;CASTANET-TOLOSAN;HAB;Maison Indiv;INTENSIF;DP;1170;1;0;0;0;0;0;0;0;0;0;0;0;0;0;;;;;2009_2022;CONSTRUIT
0;;310113;CASTANET-TOLOSAN;HAB;Maison Indiv;INTENSIF;DP;2191;1;0;0;0;0;0;0;0;0;0;0;0;0;0;;;;;2009_2022;CONSTRUIT
0;;310113;CASTANET-TOLOSAN;HAB;Maison Indiv;INTENSIF;DP;1930;1;0;0;0;0;0;0;0;0;0;0;0;0;0;;;;;2009_2022;CONSTRUIT
0;;310113;CASTANET-TOLOSAN;HAB;Maison Indiv;INTENSIF;DP;1145;1;0;0;0;0;0;0;0;0;0;0;0;0;0;;;;;2009_2022;CONSTRUIT
0;;310113;CASTANET-TOLOSAN;HAB;Maison Indiv;INTENSIF;DP;1317;1;0;0;0;0;0;0;0;0;0;0;0;0;0;;;;;2009_2022;CONSTRUIT
0;;310113;CASTANET-TOLOSAN;HAB;Maison Indiv;INTENSIF;DP;2294;1;0;0;0;0;0;0;0;0;0;0;0;0;0;;;;;2009_2022;CONSTRUIT
0;;310113;CASTANET-TOLOSAN;HAB;;INTENSIF;DC;4073;83;0;0;0;0;0;0;0;0;0;0;0;0;0;;oui;;;2009_2022;CONSTRUIT
0;;310113;CASTANET-TOLOSAN;HAB;Maison Indiv;INTENSIF;DP;353;1;0;0;0;0;0;0;0;0;0;0;0;0;0;;;;;2009_2022;CONSTRUIT
0;;310113;CASTANET-TOLOSAN;HAB;Maison Indiv;INTENSIF;DP;401;1;0;0;0;0;0;0;0;0;0;0;0;0;0;;;;;2009_2022;CONSTRUIT
0;;310113;CASTANET-TOLOSAN;HAB;Maison Indiv;INTENSIF;DP;1337;1;0;0;0;0;0;0;0;0;0;0;0;0;0;;;;;2009_2022;CONSTRUIT
0;;310113;CASTANET-TOLOSAN;HAB;Maison Indiv;INTENSIF;DP;1084;1;0;0;0;0;0;0;0;0;0;0;0;0;0;;;;;2009_2022;CONSTRUIT
0;;310113;CASTANET-TOLOSAN;HAB;Maison Indiv;INTENSIF;DP;1093;1;0;0;0;0;0;0;0;0;0;0;0;0;0;;;;;2009_2022;CONSTRUIT
0;;310113;CASTANET-TOLOSAN;HAB;Maison Indiv;INTENSIF;DP;1885;1;0;0;0;0;0;0;0;0;0;0;0;0;0;;;;;2009_2022;CONSTRUIT
0;;310113;CASTANET-TOLOSAN;HAB;Maison Indiv;INTENSIF;DP;911;1;0;0;0;0;0;0;0;0;0;0;0;0;0;;;;;2009_2022;CONSTRUIT
0;;310113;CASTANET-TOLOSAN;HAB;Maison Indiv;INTENSIF;DC;613;1;0;0;0;0;0;0;0;0;0;0;0;0;0;;;;;2009_2022;CONSTRUIT
0;;310113;CASTANET-TOLOSAN;HAB;;INTENSIF;RU;1515;15;0;0;0;0;0;0;0;0;15;15;0;0;0;Coeur Tolosan 6;oui;Greencity;0;2009_2022;CONSTRUIT
0;;310113;CASTANET-TOLOSAN;HAB;Maison Indiv;INTENSIF;DC;602;1;0;0;0;0;0;0;0;0;0;0;0;0;0;;;;;2009_2022;CONSTRUIT
0;;310113;CASTANET-TOLOSAN;HAB;;INTENSIF;RU;1865;25;0;0;0;0;0;0;0;0;25;25;0;0;0;Coeur Tolosan 3;oui;Greencity;0;2009_2022;CONSTRUIT
0;;310113;CASTANET-TOLOSAN;HAB;;INTENSIF;DP;737;1;0;0;0;0;0;0;0;0;0;0;0;0;0;;;;;2009_2022;CONSTRUIT
0;;310113;CASTANET-TOLOSAN;HAB;;INTENSIF;RU;5654;74;0;0;0;0;0;15;0;0;59;74;0;0;0;Millésime;oui;SCI SMOI;Cité Jardins;2009_2022;CONSTRUIT
0;;310113;CASTANET-TOLOSAN;HAB;;INTENSIF;DC;1554;24;0;0;0;0;0;0;0;0;0;0;0;0;0;;oui;;;2009_2022;CONSTRUIT
0;;310113;CASTANET-TOLOSAN;HAB;Maison Indiv;INTENSIF;DP;555;1;0;0;0;0;0;0;0;0;0;0;0;0;0;;;;;2009_2022;CONSTRUIT
0;;310113;CASTANET-TOLOSAN;HAB;Maison Indiv;INTENSIF;DP;360;1;0;0;0;0;0;0;0;0;0;0;0;0;0;;;;;2009_2022;CONSTRUIT
0;;310113;CASTANET-TOLOSAN;HAB;Maison Indiv;Conso ENAF;EXT;1741;1;0;0;0;0;0;0;0;0;0;0;0;0;0;;;;;2009_2022;CONSTRUIT
0;;310113;CASTANET-TOLOSAN;ACT;;Conso ENAF;EXT;3894;0;0;0;0;0;0;0;0;0;0;0;0;0;0;;;;;2009_2022;CONSTRUIT
0;;310113;CASTANET-TOLOSAN;ACT;;Conso ENAF;EXT;921;0;0;0;0;0;0;0;0;0;0;0;0;0;0;;;;;2009_2022;CONSTRUIT
0;;310113;CASTANET-TOLOSAN;ACT;;Conso ENAF;EXT;1961;0;0;0;0;0;0;0;0;0;0;0;0;0;0;;;;;2009_2022;CONSTRUIT
0;;310113;CASTANET-TOLOSAN;ACT;;Conso ENAF;EXT;21710;0;0;0;0;0;0;0;0;0;0;0;0;0;0;;;;;2009_2022;CONSTRUIT
0;;310113;CASTANET-TOLOSAN;ACT;;Conso ENAF;EXT;7558;0;0;0;0;0;0;0;0;0;0;0;0;0;0;;;;;2009_2022;CONSTRUIT
0;;310113;CASTANET-TOLOSAN;ACT;;Conso ENAF;EXT;1553;0;0;0;0;0;0;0;0;0;0;0;0;0;0;;;;;2009_2022;CONSTRUIT
0;;310113;CASTANET-TOLOSAN;ACT;;INTENSIF;DP;920;0;0;0;0;0;0;0;0;0;0;0;0;0;0;;;;;2009_2022;CONSTRUIT
0;;310113;CASTANET-TOLOSAN;ACT;;INTENSIF;DP;2159;0;0;0;0;0;0;0;0;0;0;0;0;0;0;;;;;2009_2022;CONSTRUIT
0;;310113;CASTANET-TOLOSAN;ACT;;INTENSIF;DC;2578;0;0;0;0;0;0;0;0;0;0;0;0;0;0;;;;;2009_2022;CONSTRUIT
0;;310113;CASTANET-TOLOSAN;HAB;Maison Indiv;Conso ENAF;EXT;1313;1;0;0;0;0;0;0;0;0;0;0;0;0;0;;;;;2009_2022;CONSTRUIT
0;;310113;CASTANET-TOLOSAN;HAB;Maison Indiv;Conso ENAF;EXT;893;1;0;0;0;0;0;0;0;0;0;0;0;0;0;;;;;2009_2022;CONSTRUIT
0;;310113;CASTANET-TOLOSAN;HAB;Maison Indiv;INTENSIF;DP;1327;1;0;0;0;0;0;0;0;0;0;0;0;0;0;;;;;2009_2022;CONSTRUIT
0;;310113;CASTANET-TOLOSAN;HAB;;INTENSIF;DC;1201;0;0;0;0;0;0;0;0;0;0;0;0;0;0;;;;;INC;PC
0;;310113;CASTANET-TOLOSAN;HAB;Maison Indiv;INTENSIF;DP;884;1;0;0;0;0;0;0;0;0;0;0;0;0;0;;;;;2009_2022;CONSTRUIT
0;;310113;CASTANET-TOLOSAN;HAB;Maison Indiv;INTENSIF;DC;1471;1;0;0;0;0;0;0;0;0;0;0;0;0;0;;;;;2009_2022;CONSTRUIT
0;;310113;CASTANET-TOLOSAN;HAB;Maison Indiv;INTENSIF;DP;1479;1;0;0;0;0;0;0;0;0;0;0;0;0;0;;;;;2009_2022;CONSTRUIT
0;;310113;CASTANET-TOLOSAN;HAB;Maison Indiv;Conso ENAF;EXT;2528;1;0;0;0;0;0;0;0;0;0;0;0;0;0;;;;;2009_2022;CONSTRUIT
0;;310113;CASTANET-TOLOSAN;HAB;Maison Indiv;INTENSIF;DP;648;1;0;0;0;0;0;0;0;0;0;0;0;0;0;;;;;2009_2022;CONSTRUIT
0;;310113;CASTANET-TOLOSAN;HAB;Maison Indiv;INTENSIF;DP;490;1;0;0;0;0;0;0;0;0;0;0;0;0;0;;;;;2009_2022;CONSTRUIT
0;;310113;CASTANET-TOLOSAN;HAB;Maison Indiv;INTENSIF;DC;700;1;0;0;0;0;0;0;0;0;0;0;0;0;0;;;;;2009_2022;CONSTRUIT
0;;310113;CASTANET-TOLOSAN;HAB;Maison Indiv;INTENSIF;DC;703;1;0;0;0;0;0;0;0;0;0;0;0;0;0;;;;;2009_2022;CONSTRUIT
0;;310113;CASTANET-TOLOSAN;HAB;Maison Indiv;INTENSIF;DC;448;1;0;0;0;0;0;0;0;0;0;0;0;0;0;;;;;2009_2022;CONSTRUIT
0;;310113;CASTANET-TOLOSAN;HAB;;INTENSIF;RU;3144;34;0;0;0;0;0;0;0;0;34;34;0;0;0;Le Vallon;oui;Akerys;;2009_2022;CONSTRUIT
0;;310113;CASTANET-TOLOSAN;HAB;;INTENSIF;RU;719;43;0;0;0;0;0;0;0;0;43;43;0;0;0;Le Soprano;oui;Greencity;0;2009_2022;CONSTRUIT
0;;310113;CASTANET-TOLOSAN;HAB;;INTENSIF;RU;1380;35;0;0;0;0;0;0;0;0;35;35;0;0;0;Le Clos Romana;oui;;;2009_2022;CONSTRUIT
0;;310113;CASTANET-TOLOSAN;HAB;;INTENSIF;RU;2382;47;0;0;0;0;0;14;0;33;0;47;0;0;0;Les Jardins Toulousains;oui;Les Chalets;Les Chalets;2009_2022;CONSTRUIT
0;;310113;CASTANET-TOLOSAN;HAB;Maison Indiv;INTENSIF;DP;1101;1;0;0;0;0;0;0;0;0;0;0;0;0;0;;;;;2009_2022;CONSTRUIT
0;;310113;CASTANET-TOLOSAN;HAB;Maison Indiv;Conso ENAF;EXT;1536;1;0;0;0;0;0;0;0;0;0;0;0;0;0;;;;;2009_2022;CONSTRUIT
0;;310113;CASTANET-TOLOSAN;EQUIP;;INTENSIF;DP;1253;0;0;0;0;0;0;0;0;0;0;0;0;0;0;;;;;2009_2022;CONSTRUIT
0;;310113;CASTANET-TOLOSAN;EQUIP;;INTENSIF;DP;933;0;0;0;0;0;0;0;0;0;0;0;0;0;0;;;;;2009_2022;CONSTRUIT
0;;310113;CASTANET-TOLOSAN;HAB;Maison Indiv;Conso ENAF;EXT;2347;1;0;0;0;0;0;0;0;0;0;0;0;0;0;;;;;2009_2022;CONSTRUIT
0;;310113;CASTANET-TOLOSAN;EQUIP;;INTENSIF;DP;928;0;0;0;0;0;0;0;0;0;0;0;0;0;0;;;;;2009_2022;CONSTRUIT
0;;310113;CASTANET-TOLOSAN;EQUIP;;INTENSIF;DP;421;0;0;0;0;0;0;0;0;0;0;0;0;0;0;;;;;2009_2022;CONSTRUIT
0;;310113;CASTANET-TOLOSAN;EQUIP;;INTENSIF;DP;3;0;0;0;0;0;0;0;0;0;0;0;0;0;0;;;;;2009_2022;CONSTRUIT
0;;310113;CASTANET-TOLOSAN;EQUIP;;INTENSIF;DP;434;0;0;0;0;0;0;0;0;0;0;0;0;0;0;;;;;2009_2022;CONSTRUIT
0;;310113;CASTANET-TOLOSAN;EQUIP;;INTENSIF;DP;3624;0;0;0;0;0;0;0;0;0;0;0;0;0;0;;;;;2009_2022;CONSTRUIT
0;;310113;CASTANET-TOLOSAN;EQUIP;;INTENSIF;DP;2305;0;0;0;0;0;0;0;0;0;0;0;0;0;0;;;;;2009_2022;CONSTRUIT
0;;310113;CASTANET-TOLOSAN;EQUIP;;INTENSIF;DP;2796;0;0;0;0;0;0;0;0;0;0;0;0;0;0;;;;;2009_2022;CONSTRUIT
0;;310113;CASTANET-TOLOSAN;EQUIP;;INTENSIF;DP;950;0;0;0;0;0;0;0;0;0;0;0;0;0;0;;;;;2009_2022;CONSTRUIT
0;;310429;POMPERTUZAT;HAB;;INTENSIF;RU;4397;34;0;0;0;0;0;34;0;0;0;34;0;0;0;Le Château;oui;;;2009_2022;CONSTRUIT
0;;310004;AYGUESVIVES;ACT;;Conso ENAF;EXT;3139;0;0;0;0;0;0;0;0;0;0;0;0;0;0;;;;;2022_2025;CONSTRUIT
0;;310004;AYGUESVIVES;ACT;;Conso ENAF;EXT;3384;0;0;0;0;0;0;0;0;0;0;0;0;0;0;;;;;2009_2022;CONSTRUIT
0;;310004;AYGUESVIVES;ACT;;Conso ENAF;EXT;3664;0;0;0;0;0;0;0;0;0;0;0;0;0;0;;;;;2022_2025;CONSTRUIT
0;;310402;ODARS;HAB;Maison Indiv;Conso ENAF;EXT;1152;1;0;0;0;0;0;0;0;0;0;0;0;0;0;;;;;2009_2022;CONSTRUIT
0;;310402;ODARS;HAB;Maison Indiv;Conso ENAF;EXT;1084;1;0;0;0;0;0;0;0;0;0;0;0;0;0;;;;;2009_2022;CONSTRUIT
0;;310402;ODARS;HAB;Maison Indiv;Conso ENAF;EXT;1428;1;0;0;0;0;0;0;0;0;0;0;0;0;0;;;;;2009_2022;CONSTRUIT
0;;310381;MONTGISCARD;HAB;;Conso ENAF;EXT;13537;72;0;0;0;0;0;0;0;0;0;0;0;0;0;;oui;;;2022_2025;CONSTRUIT
0;;310254;LABEGE;HAB;;Conso ENAF;EXT;4133;5;0;0;0;0;0;0;0;0;0;0;0;0;0;;oui;;;2009_2022;CONSTRUIT
0;;310171;ESPANES;HAB;;Conso ENAF;EXT;2452;2;0;0;0;0;0;0;0;0;2;0;0;0;2;L'homme fort;;;;INC;PC
0;;310025;AUREVILLE;HAB;;Conso ENAF;EXT;10431;6;0;0;0;0;0;0;0;0;0;0;0;0;0;Birol;oui;;;2009_2022;CONSTRUIT
0;;310025;AUREVILLE;HAB;;INTENSIF;DC;3356;1;0;0;0;0;0;0;0;0;0;0;0;0;0;;;;;2009_2022;CONSTRUIT
0;;310169;ESCALQUENS;ACT;;Conso ENAF;EXT;4657;0;0;0;0;0;0;0;0;0;0;0;0;0;0;;;;;2009_2022;PC
0;;310169;ESCALQUENS;EQUIP;;Conso ENAF;EXT;17379;0;0;0;0;0;0;0;0;0;0;0;0;0;0;;;;;2009_2022;CONSTRUIT
0;;310169;ESCALQUENS;ACT;;Conso ENAF;EXT;5767;0;0;0;0;0;0;0;0;0;0;0;0;0;0;;;;;2009_2022;CONSTRUIT
0;;310381;MONTGISCARD;ACT;;Conso ENAF;EXT;3221;0;0;0;0;0;0;0;0;0;0;0;0;0;0;;;;;2009_2022;CONSTRUIT
0;;310381;MONTGISCARD;ACT;;Conso ENAF;EXT;44650;0;0;0;0;0;0;0;0;0;0;0;0;0;0;;;;;2009_2022;CONSTRUIT
0;;310381;MONTGISCARD;HAB;;Conso ENAF;EXT;2678;4;0;0;0;0;0;0;0;0;0;0;0;0;0;;;;;2009_2022;CONSTRUIT
0;;310381;MONTGISCARD;ACT;;Conso ENAF;RU;796;0;0;0;0;0;0;0;0;0;0;0;0;0;0;;;;;2009_2022;CONSTRUIT
0;;310381;MONTGISCARD;HAB;;Conso ENAF;EXT;4698;4;0;0;0;0;0;0;0;0;0;0;0;0;0;;oui;;;2009_2022;CONSTRUIT
0;;310381;MONTGISCARD;ACT;;Conso ENAF;EXT;4047;0;0;0;0;0;0;0;0;0;0;0;0;0;0;;;;;2009_2022;CONSTRUIT
0;;310249;LABASTIDE-BEAUVOIR;HAB;Maison Indiv;Conso ENAF;EXT;2558;1;0;0;0;0;0;0;0;0;0;0;0;0;0;;;;;2009_2022;CONSTRUIT
0;;310169;ESCALQUENS;HAB;Maison Indiv;INTENSIF;RU;557;1;0;0;0;0;0;0;0;0;0;0;0;0;0;;;;;2009_2022;CONSTRUIT
0;;310169;ESCALQUENS;HAB;Maison Indiv;INTENSIF;DP;343;1;0;0;0;0;0;0;0;0;0;0;0;0;0;;;;;2022_2025;CONSTRUIT
0;;310169;ESCALQUENS;HAB;Maison Indiv;INTENSIF;DP;400;1;0;0;0;0;0;0;0;0;0;0;0;0;0;;;;;2022_2025;CONSTRUIT
0;;310169;ESCALQUENS;HAB;;INTENSIF;RU;1811;27;0;0;0;0;0;0;0;0;0;0;0;0;0;;oui;;;2009_2022;CONSTRUIT
0;;310169;ESCALQUENS;HAB;;INTENSIF;RU;3288;58;0;0;0;0;0;0;0;9;49;58;0;0;0;10-12 avenue de la mairie;oui;Cantournet Pimenta;Promologis;2009_2022;CONSTRUIT
0;;310169;ESCALQUENS;HAB;;INTENSIF;RU;5199;24;0;0;0;0;0;24;0;0;23;24;0;0;0;Le Petit Prince;oui;CITE JARDINS;CITE JARDINS;2009_2022;CONSTRUIT
0;;310169;ESCALQUENS;HAB;;INTENSIF;RU;1860;23;0;0;0;0;0;5;0;0;18;23;0;0;0;Résidence Galice;oui;Solyvalence;Patrimoine;2009_2022;CONSTRUIT
0;;310169;ESCALQUENS;HAB;;INTENSIF;RU;3183;40;0;0;0;0;0;10;0;0;30;40;0;0;0;Résidence Galice;oui;Solyvalence;Patrimoine;2009_2022;CONSTRUIT
0;;310381;MONTGISCARD;HAB;Maison Indiv;INTENSIF;DP;935;1;0;0;0;0;0;0;0;0;0;0;0;0;0;;;;;2009_2022;CONSTRUIT
0;;310381;MONTGISCARD;HAB;Maison Indiv;INTENSIF;DP;664;1;0;0;0;0;0;0;0;0;0;0;0;0;0;;;;;2022_2025;CONSTRUIT
0;;310381;MONTGISCARD;HAB;Maison Indiv;INTENSIF;DP;862;1;0;0;0;0;0;0;0;0;0;0;0;0;0;;;;;2022_2025;CONSTRUIT
0;;310381;MONTGISCARD;HAB;Maison Indiv;INTENSIF;DP;3566;1;0;0;0;0;0;0;0;0;0;0;0;0;0;;;;;2009_2022;CONSTRUIT
0;;310381;MONTGISCARD;HAB;Maison Indiv;INTENSIF;DP;1634;1;0;0;0;0;0;0;0;0;0;0;0;0;0;;;;;2009_2022;CONSTRUIT
0;;310381;MONTGISCARD;HAB;Maison Indiv;INTENSIF;DP;749;1;0;0;0;0;0;0;0;0;0;0;0;0;0;;;;;2009_2022;CONSTRUIT
0;;310381;MONTGISCARD;HAB;Maison Indiv;INTENSIF;DP;1177;1;0;0;0;0;0;0;0;0;0;0;0;0;0;;;;;2009_2022;CONSTRUIT
0;;310381;MONTGISCARD;HAB;;INTENSIF;DC;5824;21;0;0;0;0;0;21;0;0;0;0;0;21;0;Les Cordeliers;oui;;Colomiers Habitat;2009_2022;CONSTRUIT
0;;310381;MONTGISCARD;HAB;Maison Indiv;INTENSIF;DP;761;1;0;0;0;0;0;0;0;0;0;0;0;0;0;;;;;2022_2025;CONSTRUIT
0;;310381;MONTGISCARD;HAB;Maison Indiv;INTENSIF;DP;702;1;0;0;0;0;0;0;0;0;0;0;0;0;0;;;;;2022_2025;CONSTRUIT
0;;310381;MONTGISCARD;HAB;Maison Indiv;INTENSIF;DP;1257;1;0;0;0;0;0;0;0;0;0;0;0;0;0;;;;;2009_2022;CONSTRUIT
0;;310381;MONTGISCARD;HAB;Maison Indiv;INTENSIF;DP;701;1;0;0;0;0;0;0;0;0;0;0;0;0;0;;;;;2022_2025;CONSTRUIT
0;;310381;MONTGISCARD;HAB;Maison Indiv;INTENSIF;DP;824;1;0;0;0;0;0;0;0;0;0;0;0;0;0;;;;;2009_2022;CONSTRUIT
0;;310381;MONTGISCARD;HAB;Maison Indiv;INTENSIF;DP;454;1;0;0;0;0;0;0;0;0;0;0;0;0;0;;;;;2022_2025;CONSTRUIT
0;;310381;MONTGISCARD;HAB;Maison Indiv;INTENSIF;RU;150;1;0;0;0;0;0;0;0;0;0;0;0;0;0;;;;;2009_2022;CONSTRUIT
0;;310004;AYGUESVIVES;HAB;Maison Indiv;INTENSIF;DP;602;1;0;0;0;0;0;0;0;0;0;0;0;0;0;;;;;2009_2022;CONSTRUIT
0;;310004;AYGUESVIVES;HAB;Maison Indiv;INTENSIF;DP;461;1;0;0;0;0;0;0;0;0;0;0;0;0;0;;;;;2009_2022;CONSTRUIT
0;;310004;AYGUESVIVES;HAB;Maison Indiv;INTENSIF;DP;986;1;0;0;0;0;0;0;0;0;0;0;0;0;0;;;;;2009_2022;CONSTRUIT
0;;310004;AYGUESVIVES;HAB;Maison Indiv;Conso ENAF;EXT;1761;1;0;0;0;0;0;0;0;0;0;0;0;0;0;;;;;2022_2025;CONSTRUIT
0;;310004;AYGUESVIVES;HAB;Maison Indiv;INTENSIF;DP;746;1;0;0;0;0;0;0;0;0;0;0;0;0;0;;;;;2022_2025;CONSTRUIT
0;;310004;AYGUESVIVES;HAB;Maison Indiv;INTENSIF;DP;1098;1;0;0;0;0;0;0;0;0;0;0;0;0;0;;;;;2022_2025;CONSTRUIT
0;;310004;AYGUESVIVES;HAB;Maison Indiv;INTENSIF;DP;427;1;0;0;0;0;0;0;0;0;0;0;0;0;0;;;;;2022_2025;CONSTRUIT
0;;310004;AYGUESVIVES;HAB;Maison Indiv;INTENSIF;DP;1448;1;0;0;0;0;0;0;0;0;0;0;0;0;0;;;;;2009_2022;CONSTRUIT
0;;310004;AYGUESVIVES;HAB;Maison Indiv;INTENSIF;DP;531;1;0;0;0;0;0;0;0;0;0;0;0;0;0;;;;;2022_2025;CONSTRUIT
0;;310004;AYGUESVIVES;HAB;Maison Indiv;INTENSIF;DP;654;1;0;0;0;0;0;0;0;0;0;0;0;0;0;;;;;2022_2025;CONSTRUIT
0;;310004;AYGUESVIVES;HAB;Maison Indiv;Conso ENAF;EXT;623;1;0;0;0;0;0;0;0;0;0;0;0;0;0;;;;;2022_2025;CONSTRUIT
0;;310004;AYGUESVIVES;HAB;Maison Indiv;Conso ENAF;EXT;718;1;0;0;0;0;0;0;0;0;0;0;0;0;0;;;;;2022_2025;CONSTRUIT
0;;310004;AYGUESVIVES;HAB;Maison Indiv;INTENSIF;DC;713;1;0;0;0;0;0;0;0;0;0;0;0;0;0;;;;;2022_2025;CONSTRUIT
0;;310004;AYGUESVIVES;HAB;Maison Indiv;INTENSIF;DC;638;1;0;0;0;0;0;0;0;0;0;0;0;0;0;;;;;2022_2025;CONSTRUIT
0;;310004;AYGUESVIVES;HAB;Maison Indiv;Conso ENAF;EXT;1462;1;0;0;0;0;0;0;0;0;0;0;0;0;0;;;;;2022_2025;CONSTRUIT
0;;310004;AYGUESVIVES;HAB;Maison Indiv;INTENSIF;DC;624;1;0;0;0;0;0;0;0;0;0;0;0;0;0;;;;;2022_2025;CONSTRUIT
0;;310004;AYGUESVIVES;HAB;;INTENSIF;DC;1324;2;0;0;0;0;0;0;0;0;0;0;0;0;0;;;;;2022_2025;CONSTRUIT
0;;310004;AYGUESVIVES;EQUIP;;Conso ENAF;EXT;5205;0;0;0;0;0;0;0;0;0;0;0;0;0;0;;;;;2022_2025;CONSTRUIT
0;;310004;AYGUESVIVES;HAB;Maison Indiv;Conso ENAF;EXT;1325;1;0;0;0;0;0;0;0;0;0;0;0;0;0;;;;;2009_2022;CONSTRUIT
0;;310004;AYGUESVIVES;HAB;Maison Indiv;Conso ENAF;EXT;770;1;0;0;0;0;0;0;0;0;0;0;0;0;0;;;;;2009_2022;CONSTRUIT
0;;310004;AYGUESVIVES;HAB;Maison Indiv;Conso ENAF;EXT;935;1;0;0;0;0;0;0;0;0;0;0;0;0;0;;;;;2009_2022;CONSTRUIT
0;;310004;AYGUESVIVES;HAB;Maison Indiv;Conso ENAF;EXT;1234;1;0;0;0;0;0;0;0;0;0;0;0;0;0;;;;;2009_2022;CONSTRUIT
0;;310004;AYGUESVIVES;HAB;Maison Indiv;Conso ENAF;EXT;1099;1;0;0;0;0;0;0;0;0;0;0;0;0;0;;;;;2009_2022;CONSTRUIT
0;;310004;AYGUESVIVES;HAB;Maison Indiv;INTENSIF;DC;1315;1;0;0;0;0;0;0;0;0;0;0;0;0;0;;;;;2009_2022;CONSTRUIT
0;;310004;AYGUESVIVES;HAB;Maison Indiv;INTENSIF;DP;1574;1;0;0;0;0;0;0;0;0;0;0;0;0;0;;;;;2009_2022;CONSTRUIT
0;;310004;AYGUESVIVES;HAB;Maison Indiv;INTENSIF;DP;663;1;0;0;0;0;0;0;0;0;0;0;0;0;0;;;;;2009_2022;CONSTRUIT
0;;310004;AYGUESVIVES;HAB;Maison Indiv;INTENSIF;DP;3123;1;0;0;0;0;0;0;0;0;0;0;0;0;0;;;;;2009_2022;CONSTRUIT
0;;310004;AYGUESVIVES;HAB;Maison Indiv;INTENSIF;DC;401;1;0;0;0;0;0;0;0;0;0;0;0;0;0;;;;;2009_2022;CONSTRUIT
0;;310004;AYGUESVIVES;HAB;Maison Indiv;INTENSIF;DP;640;1;0;0;0;0;0;0;0;0;0;0;0;0;0;;;;;2022_2025;CONSTRUIT
0;;310004;AYGUESVIVES;HAB;Maison Indiv;INTENSIF;DP;958;1;0;0;0;0;0;0;0;0;0;0;0;0;0;;;;;2009_2022;CONSTRUIT
0;;310004;AYGUESVIVES;HAB;Maison Indiv;INTENSIF;RU;943;1;0;0;0;0;0;0;0;0;0;0;0;0;0;;;;;2022_2025;CONSTRUIT
0;;310004;AYGUESVIVES;HAB;Maison Indiv;INTENSIF;DP;677;1;0;0;0;0;0;0;0;0;0;0;0;0;0;;;;;2009_2022;CONSTRUIT
0;;310381;MONTGISCARD;HAB;Maison Indiv;INTENSIF;DP;1021;1;0;0;0;0;0;0;0;0;0;0;0;0;0;;;;;2009_2022;CONSTRUIT
0;;310169;ESCALQUENS;HAB;;Conso ENAF;EXT;4053;41;0;0;0;0;0;8;0;0;33;41;0;0;0;La Gaille;oui;Christian Bec;;2009_2022;CONSTRUIT
0;;310048;BAZIEGE;HAB;Maison Indiv;Conso ENAF;EXT;972;1;0;0;0;0;0;0;0;0;0;0;0;0;0;;;;;2022_2025;CONSTRUIT
0;;310048;BAZIEGE;HAB;Maison Indiv;Conso ENAF;EXT;952;1;0;0;0;0;0;0;0;0;0;0;0;0;0;;;;;2022_2025;CONSTRUIT
0;;310048;BAZIEGE;HAB;Maison Indiv;Conso ENAF;EXT;717;1;0;0;0;0;0;0;0;0;0;0;0;0;0;;;;;2022_2025;CONSTRUIT
0;;310162;DONNEVILLE;HAB;Maison Indiv;INTENSIF;DP;725;1;0;0;0;0;0;0;0;0;0;0;0;0;0;;;;;2022_2025;CONSTRUIT
0;;310161;DEYME;HAB;Maison Indiv;Conso ENAF;EXT;794;1;0;0;0;0;0;0;0;0;0;0;0;0;0;;;;;2022_2025;CONSTRUIT
0;;310429;POMPERTUZAT;HAB;Maison Indiv;Conso ENAF;EXT;762;1;0;0;0;0;0;0;0;0;0;0;0;0;0;;;;;2022_2025;CONSTRUIT
0;;310429;POMPERTUZAT;HAB;;Conso ENAF;EXT;5101;30;0;0;0;0;0;0;0;0;0;0;0;0;0;;oui;;;2022_2025;CONSTRUIT
0;;310448;REBIGUE;HAB;Maison Indiv;Conso ENAF;EXT;1379;1;0;0;0;0;0;0;0;0;0;0;0;0;0;;;;;2022_2025;CONSTRUIT
0;;310448;REBIGUE;HAB;Maison Indiv;INTENSIF;DP;1088;1;0;0;0;0;0;0;0;0;0;0;0;0;0;;;;;2009_2022;CONSTRUIT
0;;310448;REBIGUE;HAB;Maison Indiv;INTENSIF;DP;1456;1;0;0;0;0;0;0;0;0;0;0;0;0;0;;;;;2022_2025;CONSTRUIT
0;;310448;REBIGUE;HAB;Maison Indiv;INTENSIF;DP;1015;1;0;0;0;0;0;0;0;0;0;0;0;0;0;;;;;2022_2025;CONSTRUIT
0;;310448;REBIGUE;HAB;Maison Indiv;INTENSIF;DP;1011;1;0;0;0;0;0;0;0;0;0;0;0;0;0;;;;;2022_2025;CONSTRUIT
0;;310025;AUREVILLE;HAB;Maison Indiv;INTENSIF;DP;1405;1;0;0;0;0;0;0;0;0;0;0;0;0;0;;;;;2022_2025;CONSTRUIT
0;;310025;AUREVILLE;HAB;Maison Indiv;Conso ENAF;EXT;5548;1;0;0;0;0;0;0;0;0;0;0;0;0;0;;;;;2009_2022;CONSTRUIT
0;;310148;CLERMONT-LE-FORT;HAB;Maison Indiv;INTENSIF;DP;1441;1;0;0;0;0;0;0;0;0;0;0;0;0;0;;;;;2009_2022;CONSTRUIT
0;;310025;AUREVILLE;HAB;Maison Indiv;INTENSIF;DP;1132;1;0;0;0;0;0;0;0;0;0;0;0;0;0;;;;;2022_2025;CONSTRUIT
0;;310227;GOYRANS;HAB;Maison Indiv;INTENSIF;DP;772;1;0;0;0;0;0;0;0;0;0;0;0;0;0;;;;;2022_2025;CONSTRUIT
0;;310227;GOYRANS;HAB;Maison Indiv;INTENSIF;DP;778;1;0;0;0;0;0;0;0;0;0;0;0;0;0;;;;;2022_2025;CONSTRUIT
0;;310227;GOYRANS;HAB;Maison Indiv;Conso ENAF;EXT;1409;1;0;0;0;0;0;0;0;0;0;0;0;0;0;;;;;2022_2025;CONSTRUIT
0;;310227;GOYRANS;HAB;Maison Indiv;INTENSIF;DP;1333;1;0;0;0;0;0;0;0;0;0;0;0;0;0;;;;;2022_2025;CONSTRUIT
0;;310227;GOYRANS;HAB;Maison Indiv;Conso ENAF;EXT;992;1;0;0;0;0;0;0;0;0;0;0;0;0;0;;;;;2009_2022;CONSTRUIT
0;;310227;GOYRANS;HAB;Maison Indiv;Conso ENAF;EXT;1042;1;0;0;0;0;0;0;0;0;0;0;0;0;0;;;;;2009_2022;CONSTRUIT
0;;310227;GOYRANS;HAB;Maison Indiv;Conso ENAF;EXT;1980;1;0;0;0;0;0;0;0;0;0;0;0;0;0;;;;;2009_2022;CONSTRUIT
0;;310259;LACROIX-FALGARDE;HAB;Maison Indiv;INTENSIF;DP;874;1;0;0;0;0;0;0;0;0;0;0;0;0;0;;;;;2009_2022;CONSTRUIT
0;;310259;LACROIX-FALGARDE;HAB;Maison Indiv;INTENSIF;DP;814;1;0;0;0;0;0;0;0;0;0;0;0;0;0;;;;;2009_2022;CONSTRUIT
0;;310259;LACROIX-FALGARDE;HAB;;INTENSIF;RU;1502;17;0;0;0;0;0;0;0;0;0;0;0;0;0;;oui;;;2022_2025;CONSTRUIT
0;;310259;LACROIX-FALGARDE;HAB;Maison Indiv;INTENSIF;DP;1815;1;0;0;0;0;0;0;0;0;0;0;0;0;0;;;;;2022_2025;CONSTRUIT
0;;310259;LACROIX-FALGARDE;HAB;Maison Indiv;INTENSIF;DP;853;1;0;0;0;0;0;0;0;0;0;0;0;0;0;;;;;2022_2025;CONSTRUIT
0;;310259;LACROIX-FALGARDE;HAB;Maison Indiv;INTENSIF;DP;805;1;0;0;0;0;0;0;0;0;0;0;0;0;0;;;;;2022_2025;CONSTRUIT
0;;310259;LACROIX-FALGARDE;HAB;Maison Indiv;INTENSIF;DP;1907;1;0;0;0;0;0;0;0;0;0;0;0;0;0;;;;;2022_2025;CONSTRUIT
0;;310259;LACROIX-FALGARDE;HAB;Maison Indiv;INTENSIF;DP;2156;1;0;0;0;0;0;0;0;0;0;0;0;0;0;;;;;2022_2025;CONSTRUIT
0;;310259;LACROIX-FALGARDE;HAB;Maison Indiv;INTENSIF;DP;759;1;0;0;0;0;0;0;0;0;0;0;0;0;0;;;;;2009_2022;CONSTRUIT
0;;310259;LACROIX-FALGARDE;HAB;Maison Indiv;INTENSIF;DP;1392;1;0;0;0;0;0;0;0;0;0;0;0;0;0;;;;;2022_2025;CONSTRUIT
0;;310259;LACROIX-FALGARDE;HAB;Maison Indiv;INTENSIF;DP;1243;1;0;0;0;0;0;0;0;0;0;0;0;0;0;;;;;2022_2025;CONSTRUIT
0;;310259;LACROIX-FALGARDE;HAB;Maison Indiv;INTENSIF;DP;943;1;0;0;0;0;0;0;0;0;0;0;0;0;0;;;;;2009_2022;CONSTRUIT
0;;310259;LACROIX-FALGARDE;ACT;;INTENSIF;DC;1541;0;0;0;0;0;0;0;0;0;0;0;0;0;0;;;;;2022_2025;CONSTRUIT
0;;310259;LACROIX-FALGARDE;HAB;Maison Indiv;INTENSIF;DP;1111;1;0;0;0;0;0;0;0;0;0;0;0;0;0;;;;;2022_2025;CONSTRUIT
0;;310259;LACROIX-FALGARDE;HAB;Maison Indiv;Conso ENAF;EXT;1209;1;0;0;0;0;0;0;0;0;0;0;0;0;0;;;;;2022_2025;CONSTRUIT
0;;310259;LACROIX-FALGARDE;HAB;Maison Indiv;Conso ENAF;EXT;1203;1;0;0;0;0;0;0;0;0;0;0;0;0;0;;;;;2022_2025;CONSTRUIT
0;;310259;LACROIX-FALGARDE;HAB;Maison Indiv;Conso ENAF;EXT;1202;1;0;0;0;0;0;0;0;0;0;0;0;0;0;;;;;2022_2025;CONSTRUIT
0;;310259;LACROIX-FALGARDE;HAB;Maison Indiv;INTENSIF;DP;2076;1;0;0;0;0;0;0;0;0;0;0;0;0;0;;;;;2022_2025;CONSTRUIT
0;;310025;AUREVILLE;HAB;Maison Indiv;INTENSIF;DP;660;1;0;0;0;0;0;0;0;0;0;0;0;0;0;;;;;2022_2025;CONSTRUIT
0;;310025;AUREVILLE;HAB;Maison Indiv;INTENSIF;DP;660;1;0;0;0;0;0;0;0;0;0;0;0;0;0;;;;;2022_2025;CONSTRUIT
0;;310025;AUREVILLE;HAB;Maison Indiv;INTENSIF;DP;661;1;0;0;0;0;0;0;0;0;0;0;0;0;0;;;;;2022_2025;CONSTRUIT
0;;310025;AUREVILLE;HAB;Maison Indiv;INTENSIF;DP;3500;1;0;0;0;0;0;0;0;0;0;0;0;0;0;;;;;2022_2025;CONSTRUIT
0;;310025;AUREVILLE;HAB;Maison Indiv;INTENSIF;DP;813;1;0;0;0;0;0;0;0;0;0;0;0;0;0;;;;;2022_2025;CONSTRUIT
0;;310025;AUREVILLE;HAB;Maison Indiv;INTENSIF;DP;627;1;0;0;0;0;0;0;0;0;0;0;0;0;0;;;;;2022_2025;CONSTRUIT
0;;310025;AUREVILLE;HAB;Maison Indiv;INTENSIF;DP;772;1;0;0;0;0;0;0;0;0;0;0;0;0;0;;;;;2009_2022;CONSTRUIT
0;;310025;AUREVILLE;HAB;Maison Indiv;INTENSIF;DP;555;1;0;0;0;0;0;0;0;0;0;0;0;0;0;;;;;2022_2025;CONSTRUIT
0;;310025;AUREVILLE;HAB;Maison Indiv;Conso ENAF;EXT;749;1;0;0;0;0;0;0;0;0;0;0;0;0;0;;;;;2022_2025;CONSTRUIT
0;;310025;AUREVILLE;HAB;Maison Indiv;INTENSIF;DP;1099;1;0;0;0;0;0;0;0;0;0;0;0;0;0;;;;;2022_2025;CONSTRUIT
0;;310025;AUREVILLE;HAB;Maison Indiv;Conso ENAF;EXT;1277;1;0;0;0;0;0;0;0;0;0;0;0;0;0;;;;;2009_2022;CONSTRUIT
0;;310025;AUREVILLE;HAB;Maison Indiv;INTENSIF;DC;1773;1;0;0;0;0;0;0;0;0;0;0;0;0;0;;;;;2022_2025;CONSTRUIT
0;;310227;GOYRANS;HAB;Maison Indiv;INTENSIF;DP;1310;1;0;0;0;0;0;0;0;0;0;0;0;0;0;;;;;2009_2022;CONSTRUIT
0;;310227;GOYRANS;HAB;Maison Indiv;INTENSIF;DP;1305;1;0;0;0;0;0;0;0;0;0;0;0;0;0;;;;;2009_2022;CONSTRUIT
0;;310227;GOYRANS;HAB;Maison Indiv;INTENSIF;RU;1405;1;0;0;0;0;0;0;0;0;0;0;0;0;0;;;;;2022_2025;CONSTRUIT
0;;310227;GOYRANS;HAB;Maison Indiv;INTENSIF;DP;1069;1;0;0;0;0;0;0;0;0;0;0;0;0;0;;;;;2022_2025;CONSTRUIT
0;;310227;GOYRANS;HAB;Maison Indiv;INTENSIF;DP;1474;1;0;0;0;0;0;0;0;0;0;0;0;0;0;;;;;2022_2025;CONSTRUIT
0;;310227;GOYRANS;HAB;Maison Indiv;INTENSIF;DP;1177;1;0;0;0;0;0;0;0;0;0;0;0;0;0;;;;;2009_2022;CONSTRUIT
0;;310227;GOYRANS;HAB;Maison Indiv;INTENSIF;DP;3493;1;0;0;0;0;0;0;0;0;0;0;0;0;0;;;;;2009_2022;CONSTRUIT
0;;310227;GOYRANS;HAB;Maison Indiv;INTENSIF;DP;2729;1;0;0;0;0;0;0;0;0;0;0;0;0;0;;;;;2009_2022;CONSTRUIT
0;;310227;GOYRANS;HAB;Maison Indiv;INTENSIF;DP;1046;1;0;0;0;0;0;0;0;0;0;0;0;0;0;;;;;2009_2022;CONSTRUIT
0;;310227;GOYRANS;HAB;Maison Indiv;INTENSIF;DP;1221;1;0;0;0;0;0;0;0;0;0;0;0;0;0;;;;;2022_2025;CONSTRUIT
0;;310227;GOYRANS;HAB;;Conso ENAF;EXT;24415;17;0;0;0;0;0;0;0;0;0;0;0;0;0;;oui;;;2009_2022;CONSTRUIT
0;;310227;GOYRANS;HAB;Maison Indiv;Conso ENAF;EXT;2926;1;0;0;0;0;0;0;0;0;0;0;0;0;0;;;;;2009_2022;CONSTRUIT
0;;310148;CLERMONT-LE-FORT;HAB;Maison Indiv;Conso ENAF;EXT;4952;1;0;0;0;0;0;0;0;0;0;0;0;0;0;;;;;2009_2022;CONSTRUIT
0;;310148;CLERMONT-LE-FORT;HAB;Maison Indiv;Conso ENAF;EXT;4639;1;0;0;0;0;0;0;0;0;0;0;0;0;0;;;;;2009_2022;CONSTRUIT
0;;310227;GOYRANS;HAB;Maison Indiv;Conso ENAF;EXT;883;1;0;0;0;0;0;0;0;0;0;0;0;0;0;;;;;2009_2022;CONSTRUIT
0;;310381;MONTGISCARD;HAB;Maison Indiv;Conso ENAF;EXT;2942;1;0;0;0;0;0;0;0;0;0;0;0;0;0;;;;;2009_2022;CONSTRUIT
0;;310381;MONTGISCARD;HAB;Maison Indiv;Conso ENAF;EXT;1638;1;0;0;0;0;0;0;0;0;0;0;0;0;0;;;;;2009_2022;CONSTRUIT
0;;310381;MONTGISCARD;HAB;Maison Indiv;Conso ENAF;EXT;1650;1;0;0;0;0;0;0;0;0;0;0;0;0;0;;;;;2009_2022;CONSTRUIT
0;;310381;MONTGISCARD;ACT;;Conso ENAF;EXT;2538;0;0;0;0;0;0;0;0;0;0;0;0;0;0;;;;;2009_2022;CONSTRUIT
0;;310249;LABASTIDE-BEAUVOIR;HAB;Maison Indiv;INTENSIF;DP;924;1;0;0;0;0;0;0;0;0;0;0;0;0;0;;;;;2022_2025;CONSTRUIT
0;;310249;LABASTIDE-BEAUVOIR;HAB;;Conso ENAF;EXT;25130;24;0;0;0;0;0;0;0;0;24;0;0;0;24;Les Jardins de Cézanne;oui;EPMP;;2009_2022;CONSTRUIT
0;;310249;LABASTIDE-BEAUVOIR;HAB;Maison Indiv;Conso ENAF;EXT;1558;1;0;0;0;0;0;0;0;0;0;0;0;0;0;;;;;2009_2022;CONSTRUIT
0;;310249;LABASTIDE-BEAUVOIR;HAB;Maison Indiv;Conso ENAF;EXT;1034;1;0;0;0;0;0;0;0;0;0;0;0;0;0;;;;;2009_2022;CONSTRUIT
0;;310249;LABASTIDE-BEAUVOIR;HAB;Maison Indiv;Conso ENAF;EXT;1293;1;0;0;0;0;0;0;0;0;0;0;0;0;0;;;;;2009_2022;CONSTRUIT
0;;310249;LABASTIDE-BEAUVOIR;HAB;Maison Indiv;INTENSIF;DP;2278;1;0;0;0;0;0;0;0;0;0;0;0;0;0;;;;;2009_2022;CONSTRUIT
0;;310249;LABASTIDE-BEAUVOIR;HAB;Maison Indiv;INTENSIF;DP;495;1;0;0;0;0;0;0;0;0;0;0;0;0;0;;;;;2009_2022;CONSTRUIT
0;;310249;LABASTIDE-BEAUVOIR;HAB;Maison Indiv;INTENSIF;DP;1075;1;0;0;0;0;0;0;0;0;0;0;0;0;0;;;;;2009_2022;CONSTRUIT
0;;310249;LABASTIDE-BEAUVOIR;HAB;Maison Indiv;Conso ENAF;EXT;2962;1;0;0;0;0;0;0;0;0;0;0;0;0;0;;;;;2009_2022;CONSTRUIT
0;;310249;LABASTIDE-BEAUVOIR;HAB;Maison Indiv;Conso ENAF;EXT;6618;1;0;0;0;0;0;0;0;0;0;0;0;0;0;;;;;2009_2022;CONSTRUIT
0;;310192;FOURQUEVAUX;HAB;Maison Indiv;INTENSIF;DC;976;1;0;0;0;0;0;0;0;0;0;0;0;0;0;;;;;2009_2022;CONSTRUIT
0;;310192;FOURQUEVAUX;HAB;Maison Indiv;Conso ENAF;EXT;2297;1;0;0;0;0;0;0;0;0;0;0;0;0;0;;;;;2022_2025;CONSTRUIT
0;;310192;FOURQUEVAUX;HAB;Maison Indiv;INTENSIF;DP;928;1;0;0;0;0;0;0;0;0;0;0;0;0;0;;;;;2022_2025;CONSTRUIT
0;;310192;FOURQUEVAUX;HAB;Maison Indiv;INTENSIF;DP;855;1;0;0;0;0;0;0;0;0;0;0;0;0;0;;;;;2009_2022;CONSTRUIT
0;;310192;FOURQUEVAUX;HAB;Maison Indiv;INTENSIF;DP;895;1;0;0;0;0;0;0;0;0;0;0;0;0;0;;;;;2022_2025;CONSTRUIT
0;;310192;FOURQUEVAUX;HAB;Maison Indiv;INTENSIF;DP;442;1;0;0;0;0;0;0;0;0;0;0;0;0;0;;;;;2022_2025;CONSTRUIT
0;;310192;FOURQUEVAUX;HAB;Maison Indiv;INTENSIF;DC;2399;1;0;0;0;0;0;0;0;0;0;0;0;0;0;;;;;2022_2025;CONSTRUIT
0;;310192;FOURQUEVAUX;ACT;;Conso ENAF;EXT;1981;0;0;0;0;0;0;0;0;0;0;0;0;0;0;;;;;2022_2025;CONSTRUIT
0;;310025;AUREVILLE;ACT;;Conso ENAF;EXT;5890;0;0;0;0;0;0;0;0;0;0;0;0;0;0;;;;;2009_2022;CONSTRUIT
0;;310025;AUREVILLE;HAB;Maison Indiv;Conso ENAF;EXT;4324;1;0;0;0;0;0;0;0;0;0;0;0;0;0;;;;;2009_2022;CONSTRUIT
0;;310025;AUREVILLE;HAB;Maison Indiv;Conso ENAF;EXT;4430;1;0;0;0;0;0;0;0;0;0;0;0;0;0;;;;;2009_2022;CONSTRUIT
0;;310025;AUREVILLE;HAB;Maison Indiv;INTENSIF;DP;1524;1;0;0;0;0;0;0;0;0;0;0;0;0;0;;;;;2009_2022;CONSTRUIT
0;;310025;AUREVILLE;HAB;Maison Indiv;INTENSIF;DP;1883;1;0;0;0;0;0;0;0;0;0;0;0;0;0;;;;;2009_2022;CONSTRUIT
0;;310025;AUREVILLE;HAB;Maison Indiv;INTENSIF;DP;1414;1;0;0;0;0;0;0;0;0;0;0;0;0;0;;;;;2009_2022;CONSTRUIT
0;;310025;AUREVILLE;HAB;;Conso ENAF;EXT;3941;1;0;0;0;0;0;0;0;0;0;0;0;0;0;;;;;2009_2022;CONSTRUIT
0;;310284;LAUZERVILLE;HAB;Maison Indiv;INTENSIF;DP;811;1;0;0;0;0;0;0;0;0;0;0;0;0;0;;;;;2009_2022;CONSTRUIT
0;;310284;LAUZERVILLE;HAB;Maison Indiv;INTENSIF;RU;811;1;0;0;0;0;0;0;0;0;0;0;0;0;0;;;;;2009_2022;CONSTRUIT
0;;310284;LAUZERVILLE;HAB;Maison Indiv;INTENSIF;DP;703;1;0;0;0;0;0;0;0;0;0;0;0;0;0;;;;;2022_2025;CONSTRUIT
0;;310284;LAUZERVILLE;HAB;Maison Indiv;INTENSIF;DP;1378;1;0;0;0;0;0;0;0;0;0;0;0;0;0;;;;;2022_2025;CONSTRUIT
0;;310284;LAUZERVILLE;HAB;Maison Indiv;INTENSIF;DP;550;1;0;0;0;0;0;0;0;0;0;0;0;0;0;;;;;2022_2025;CONSTRUIT
0;;310284;LAUZERVILLE;HAB;Maison Indiv;INTENSIF;DP;467;1;0;0;0;0;0;0;0;0;0;0;0;0;0;;;;;2022_2025;CONSTRUIT
0;;310284;LAUZERVILLE;HAB;Maison Indiv;INTENSIF;DP;337;1;0;0;0;0;0;0;0;0;0;0;0;0;0;;;;;2022_2025;CONSTRUIT
0;;310284;LAUZERVILLE;EQUIP;;INTENSIF;DC;2220;0;0;0;0;0;0;0;0;0;0;0;0;0;0;;;;;2022_2025;CONSTRUIT
0;;310284;LAUZERVILLE;HAB;Maison Indiv;INTENSIF;DP;552;1;0;0;0;0;0;0;0;0;0;0;0;0;0;;;;;2022_2025;CONSTRUIT
0;;310284;LAUZERVILLE;HAB;;Conso ENAF;EXT;26201;34;0;0;0;0;0;6;0;5;23;0;0;0;0;Le Château d'eau;oui;Création Foncière;Colomiers Habitat;2009_2022;CONSTRUIT
0;;310284;LAUZERVILLE;HAB;Maison Indiv;INTENSIF;RU;651;1;0;0;0;0;0;0;0;0;0;0;0;0;0;;;;;2009_2022;CONSTRUIT
0;;310284;LAUZERVILLE;HAB;Maison Indiv;INTENSIF;DP;1522;1;0;0;0;0;0;0;0;0;0;0;0;0;0;;;;;2009_2022;CONSTRUIT
0;;310284;LAUZERVILLE;HAB;Maison Indiv;Conso ENAF;EXT;1735;1;0;0;0;0;0;0;0;0;0;0;0;0;0;;;;;2009_2022;CONSTRUIT
0;;310284;LAUZERVILLE;HAB;Maison Indiv;Conso ENAF;EXT;1178;1;0;0;0;0;0;0;0;0;0;0;0;0;0;;;;;2022_2025;CONSTRUIT
0;;310284;LAUZERVILLE;HAB;Maison Indiv;INTENSIF;DP;3146;1;0;0;0;0;0;0;0;0;0;0;0;0;0;;;;;2022_2025;CONSTRUIT
0;;310284;LAUZERVILLE;HAB;Maison Indiv;INTENSIF;DP;1019;1;0;0;0;0;0;0;0;0;0;0;0;0;0;;;;;2022_2025;CONSTRUIT
0;;310284;LAUZERVILLE;HAB;Maison Indiv;INTENSIF;DP;939;1;0;0;0;0;0;0;0;0;0;0;0;0;0;;;;;2022_2025;CONSTRUIT
0;;310284;LAUZERVILLE;HAB;Maison Indiv;INTENSIF;DP;1232;1;0;0;0;0;0;0;0;0;0;0;0;0;0;;;;;2022_2025;CONSTRUIT
0;;310284;LAUZERVILLE;HAB;Maison Indiv;INTENSIF;DP;854;1;0;0;0;0;0;0;0;0;0;0;0;0;0;;;;;2022_2025;CONSTRUIT
0;;310284;LAUZERVILLE;HAB;Maison Indiv;Conso ENAF;EXT;5966;1;0;0;0;0;0;0;0;0;0;0;0;0;0;;;;;2009_2022;CONSTRUIT
0;;310284;LAUZERVILLE;HAB;;INTENSIF;DC;1058;1;0;0;0;0;0;0;0;0;0;0;0;0;0;;;;;2009_2022;CONSTRUIT
0;;310036;AUZIELLE;HAB;Maison Indiv;INTENSIF;DP;994;1;0;0;0;0;0;0;0;0;0;0;0;0;0;;;;;2022_2025;CONSTRUIT
0;;310402;ODARS;HAB;Maison Indiv;Conso ENAF;EXT;1052;1;0;0;0;0;0;0;0;0;0;0;0;0;0;;;;;2022_2025;CONSTRUIT
0;;310402;ODARS;HAB;Maison Indiv;INTENSIF;DP;540;1;0;0;0;0;0;0;0;0;0;0;0;0;0;;;;;2022_2025;CONSTRUIT
0;;310402;ODARS;HAB;Maison Indiv;INTENSIF;DP;605;1;0;0;0;0;0;0;0;0;0;0;0;0;0;;;;;2009_2022;CONSTRUIT
0;;310402;ODARS;HAB;;Conso ENAF;EXT;29129;21;0;0;0;0;0;0;0;0;21;0;0;0;21;Rembillot;oui;SCI Le Panorama;;2009_2022;CONSTRUIT
0;;310402;ODARS;HAB;Maison Indiv;INTENSIF;DP;1919;1;0;0;0;0;0;0;0;0;0;0;0;0;0;;;;;2022_2025;CONSTRUIT
0;;310402;ODARS;HAB;;Conso ENAF;EXT;3255;2;0;0;0;0;0;0;0;0;0;0;0;0;0;;;;;2009_2022;CONSTRUIT
0;;310402;ODARS;HAB;Maison Indiv;Conso ENAF;EXT;3074;1;0;0;0;0;0;0;0;0;0;0;0;0;0;;;;;2009_2022;CONSTRUIT
0;;310402;ODARS;HAB;Maison Indiv;INTENSIF;DC;869;1;0;0;0;0;0;0;0;0;0;0;0;0;0;;;;;2009_2022;CONSTRUIT
0;;310402;ODARS;HAB;;Conso ENAF;EXT;20208;14;0;0;0;0;0;0;0;0;14;0;0;0;14;L'Estanque;oui;;;2009_2022;CONSTRUIT
0;;310402;ODARS;HAB;Maison Indiv;Conso ENAF;EXT;3195;1;0;0;0;0;0;0;0;0;0;0;0;0;0;;;;;2009_2022;CONSTRUIT
0;;310402;ODARS;HAB;;Conso ENAF;EXT;8171;3;0;0;0;0;0;0;0;0;0;0;0;0;0;;;;;2009_2022;CONSTRUIT
0;;310402;ODARS;HAB;;INTENSIF;DC;2558;7;0;0;0;0;0;0;0;0;7;0;0;7;0;Domaine de Pibrac;oui;ESPI;;2009_2022;CONSTRUIT
0;;310568;VARENNES;HAB;Maison Indiv;Conso ENAF;EXT;1242;1;0;0;0;0;0;0;0;0;0;0;0;0;0;;;;;2009_2022;CONSTRUIT
0;;310568;VARENNES;HAB;Maison Indiv;INTENSIF;DP;2360;1;0;0;0;0;0;0;0;0;0;0;0;0;0;;;;;2009_2022;CONSTRUIT
0;;310058;BELBEZE-DE-LAURAGAIS;HAB;Maison Indiv;Conso ENAF;EXT;2480;1;0;0;0;0;0;0;0;0;0;0;0;0;0;;;;;2009_2022;CONSTRUIT
0;;310058;BELBEZE-DE-LAURAGAIS;HAB;Maison Indiv;Conso ENAF;EXT;5390;1;0;0;0;0;0;0;0;0;0;0;0;0;0;;;;;2009_2022;CONSTRUIT
0;;310437;POUZE;HAB;Maison Indiv;Conso ENAF;EXT;2587;1;0;0;0;0;0;0;0;0;0;0;0;0;0;;;;;2009_2022;CONSTRUIT
0;;310401;NOUEILLES;HAB;;Conso ENAF;EXT;3130;5;0;0;0;0;0;0;0;0;0;0;0;0;0;La côte de Moutounié;oui;0;0;2009_2022;CONSTRUIT
0;;310401;NOUEILLES;HAB;Maison Indiv;Conso ENAF;EXT;984;1;0;0;0;0;0;0;0;0;0;0;0;0;0;;;;;2009_2022;CONSTRUIT
0;;310401;NOUEILLES;HAB;Maison Indiv;Conso ENAF;EXT;1100;1;0;0;0;0;0;0;0;0;0;0;0;0;0;;;;;2009_2022;CONSTRUIT
0;;310401;NOUEILLES;HAB;Maison Indiv;Conso ENAF;EXT;1011;2;0;0;0;0;0;0;0;0;0;0;0;0;0;;;;;2009_2022;CONSTRUIT
0;;310401;NOUEILLES;HAB;Maison Indiv;INTENSIF;DP;1264;1;0;0;0;0;0;0;0;0;0;0;0;0;0;;;;;2009_2022;CONSTRUIT
0;;310401;NOUEILLES;HAB;Maison Indiv;Conso ENAF;EXT;1239;1;0;0;0;0;0;0;0;0;0;0;0;0;0;;;;;2022_2025;CONSTRUIT
0;;310401;NOUEILLES;HAB;Maison Indiv;INTENSIF;DP;1156;1;0;0;0;0;0;0;0;0;0;0;0;0;0;;;;;2009_2022;CONSTRUIT
0;;310401;NOUEILLES;HAB;Maison Indiv;INTENSIF;DP;547;1;0;0;0;0;0;0;0;0;0;0;0;0;0;;;;;2022_2025;CONSTRUIT
0;;310401;NOUEILLES;HAB;;Conso ENAF;EXT;1106;2;0;0;0;0;0;0;0;0;0;0;0;0;0;;;;;2009_2022;CONSTRUIT
0;;310401;NOUEILLES;HAB;;Conso ENAF;EXT;2952;5;0;0;0;0;0;0;0;0;0;0;0;0;0;;oui;;;2009_2022;CONSTRUIT
0;;310401;NOUEILLES;HAB;Maison Indiv;INTENSIF;DP;2563;1;0;0;0;0;0;0;0;0;0;0;0;0;0;;;;;2009_2022;CONSTRUIT
0;;310401;NOUEILLES;HAB;Maison Indiv;INTENSIF;DP;1282;1;0;0;0;0;0;0;0;0;0;0;0;0;0;;;;;2009_2022;CONSTRUIT
0;;310240;ISSUS;HAB;Maison Indiv;Conso ENAF;EXT;2709;1;0;0;0;0;0;0;0;0;0;0;0;0;0;;;;;2009_2022;CONSTRUIT
0;;310240;ISSUS;HAB;;Conso ENAF;EXT;9551;12;0;0;0;0;0;0;0;0;12;0;11;0;11;Panici;oui;SARL IMMO 2B CONCEPT;;2009_2022;CONSTRUIT
0;;310240;ISSUS;HAB;Maison Indiv;INTENSIF;DP;1112;1;0;0;0;0;0;0;0;0;0;0;0;0;0;;;;;2009_2022;CONSTRUIT
0;;310240;ISSUS;HAB;Maison Indiv;INTENSIF;DP;805;1;0;0;0;0;0;0;0;0;0;0;0;0;0;;;;;2009_2022;CONSTRUIT
0;;310240;ISSUS;HAB;Maison Indiv;INTENSIF;DP;806;1;0;0;0;0;0;0;0;0;0;0;0;0;0;;;;;2009_2022;CONSTRUIT
0;;310240;ISSUS;HAB;;Conso ENAF;EXT;17525;14;0;0;0;0;0;0;0;0;14;0;0;0;14;Le Panorama;oui;0;0;2009_2022;CONSTRUIT
0;;310171;ESPANES;HAB;Maison Indiv;Conso ENAF;EXT;867;1;0;0;0;0;0;0;0;0;0;0;0;0;0;;;;;2022_2025;CONSTRUIT
0;;310171;ESPANES;HAB;Maison Indiv;Conso ENAF;EXT;1394;1;0;0;0;0;0;0;0;0;0;0;0;0;0;;;;;2022_2025;CONSTRUIT
0;;310171;ESPANES;HAB;;Conso ENAF;EXT;17476;8;0;0;0;0;0;0;0;0;8;0;0;0;7;Doumens;oui;;;2009_2022;CONSTRUIT
0;;310171;ESPANES;HAB;Maison Indiv;INTENSIF;DP;1128;1;0;0;0;0;0;0;0;0;0;0;0;0;0;;;;;2022_2025;CONSTRUIT
0;;310171;ESPANES;HAB;Maison Indiv;Conso ENAF;EXT;957;1;0;0;0;0;0;0;0;0;0;0;0;0;0;;;;;2022_2025;CONSTRUIT
0;;310171;ESPANES;HAB;Maison Indiv;Conso ENAF;EXT;964;1;0;0;0;0;0;0;0;0;0;0;0;0;0;;;;;2022_2025;CONSTRUIT
0;;310148;CLERMONT-LE-FORT;HAB;Maison Indiv;Conso ENAF;EXT;1049;1;0;0;0;0;0;0;0;0;0;0;0;0;0;;;;;2009_2022;CONSTRUIT
0;;310148;CLERMONT-LE-FORT;HAB;Maison Indiv;INTENSIF;DC;722;1;0;0;0;0;0;0;0;0;0;0;0;0;0;;;;;2009_2022;CONSTRUIT
0;;310148;CLERMONT-LE-FORT;HAB;Maison Indiv;INTENSIF;DP;647;1;0;0;0;0;0;0;0;0;0;0;0;0;0;;;;;2022_2025;CONSTRUIT
0;;310148;CLERMONT-LE-FORT;HAB;Maison Indiv;INTENSIF;DC;1726;1;0;0;0;0;0;0;0;0;0;0;0;0;0;;;;;2009_2022;CONSTRUIT
0;;310148;CLERMONT-LE-FORT;HAB;Maison Indiv;INTENSIF;DC;1477;1;0;0;0;0;0;0;0;0;0;0;0;0;0;;;;;2022_2025;CONSTRUIT
0;;310148;CLERMONT-LE-FORT;HAB;Maison Indiv;INTENSIF;DP;532;1;0;0;0;0;0;0;0;0;0;0;0;0;0;;;;;2022_2025;CONSTRUIT
0;;310148;CLERMONT-LE-FORT;HAB;Maison Indiv;INTENSIF;DC;728;1;0;0;0;0;0;0;0;0;0;0;0;0;0;;;;;2009_2022;CONSTRUIT
0;;310148;CLERMONT-LE-FORT;HAB;Maison Indiv;INTENSIF;DC;815;1;0;0;0;0;0;0;0;0;0;0;0;0;0;;;;;2009_2022;CONSTRUIT
0;;310148;CLERMONT-LE-FORT;HAB;Maison Indiv;Conso ENAF;EXT;2164;1;0;0;0;0;0;0;0;0;0;0;0;0;0;;;;;2009_2022;CONSTRUIT
0;;310148;CLERMONT-LE-FORT;HAB;Maison Indiv;Conso ENAF;EXT;1118;1;0;0;0;0;0;0;0;0;0;0;0;0;0;;;;;2009_2022;CONSTRUIT
0;;310148;CLERMONT-LE-FORT;HAB;Maison Indiv;INTENSIF;DP;3200;1;0;0;0;0;0;0;0;0;0;0;0;0;0;;;;;2022_2025;CONSTRUIT
0;;310148;CLERMONT-LE-FORT;HAB;Maison Indiv;INTENSIF;DP;1744;1;0;0;0;0;0;0;0;0;0;0;0;0;0;;;;;2009_2022;CONSTRUIT
0;;310148;CLERMONT-LE-FORT;HAB;Maison Indiv;INTENSIF;DP;1507;1;0;0;0;0;0;0;0;0;0;0;0;0;0;;;;;2009_2022;CONSTRUIT
0;;310148;CLERMONT-LE-FORT;HAB;Maison Indiv;INTENSIF;DP;2234;1;0;0;0;0;0;0;0;0;0;0;0;0;0;;;;;2022_2025;CONSTRUIT
0;;310148;CLERMONT-LE-FORT;HAB;Maison Indiv;INTENSIF;DP;1534;1;0;0;0;0;0;0;0;0;0;0;0;0;0;;;;;2009_2022;CONSTRUIT
0;;310148;CLERMONT-LE-FORT;HAB;Maison Indiv;Conso ENAF;EXT;1552;3;0;0;0;0;0;0;0;0;0;0;0;0;0;;oui;;;2022_2025;CONSTRUIT
0;;310151;CORRONSAC;HAB;;Conso ENAF;EXT;14405;17;0;0;0;0;0;0;0;5;12;0;17;0;17;De vert et d'or;oui;SATER;0;2022_2025;CONSTRUIT
0;;310151;CORRONSAC;HAB;;Conso ENAF;EXT;24536;23;0;0;0;0;0;0;0;0;23;0;23;0;23;Les balcons de Cossignol;oui;;;2009_2022;CONSTRUIT
0;;310151;CORRONSAC;HAB;Maison Indiv;INTENSIF;DP;396;1;0;0;0;0;0;0;0;0;0;0;0;0;0;;;;;2022_2025;CONSTRUIT
0;;310151;CORRONSAC;HAB;Maison Indiv;Conso ENAF;EXT;1538;1;0;0;0;0;0;0;0;0;0;0;0;0;0;;;;;2009_2022;CONSTRUIT
0;;310151;CORRONSAC;ACT;;INTENSIF;RU;673;0;0;0;0;0;0;0;0;0;0;0;0;0;0;;;;;2022_2025;CONSTRUIT
0;;310151;CORRONSAC;HAB;;Conso ENAF;EXT;2661;10;0;0;0;0;0;4;0;6;0;0;10;10;0;Jardins de Victor;oui;;Cité Jardins;2009_2022;CONSTRUIT
0;;310151;CORRONSAC;HAB;Maison Indiv;Conso ENAF;EXT;1086;1;0;0;0;0;0;0;0;0;0;0;0;0;0;;;;;2009_2022;CONSTRUIT
0;;310151;CORRONSAC;HAB;Maison Indiv;Conso ENAF;EXT;1117;1;0;0;0;0;0;0;0;0;0;0;0;0;0;;;;;2009_2022;CONSTRUIT
0;;310151;CORRONSAC;HAB;Maison Indiv;Conso ENAF;EXT;1116;1;0;0;0;0;0;0;0;0;0;0;0;0;0;;;;;2009_2022;CONSTRUIT
0;;310151;CORRONSAC;HAB;Maison Indiv;INTENSIF;RU;1117;1;0;0;0;0;0;0;0;0;0;0;0;0;0;;;;;2009_2022;CONSTRUIT
0;;310151;CORRONSAC;HAB;Maison Indiv;INTENSIF;RU;1107;1;0;0;0;0;0;0;0;0;0;0;0;0;0;;;;;2009_2022;CONSTRUIT
0;;310151;CORRONSAC;HAB;Maison Indiv;Conso ENAF;EXT;1247;1;0;0;0;0;0;0;0;0;0;0;0;0;0;;;;;2009_2022;CONSTRUIT
0;;310151;CORRONSAC;HAB;Maison Indiv;INTENSIF;DC;739;1;0;0;0;0;0;0;0;0;0;0;0;0;0;;;;;2022_2025;CONSTRUIT
0;;310151;CORRONSAC;HAB;Maison Indiv;INTENSIF;DC;71;1;0;0;0;0;0;0;0;0;0;0;0;0;0;;;;;2022_2025;CONSTRUIT
0;;310151;CORRONSAC;HAB;Maison Indiv;INTENSIF;DP;1916;1;0;0;0;0;0;0;0;0;0;0;0;0;0;;;;;2022_2025;CONSTRUIT
0;;310151;CORRONSAC;HAB;Maison Indiv;INTENSIF;DP;978;1;0;0;0;0;0;0;0;0;0;0;0;0;0;;;;;2009_2022;CONSTRUIT
0;;310151;CORRONSAC;HAB;Maison Indiv;Conso ENAF;EXT;1102;1;0;0;0;0;0;0;0;0;0;0;0;0;0;;;;;2009_2022;CONSTRUIT
0;;310151;CORRONSAC;HAB;Maison Indiv;INTENSIF;DP;629;1;0;0;0;0;0;0;0;0;0;0;0;0;0;;;;;2009_2022;CONSTRUIT
0;;310151;CORRONSAC;HAB;Maison Indiv;INTENSIF;DP;622;1;0;0;0;0;0;0;0;0;0;0;0;0;0;;;;;2022_2025;CONSTRUIT
0;;310151;CORRONSAC;HAB;Maison Indiv;INTENSIF;DP;901;1;0;0;0;0;0;0;0;0;0;0;0;0;0;;;;;2009_2022;CONSTRUIT
0;;310151;CORRONSAC;HAB;Maison Indiv;INTENSIF;DP;722;1;0;0;0;0;0;0;0;0;0;0;0;0;0;;;;;2022_2025;CONSTRUIT
0;;310151;CORRONSAC;HAB;Maison Indiv;Conso ENAF;EXT;576;1;0;0;0;0;0;0;0;0;0;0;0;0;0;;;;;2009_2022;CONSTRUIT
0;;310151;CORRONSAC;HAB;;Conso ENAF;EXT;2558;1;0;0;0;0;0;0;0;0;0;0;0;0;0;;;;;2009_2022;CONSTRUIT
0;;310151;CORRONSAC;ACT;;Conso ENAF;EXT;3792;0;0;0;0;0;0;0;0;0;0;0;0;0;0;;;;;2009_2022;CONSTRUIT
0;;310151;CORRONSAC;ACT;;Conso ENAF;EXT;3711;0;0;0;0;0;0;0;0;0;0;0;0;0;0;;;;;2009_2022;CONSTRUIT
0;;310151;CORRONSAC;HAB;Maison Indiv;Conso ENAF;EXT;1203;1;0;0;0;0;0;0;0;0;0;0;0;0;0;;;;;2009_2022;CONSTRUIT
0;;310151;CORRONSAC;EQUIP;;Conso ENAF;EXT;3942;0;0;0;0;0;0;0;0;0;0;0;0;0;0;;;;;2009_2022;CONSTRUIT
0;;310340;MERVILLA;HAB;Maison Indiv;Conso ENAF;EXT;3642;1;0;0;0;0;0;0;0;0;0;0;0;0;0;;;;;2009_2022;CONSTRUIT
0;;310340;MERVILLA;HAB;Maison Indiv;INTENSIF;DP;2037;1;0;0;0;0;0;0;0;0;0;0;0;0;0;;;;;2009_2022;CONSTRUIT
0;;310340;MERVILLA;HAB;Maison Indiv;Conso ENAF;EXT;3450;1;0;0;0;0;0;0;0;0;0;0;0;0;0;;;;;2009_2022;CONSTRUIT
0;;310340;MERVILLA;HAB;Maison Indiv;Conso ENAF;EXT;3891;1;0;0;0;0;0;0;0;0;0;0;0;0;0;;;;;2009_2022;CONSTRUIT
0;;310340;MERVILLA;HAB;Maison Indiv;Conso ENAF;EXT;3487;1;0;0;0;0;0;0;0;0;0;0;0;0;0;;;;;2009_2022;CONSTRUIT
0;;310340;MERVILLA;HAB;Maison Indiv;INTENSIF;DP;3055;1;0;0;0;0;0;0;0;0;0;0;0;0;0;;;;;2009_2022;CONSTRUIT
0;;310340;MERVILLA;HAB;Maison Indiv;INTENSIF;DP;1360;1;0;0;0;0;0;0;0;0;0;0;0;0;0;;;;;2022_2025;CONSTRUIT
0;;310340;MERVILLA;HAB;Maison Indiv;Conso ENAF;EXT;1860;1;0;0;0;0;0;0;0;0;0;0;0;0;0;;;;;2022_2025;CONSTRUIT
0;;310340;MERVILLA;HAB;Maison Indiv;Conso ENAF;EXT;3489;1;0;0;0;0;0;0;0;0;0;0;0;0;0;;;;;2009_2022;CONSTRUIT
0;;310366;MONTBRUN-LAURAGAIS;HAB;;Conso ENAF;EXT;17513;18;0;0;0;0;0;6;0;5;12;0;0;5;17;Souleilha;oui;Création Foncière;Les Chalets;2009_2022;CONSTRUIT
0;;310366;MONTBRUN-LAURAGAIS;HAB;Maison Indiv;Conso ENAF;EXT;2256;1;0;0;0;0;0;0;0;0;0;0;0;0;0;;;;;2009_2022;CONSTRUIT
0;;310366;MONTBRUN-LAURAGAIS;HAB;Maison Indiv;Conso ENAF;EXT;832;1;0;0;0;0;0;0;0;0;0;0;0;0;0;;;;;2009_2022;CONSTRUIT
0;;310366;MONTBRUN-LAURAGAIS;HAB;Maison Indiv;Conso ENAF;EXT;2427;1;0;0;0;0;0;0;0;0;0;0;0;0;0;;;;;2009_2022;CONSTRUIT
0;;310366;MONTBRUN-LAURAGAIS;HAB;;Conso ENAF;EXT;21454;20;0;0;0;0;0;0;0;0;0;0;0;0;0;;oui;;;2009_2022;CONSTRUIT
0;;310366;MONTBRUN-LAURAGAIS;HAB;Maison Indiv;Conso ENAF;EXT;892;1;0;0;0;0;0;0;0;0;0;0;0;0;0;;;;;2009_2022;CONSTRUIT
0;;310366;MONTBRUN-LAURAGAIS;HAB;Maison Indiv;Conso ENAF;EXT;903;1;0;0;0;0;0;0;0;0;0;0;0;0;0;;;;;2009_2022;CONSTRUIT
0;;310366;MONTBRUN-LAURAGAIS;ACT;;Conso ENAF;EXT;5598;0;0;0;0;0;0;0;0;0;0;0;0;0;0;;;;;2009_2022;CONSTRUIT
0;;310366;MONTBRUN-LAURAGAIS;HAB;Maison Indiv;INTENSIF;DC;1225;1;0;0;0;0;0;0;0;0;0;0;0;0;0;;;;;2009_2022;CONSTRUIT
0;;310366;MONTBRUN-LAURAGAIS;HAB;Maison Indiv;INTENSIF;DC;1307;1;0;0;0;0;0;0;0;0;0;0;0;0;0;;;;;2022_2025;CONSTRUIT
0;;310366;MONTBRUN-LAURAGAIS;HAB;Maison Indiv;INTENSIF;DP;912;1;0;0;0;0;0;0;0;0;0;0;0;0;0;;;;;2022_2025;CONSTRUIT
0;;310366;MONTBRUN-LAURAGAIS;HAB;Maison Indiv;INTENSIF;DP;1215;1;0;0;0;0;0;0;0;0;0;0;0;0;0;;;;;2009_2022;CONSTRUIT
0;;310366;MONTBRUN-LAURAGAIS;ACT;;Conso ENAF;EXT;4719;0;0;0;0;0;0;0;0;0;0;0;0;0;0;;;;;2009_2022;CONSTRUIT
0;;310259;LACROIX-FALGARDE;ACT;;INTENSIF;DC;2717;0;0;0;0;0;0;0;0;0;0;0;0;0;0;;;;;2009_2022;CONSTRUIT
0;;310259;LACROIX-FALGARDE;HAB;;INTENSIF;DC;4587;6;0;0;0;0;0;0;0;0;0;0;0;0;0;;oui;;;2009_2022;CONSTRUIT
0;;310259;LACROIX-FALGARDE;HAB;;Conso ENAF;EXT;21884;9;0;0;0;0;0;0;0;0;0;0;0;0;0;;oui;;;2009_2022;CONSTRUIT
0;;310381;MONTGISCARD;HAB;Maison Indiv;INTENSIF;DP;912;1;0;0;0;0;0;0;0;0;0;0;0;0;0;;;;;2022_2025;CONSTRUIT
0;;310381;MONTGISCARD;HAB;Maison Indiv;Conso ENAF;EXT;1450;1;0;0;0;0;0;0;0;0;0;0;0;0;0;;;;;2022_2025;CONSTRUIT
0;;310259;LACROIX-FALGARDE;HAB;Maison Indiv;Conso ENAF;EXT;973;1;0;0;0;0;0;0;0;0;0;0;0;0;0;;;;;2009_2022;CONSTRUIT
0;;310259;LACROIX-FALGARDE;HAB;;Conso ENAF;EXT;4768;3;0;0;0;0;0;0;0;0;0;0;0;0;0;;;;;2022_2025;CONSTRUIT
0;;310448;REBIGUE;HAB;Maison Indiv;INTENSIF;DP;854;1;0;0;0;0;0;0;0;0;0;0;0;0;0;;;;;2009_2022;CONSTRUIT
0;;310448;REBIGUE;HAB;Maison Indiv;INTENSIF;DP;2042;1;0;0;0;0;0;0;0;0;0;0;0;0;0;;;;;2022_2025;CONSTRUIT
0;;310448;REBIGUE;HAB;Maison Indiv;Conso ENAF;EXT;1522;1;0;0;0;0;0;0;0;0;0;0;0;0;0;;;;;2009_2022;CONSTRUIT
0;;310448;REBIGUE;HAB;Maison Indiv;Conso ENAF;EXT;1647;1;0;0;0;0;0;0;0;0;0;0;0;0;0;;;;;2009_2022;CONSTRUIT
0;;310448;REBIGUE;ACT;;Conso ENAF;EXT;2223;0;0;0;0;0;0;0;0;0;0;0;0;0;0;;;;;2009_2022;CONSTRUIT
0;;310578;VIGOULET-AUZIL;HAB;Maison Indiv;INTENSIF;DP;1002;1;0;0;0;0;0;0;0;0;0;0;0;0;0;;;;;2009_2022;CONSTRUIT
0;;310578;VIGOULET-AUZIL;HAB;Maison Indiv;INTENSIF;DC;1775;1;0;0;0;0;0;0;0;0;0;0;0;0;0;;;;;2022_2025;CONSTRUIT
0;;310578;VIGOULET-AUZIL;HAB;Maison Indiv;INTENSIF;DC;1629;1;0;0;0;0;0;0;0;0;0;0;0;0;0;;;;;2022_2025;CONSTRUIT
0;;310578;VIGOULET-AUZIL;HAB;Maison Indiv;INTENSIF;DC;1493;1;0;0;0;0;0;0;0;0;0;0;0;0;0;;;;;2022_2025;CONSTRUIT
0;;310578;VIGOULET-AUZIL;HAB;Maison Indiv;INTENSIF;DP;1463;1;0;0;0;0;0;0;0;0;0;0;0;0;0;;;;;2009_2022;CONSTRUIT
0;;310578;VIGOULET-AUZIL;HAB;Maison Indiv;INTENSIF;DP;759;1;0;0;0;0;0;0;0;0;0;0;0;0;0;;;;;2009_2022;CONSTRUIT
0;;310578;VIGOULET-AUZIL;HAB;Maison Indiv;INTENSIF;DP;1637;1;0;0;0;0;0;0;0;0;0;0;0;0;0;;;;;2009_2022;CONSTRUIT
0;;310578;VIGOULET-AUZIL;HAB;Maison Indiv;INTENSIF;DP;1341;1;0;0;0;0;0;0;0;0;0;0;0;0;0;;;;;2009_2022;CONSTRUIT
0;;310578;VIGOULET-AUZIL;HAB;Maison Indiv;INTENSIF;DP;1514;1;0;0;0;0;0;0;0;0;0;0;0;0;0;;;;;2009_2022;CONSTRUIT
0;;310578;VIGOULET-AUZIL;HAB;Maison Indiv;Conso ENAF;EXT;2795;1;0;0;0;0;0;0;0;0;0;0;0;0;0;;;;;2009_2022;CONSTRUIT
0;;310578;VIGOULET-AUZIL;HAB;Maison Indiv;Conso ENAF;EXT;3599;1;0;0;0;0;0;0;0;0;0;0;0;0;0;;;;;2009_2022;CONSTRUIT
0;;310578;VIGOULET-AUZIL;HAB;Maison Indiv;INTENSIF;DP;1700;1;0;0;0;0;0;0;0;0;0;0;0;0;0;;;;;2009_2022;CONSTRUIT
0;;310578;VIGOULET-AUZIL;HAB;Maison Indiv;INTENSIF;DP;2252;1;0;0;0;0;0;0;0;0;0;0;0;0;0;;;;;2009_2022;CONSTRUIT
0;;310578;VIGOULET-AUZIL;HAB;Maison Indiv;INTENSIF;DP;8359;1;0;0;0;0;0;0;0;0;0;0;0;0;0;;;;;2022_2025;CONSTRUIT
0;;310578;VIGOULET-AUZIL;HAB;Maison Indiv;INTENSIF;DP;1440;1;0;0;0;0;0;0;0;0;0;0;0;0;0;;;;;2022_2025;CONSTRUIT
0;;310578;VIGOULET-AUZIL;HAB;Maison Indiv;INTENSIF;DP;800;1;0;0;0;0;0;0;0;0;0;0;0;0;0;;;;;2009_2022;CONSTRUIT
0;;310578;VIGOULET-AUZIL;HAB;Maison Indiv;INTENSIF;DP;1181;1;0;0;0;0;0;0;0;0;0;0;0;0;0;;;;;2022_2025;CONSTRUIT
0;;310578;VIGOULET-AUZIL;HAB;Maison Indiv;INTENSIF;DP;1382;1;0;0;0;0;0;0;0;0;0;0;0;0;0;;;;;2022_2025;CONSTRUIT
0;;310578;VIGOULET-AUZIL;HAB;Maison Indiv;INTENSIF;DP;1749;1;0;0;0;0;0;0;0;0;0;0;0;0;0;;;;;2022_2025;CONSTRUIT
0;;310578;VIGOULET-AUZIL;HAB;Maison Indiv;INTENSIF;DP;1948;1;0;0;0;0;0;0;0;0;0;0;0;0;0;;;;;2022_2025;CONSTRUIT
0;;310578;VIGOULET-AUZIL;HAB;Maison Indiv;INTENSIF;DP;396;1;0;0;0;0;0;0;0;0;0;0;0;0;0;;;;;2022_2025;CONSTRUIT
0;;310578;VIGOULET-AUZIL;HAB;Maison Indiv;INTENSIF;DP;1506;1;0;0;0;0;0;0;0;0;0;0;0;0;0;;;;;2022_2025;CONSTRUIT
0;;310578;VIGOULET-AUZIL;HAB;Maison Indiv;INTENSIF;DP;2176;1;0;0;0;0;0;0;0;0;0;0;0;0;0;;;;;2009_2022;CONSTRUIT
0;;310578;VIGOULET-AUZIL;HAB;Maison Indiv;INTENSIF;RU;3939;1;0;0;0;0;0;0;0;0;0;0;0;0;0;;;;;2022_2025;CONSTRUIT
0;;310578;VIGOULET-AUZIL;HAB;Maison Indiv;INTENSIF;DP;1291;1;0;0;0;0;0;0;0;0;0;0;0;0;0;;;;;2009_2022;CONSTRUIT
0;;310025;AUREVILLE;HAB;Maison Indiv;INTENSIF;DP;1772;1;0;0;0;0;0;0;0;0;0;0;0;0;0;;;;;2009_2022;CONSTRUIT
0;;310578;VIGOULET-AUZIL;HAB;Maison Indiv;Conso ENAF;EXT;5130;1;0;0;0;0;0;0;0;0;0;0;0;0;0;;;;;2009_2022;CONSTRUIT
0;;310411;PECHBUSQUE;HAB;Maison Indiv;INTENSIF;DP;829;1;0;0;0;0;0;0;0;0;0;0;0;0;0;;;;;2009_2022;CONSTRUIT
0;;310411;PECHBUSQUE;HAB;Maison Indiv;INTENSIF;DP;643;1;0;0;0;0;0;0;0;0;0;0;0;0;0;;;;;2022_2025;CONSTRUIT
0;;310411;PECHBUSQUE;HAB;Maison Indiv;INTENSIF;DP;1467;1;0;0;0;0;0;0;0;0;0;0;0;0;0;;;;;2022_2025;CONSTRUIT
0;;310411;PECHBUSQUE;HAB;Maison Indiv;INTENSIF;DP;1488;1;0;0;0;0;0;0;0;0;0;0;0;0;0;;;;;2022_2025;CONSTRUIT
0;;310411;PECHBUSQUE;HAB;Maison Indiv;INTENSIF;DP;1708;1;0;0;0;0;0;0;0;0;0;0;0;0;0;;;;;2009_2022;CONSTRUIT
0;;310411;PECHBUSQUE;HAB;Maison Indiv;INTENSIF;RU;589;1;0;0;0;0;0;0;0;0;0;0;0;0;0;;;;;2009_2022;CONSTRUIT
0;;310411;PECHBUSQUE;HAB;Maison Indiv;INTENSIF;RU;865;1;0;0;0;0;0;0;0;0;0;0;0;0;0;;;;;2009_2022;CONSTRUIT
0;;310411;PECHBUSQUE;HAB;Maison Indiv;INTENSIF;DC;2975;1;0;0;0;0;0;0;0;0;0;0;0;0;0;;;;;2009_2022;CONSTRUIT
0;;310411;PECHBUSQUE;HAB;Maison Indiv;INTENSIF;DP;1040;1;0;0;0;0;0;0;0;0;0;0;0;0;0;;;;;2009_2022;CONSTRUIT
0;;310411;PECHBUSQUE;HAB;Maison Indiv;INTENSIF;DP;1331;1;0;0;0;0;0;0;0;0;0;0;0;0;0;;;;;2009_2022;CONSTRUIT
0;;310411;PECHBUSQUE;HAB;Maison Indiv;Conso ENAF;EXT;2229;1;0;0;0;0;0;0;0;0;0;0;0;0;0;;;;;2009_2022;CONSTRUIT
0;;310411;PECHBUSQUE;HAB;Maison Indiv;Conso ENAF;EXT;2309;1;0;0;0;0;0;0;0;0;0;0;0;0;0;;;;;2009_2022;CONSTRUIT
0;;310411;PECHBUSQUE;HAB;Maison Indiv;INTENSIF;DC;1392;1;0;0;0;0;0;0;0;0;0;0;0;0;0;;;;;2009_2022;CONSTRUIT
0;;310411;PECHBUSQUE;HAB;Maison Indiv;INTENSIF;DP;683;1;0;0;0;0;0;0;0;0;0;0;0;0;0;;;;;2009_2022;CONSTRUIT
0;;310411;PECHBUSQUE;HAB;Maison Indiv;INTENSIF;RU;2093;1;0;0;0;0;0;0;0;0;0;0;0;0;0;;;;;2009_2022;CONSTRUIT
0;;310411;PECHBUSQUE;HAB;Maison Indiv;Conso ENAF;EXT;2241;1;0;0;0;0;0;0;0;0;0;0;0;0;0;;;;;2009_2022;CONSTRUIT
0;;310411;PECHBUSQUE;HAB;Maison Indiv;Conso ENAF;EXT;2966;1;0;0;0;0;0;0;0;0;0;0;0;0;0;;;;;2009_2022;CONSTRUIT
0;;310409;PECHABOU;HAB;Maison Indiv;INTENSIF;DP;551;1;0;0;0;0;0;0;0;0;0;0;0;0;0;;;;;2009_2022;CONSTRUIT
0;;310409;PECHABOU;EQUIP;;INTENSIF;DP;1414;0;0;0;0;0;0;0;0;0;0;0;0;0;0;;;;;2009_2022;CONSTRUIT
0;;310409;PECHABOU;HAB;Maison Indiv;INTENSIF;DP;583;1;0;0;0;0;0;0;0;0;0;0;0;0;0;;;;;2022_2025;CONSTRUIT
0;;310409;PECHABOU;HAB;Maison Indiv;INTENSIF;DP;337;1;0;0;0;0;0;0;0;0;0;0;0;0;0;;;;;2009_2022;CONSTRUIT
;;310409;PECHABOU;HAB;Maison Indiv;INTENSIF;RU;694;5;;;;;;;;;;;;;;;oui;;;2009_2022;CONSTRUIT
0;;310409;PECHABOU;HAB;Maison Indiv;Conso ENAF;EXT;1274;1;0;0;0;0;0;0;0;0;0;0;0;0;0;;;;;2009_2022;CONSTRUIT
0;;310409;PECHABOU;HAB;;INTENSIF;RU;4721;5;0;0;0;0;0;0;0;0;0;0;5;0;0;Le Hameau du Canal;oui;SARL TERRA D'OC;0;2009_2022;CONSTRUIT
0;;310409;PECHABOU;HAB;Maison Indiv;INTENSIF;RU;1042;1;0;0;0;0;0;0;0;0;0;0;0;0;0;;;;;2009_2022;CONSTRUIT
0;;310409;PECHABOU;HAB;Maison Indiv;INTENSIF;DP;420;1;0;0;0;0;0;0;0;0;0;0;0;0;0;;;;;2009_2022;CONSTRUIT
0;;310004;AYGUESVIVES;HAB;Maison Indiv;INTENSIF;DP;1793;1;0;0;0;0;0;0;0;0;0;0;0;0;0;;;;;2009_2022;CONSTRUIT
0;;310004;AYGUESVIVES;HAB;Maison Indiv;Conso ENAF;EXT;3561;1;0;0;0;0;0;0;0;0;0;0;0;0;0;;;;;2009_2022;CONSTRUIT
0;;310004;AYGUESVIVES;HAB;Maison Indiv;INTENSIF;DP;2140;1;0;0;0;0;0;0;0;0;0;0;0;0;0;;;;;2009_2022;CONSTRUIT
0;;310004;AYGUESVIVES;HAB;;Conso ENAF;EXT;10419;8;0;0;0;0;0;0;0;0;0;0;0;0;0;;;;;2009_2022;CONSTRUIT
0;;310004;AYGUESVIVES;HAB;;Conso ENAF;EXT;3857;4;0;0;0;0;0;0;0;0;0;0;0;0;0;;oui;;;2009_2022;CONSTRUIT
0;;310004;AYGUESVIVES;HAB;Maison Indiv;Conso ENAF;EXT;1446;1;0;0;0;0;0;0;0;0;0;0;0;0;0;;;;;2009_2022;CONSTRUIT
0;;310004;AYGUESVIVES;HAB;Maison Indiv;Conso ENAF;EXT;1065;1;0;0;0;0;0;0;0;0;0;0;0;0;0;;;;;2009_2022;CONSTRUIT
0;;310004;AYGUESVIVES;HAB;Maison Indiv;Conso ENAF;EXT;1106;1;0;0;0;0;0;0;0;0;0;0;0;0;0;;;;;2009_2022;CONSTRUIT
0;;310004;AYGUESVIVES;HAB;Maison Indiv;Conso ENAF;EXT;1421;1;0;0;0;0;0;0;0;0;0;0;0;0;0;;;;;2009_2022;CONSTRUIT
0;;310004;AYGUESVIVES;HAB;Maison Indiv;Conso ENAF;EXT;1367;1;0;0;0;0;0;0;0;0;0;0;0;0;0;;;;;2009_2022;CONSTRUIT
0;;310004;AYGUESVIVES;HAB;Maison Indiv;Conso ENAF;EXT;1097;1;0;0;0;0;0;0;0;0;0;0;0;0;0;;;;;2009_2022;CONSTRUIT
0;;310004;AYGUESVIVES;HAB;Maison Indiv;INTENSIF;DP;835;1;0;0;0;0;0;0;0;0;0;0;0;0;0;;;;;2009_2022;CONSTRUIT
0;;310004;AYGUESVIVES;HAB;Maison Indiv;INTENSIF;DP;945;1;0;0;0;0;0;0;0;0;0;0;0;0;0;;;;;2009_2022;CONSTRUIT
0;;310004;AYGUESVIVES;HAB;Maison Indiv;INTENSIF;DP;682;1;0;0;0;0;0;0;0;0;0;0;0;0;0;;;;;2009_2022;CONSTRUIT
0;;310004;AYGUESVIVES;HAB;Maison Indiv;INTENSIF;DP;1066;1;0;0;0;0;0;0;0;0;0;0;0;0;0;;;;;2009_2022;CONSTRUIT
0;;310004;AYGUESVIVES;HAB;Maison Indiv;Conso ENAF;EXT;772;1;0;0;0;0;0;0;0;0;0;0;0;0;0;;;;;2022_2025;CONSTRUIT
0;;310004;AYGUESVIVES;HAB;Maison Indiv;INTENSIF;DP;741;1;0;0;0;0;0;0;0;0;0;0;0;0;0;;;;;2009_2022;CONSTRUIT
0;;310004;AYGUESVIVES;HAB;Maison Indiv;INTENSIF;DP;1052;1;0;0;0;0;0;0;0;0;0;0;0;0;0;;;;;2009_2022;CONSTRUIT
0;;310004;AYGUESVIVES;EQUIP;;Conso ENAF;EXT;13852;0;0;0;0;0;0;0;0;0;0;0;0;0;0;;;;;2009_2022;CONSTRUIT
0;;310004;AYGUESVIVES;EQUIP;;Conso ENAF;EXT;24049;0;0;0;0;0;0;0;0;0;0;0;0;0;0;;;;;2009_2022;CONSTRUIT
0;;310004;AYGUESVIVES;ACT;;Conso ENAF;EXT;8914;0;0;0;0;0;0;0;0;0;0;0;0;0;0;;;;;2009_2022;CONSTRUIT
0;;310048;BAZIEGE;HAB;Maison Indiv;INTENSIF;DP;881;1;0;0;0;0;0;0;0;0;0;0;0;0;0;;;;;2022_2025;CONSTRUIT
0;;310048;BAZIEGE;HAB;Maison Indiv;Conso ENAF;EXT;2009;1;0;0;0;0;0;0;0;0;0;0;0;0;0;;;;;2009_2022;CONSTRUIT
0;;310048;BAZIEGE;HAB;Maison Indiv;INTENSIF;DP;1049;1;0;0;0;0;0;0;0;0;0;0;0;0;0;;;;;2009_2022;CONSTRUIT
0;;310048;BAZIEGE;HAB;Maison Indiv;INTENSIF;DP;468;6;0;0;0;0;0;0;0;0;0;0;0;0;0;;oui;;;2009_2022;CONSTRUIT
0;;310048;BAZIEGE;HAB;Maison Indiv;Conso ENAF;EXT;2076;1;0;0;0;0;0;0;0;0;0;0;0;0;0;;;;;2009_2022;CONSTRUIT
0;;310048;BAZIEGE;HAB;Maison Indiv;Conso ENAF;EXT;1993;1;0;0;0;0;0;0;0;0;0;0;0;0;0;;;;;2009_2022;CONSTRUIT
0;;310048;BAZIEGE;HAB;Maison Indiv;Conso ENAF;EXT;2007;1;0;0;0;0;0;0;0;0;0;0;0;0;0;;;;;2009_2022;CONSTRUIT
0;;310048;BAZIEGE;HAB;Maison Indiv;Conso ENAF;EXT;2661;1;0;0;0;0;0;0;0;0;0;0;0;0;0;;;;;2009_2022;CONSTRUIT
0;;310048;BAZIEGE;HAB;Maison Indiv;Conso ENAF;EXT;1855;1;0;0;0;0;0;0;0;0;0;0;0;0;0;;;;;2009_2022;CONSTRUIT
0;;310048;BAZIEGE;HAB;Maison Indiv;INTENSIF;DP;1144;1;0;0;0;0;0;0;0;0;0;0;0;0;0;;;;;2009_2022;CONSTRUIT
0;;310048;BAZIEGE;HAB;Maison Indiv;INTENSIF;DP;576;1;0;0;0;0;0;0;0;0;0;0;0;0;0;;;;;2009_2022;CONSTRUIT
0;;310048;BAZIEGE;HAB;;Conso ENAF;EXT;4287;4;0;0;0;0;0;0;0;0;0;0;0;0;0;;;;;2009_2022;CONSTRUIT
0;;310048;BAZIEGE;HAB;Maison Indiv;INTENSIF;DP;571;1;0;0;0;0;0;0;0;0;0;0;0;0;0;;;;;2009_2022;CONSTRUIT
0;;310048;BAZIEGE;HAB;Maison Indiv;INTENSIF;DP;950;1;0;0;0;0;0;0;0;0;0;0;0;0;0;;;;;2022_2025;CONSTRUIT
0;;310048;BAZIEGE;HAB;Maison Indiv;INTENSIF;DP;352;1;0;0;0;0;0;0;0;0;0;0;0;0;0;;;;;2009_2022;CONSTRUIT
0;;310048;BAZIEGE;HAB;Maison Indiv;Conso ENAF;EXT;1171;1;0;0;0;0;0;0;0;0;0;0;0;0;0;;;;;2009_2022;CONSTRUIT
0;;310048;BAZIEGE;HAB;Maison Indiv;Conso ENAF;EXT;1167;1;0;0;0;0;0;0;0;0;0;0;0;0;0;;;;;2009_2022;CONSTRUIT
0;;310048;BAZIEGE;HAB;Maison Indiv;Conso ENAF;EXT;846;1;0;0;0;0;0;0;0;0;0;0;0;0;0;;;;;2022_2025;CONSTRUIT
0;;310048;BAZIEGE;HAB;Maison Indiv;INTENSIF;DP;677;1;0;0;0;0;0;0;0;0;0;0;0;0;0;;;;;2022_2025;CONSTRUIT
0;;310048;BAZIEGE;HAB;Maison Indiv;INTENSIF;DP;1207;1;0;0;0;0;0;0;0;0;0;0;0;0;0;;;;;2022_2025;CONSTRUIT
0;;310048;BAZIEGE;HAB;;INTENSIF;RU;13628;140;0;0;0;0;0;0;0;0;0;0;0;0;0;Las Gourgues;oui;;;2022_2025;CONSTRUIT
0;;310048;BAZIEGE;HAB;;Conso ENAF;EXT;2621;20;0;0;0;0;0;0;0;0;0;0;0;0;0;;oui;;;2009_2022;CONSTRUIT
0;;310048;BAZIEGE;HAB;Maison Indiv;INTENSIF;DC;1351;1;0;0;0;0;0;0;0;0;0;0;0;0;0;;;;;2009_2022;CONSTRUIT
0;;310048;BAZIEGE;HAB;Maison Indiv;INTENSIF;DP;989;1;0;0;0;0;0;0;0;0;0;0;0;0;0;;;;;2009_2022;CONSTRUIT
0;;310048;BAZIEGE;HAB;Maison Indiv;INTENSIF;DP;568;1;0;0;0;0;0;0;0;0;0;0;0;0;0;;;;;2022_2025;CONSTRUIT
0;;310048;BAZIEGE;HAB;Maison Indiv;INTENSIF;DP;751;1;0;0;0;0;0;0;0;0;0;0;0;0;0;;;;;2009_2022;CONSTRUIT
0;;310048;BAZIEGE;HAB;Maison Indiv;Conso ENAF;EXT;173;1;0;0;0;0;0;0;0;0;0;0;0;0;0;;;;;2022_2025;CONSTRUIT
0;;310048;BAZIEGE;HAB;Maison Indiv;Conso ENAF;EXT;178;1;0;0;0;0;0;0;0;0;0;0;0;0;0;;;;;2022_2025;CONSTRUIT
0;;310048;BAZIEGE;HAB;Maison Indiv;Conso ENAF;EXT;312;1;0;0;0;0;0;0;0;0;0;0;0;0;0;;;;;2022_2025;CONSTRUIT
0;;310048;BAZIEGE;ACT;;Conso ENAF;EXT;173477;0;0;0;0;0;0;0;0;0;0;0;0;0;0;;;;;2009_2022;CONSTRUIT
0;;310048;BAZIEGE;HAB;;Conso ENAF;EXT;37519;25;0;0;0;0;0;0;0;0;25;0;25;0;25;Le Moulin de Monteserre;oui;Agriloti;;2009_2022;CONSTRUIT
0;;310048;BAZIEGE;HAB;Maison Indiv;INTENSIF;DP;798;1;0;0;0;0;0;0;0;0;0;0;0;0;0;;;;;2022_2025;CONSTRUIT
0;;310048;BAZIEGE;HAB;Maison Indiv;INTENSIF;DP;503;1;0;0;0;0;0;0;0;0;0;0;0;0;0;;;;;2009_2022;CONSTRUIT
0;;310048;BAZIEGE;HAB;Maison Indiv;Conso ENAF;EXT;1006;1;0;0;0;0;0;0;0;0;0;0;0;0;0;;;;;2009_2022;CONSTRUIT
0;;310048;BAZIEGE;HAB;Maison Indiv;Conso ENAF;EXT;2128;1;0;0;0;0;0;0;0;0;0;0;0;0;0;;;;;2009_2022;CONSTRUIT
0;;310048;BAZIEGE;HAB;Maison Indiv;Conso ENAF;EXT;2109;1;0;0;0;0;0;0;0;0;0;0;0;0;0;;;;;2009_2022;CONSTRUIT
0;;310048;BAZIEGE;HAB;Maison Indiv;INTENSIF;DP;1048;1;0;0;0;0;0;0;0;0;0;0;0;0;0;;;;;2009_2022;CONSTRUIT
0;;310048;BAZIEGE;HAB;Maison Indiv;INTENSIF;DP;609;1;0;0;0;0;0;0;0;0;0;0;0;0;0;;;;;2009_2022;CONSTRUIT
0;;310057;BELBERAUD;HAB;;Conso ENAF;EXT;43633;99;0;0;0;0;0;13;0;41;45;0;99;73;26;Couloumié;oui;Procivis;Habitat Toulouse;2009_2022;CONSTRUIT
0;;310057;BELBERAUD;HAB;;INTENSIF;RU;5117;49;0;0;0;0;0;0;0;0;0;0;0;0;0;0;oui;;;2022_2025;CONSTRUIT
0;;310057;BELBERAUD;HAB;Maison Indiv;INTENSIF;DP;1124;1;0;0;0;0;0;0;0;0;0;0;0;0;0;;;;;2009_2022;CONSTRUIT
0;;310057;BELBERAUD;HAB;Maison Indiv;INTENSIF;DP;778;1;0;0;0;0;0;0;0;0;0;0;0;0;0;;;;;2022_2025;CONSTRUIT
0;;310057;BELBERAUD;HAB;Maison Indiv;Conso ENAF;EXT;2113;1;0;0;0;0;0;0;0;0;0;0;0;0;0;;;;;2009_2022;CONSTRUIT
0;;310057;BELBERAUD;HAB;Maison Indiv;INTENSIF;DP;961;1;0;0;0;0;0;0;0;0;0;0;0;0;0;;;;;2022_2025;CONSTRUIT
0;;310057;BELBERAUD;HAB;Maison Indiv;INTENSIF;DP;416;1;0;0;0;0;0;0;0;0;0;0;0;0;0;;;;;2022_2025;CONSTRUIT
0;;310057;BELBERAUD;HAB;;INTENSIF;RU;5703;20;0;0;0;0;0;8;0;12;0;0;20;20;0;Centre;oui;Garoni;Colomiers Habitat;2009_2022;CONSTRUIT
0;;310057;BELBERAUD;HAB;Maison Indiv;INTENSIF;DP;532;1;0;0;0;0;0;0;0;0;0;0;0;0;0;;;;;2022_2025;CONSTRUIT
0;;310057;BELBERAUD;HAB;Maison Indiv;INTENSIF;DP;647;1;0;0;0;0;0;0;0;0;0;0;0;0;0;;;;;2009_2022;CONSTRUIT
0;;310057;BELBERAUD;HAB;Maison Indiv;Conso ENAF;EXT;3360;1;0;0;0;0;0;0;0;0;0;0;0;0;0;;;;;2009_2022;CONSTRUIT
0;;310057;BELBERAUD;HAB;Maison Indiv;Conso ENAF;EXT;1351;1;0;0;0;0;0;0;0;0;0;0;0;0;0;;;;;2009_2022;CONSTRUIT
0;;310057;BELBERAUD;HAB;Maison Indiv;INTENSIF;DP;867;1;0;0;0;0;0;0;0;0;0;0;0;0;0;;;;;2022_2025;CONSTRUIT
0;;310057;BELBERAUD;HAB;Maison Indiv;Conso ENAF;EXT;1255;1;0;0;0;0;0;0;0;0;0;0;0;0;0;;;;;2022_2025;CONSTRUIT
0;;310057;BELBERAUD;HAB;Maison Indiv;INTENSIF;DP;861;1;0;0;0;0;0;0;0;0;0;0;0;0;0;;;;;2009_2022;CONSTRUIT
0;;310057;BELBERAUD;HAB;Maison Indiv;INTENSIF;DP;795;1;0;0;0;0;0;0;0;0;0;0;0;0;0;;;;;2009_2022;CONSTRUIT
0;;310057;BELBERAUD;HAB;Maison Indiv;INTENSIF;DP;2065;1;0;0;0;0;0;0;0;0;0;0;0;0;0;;;;;2009_2022;CONSTRUIT
0;;310057;BELBERAUD;HAB;Maison Indiv;INTENSIF;DP;506;1;0;0;0;0;0;0;0;0;0;0;0;0;0;;;;;2009_2022;CONSTRUIT
0;;310057;BELBERAUD;HAB;Maison Indiv;INTENSIF;DP;506;1;0;0;0;0;0;0;0;0;0;0;0;0;0;;;;;2009_2022;CONSTRUIT
0;;310057;BELBERAUD;HAB;Maison Indiv;INTENSIF;DP;780;1;0;0;0;0;0;0;0;0;0;0;0;0;0;;;;;2009_2022;CONSTRUIT
0;;310057;BELBERAUD;HAB;Maison Indiv;INTENSIF;DP;643;1;0;0;0;0;0;0;0;0;0;0;0;0;0;;;;;2009_2022;CONSTRUIT
0;;310057;BELBERAUD;HAB;Maison Indiv;INTENSIF;DP;735;1;0;0;0;0;0;0;0;0;0;0;0;0;0;;;;;2009_2022;CONSTRUIT
0;;310057;BELBERAUD;HAB;Maison Indiv;INTENSIF;DP;933;1;0;0;0;0;0;0;0;0;0;0;0;0;0;;;;;2022_2025;CONSTRUIT
0;;310057;BELBERAUD;HAB;Maison Indiv;INTENSIF;DP;972;1;0;0;0;0;0;0;0;0;0;0;0;0;0;;;;;2009_2022;CONSTRUIT
0;;310057;BELBERAUD;HAB;Maison Indiv;INTENSIF;DP;440;1;0;0;0;0;0;0;0;0;0;0;0;0;0;;;;;2009_2022;CONSTRUIT
0;;310057;BELBERAUD;ACT;;Conso ENAF;EXT;5111;0;0;0;0;0;0;0;0;0;0;0;0;0;0;;;;;2009_2022;CONSTRUIT
0;;310057;BELBERAUD;HAB;Maison Indiv;Conso ENAF;EXT;1045;1;0;0;0;0;0;0;0;0;0;0;0;0;0;;;;;2009_2022;CONSTRUIT
0;;310057;BELBERAUD;HAB;Maison Indiv;INTENSIF;DP;982;1;0;0;0;0;0;0;0;0;0;0;0;0;0;;;;;2009_2022;CONSTRUIT
0;;310057;BELBERAUD;HAB;;Conso ENAF;EXT;15634;18;0;0;0;0;0;0;0;0;18;0;0;0;18;La Bécasse;oui;;;2009_2022;CONSTRUIT
0;;310384;MONTLAUR;HAB;Maison Indiv;INTENSIF;DP;479;1;0;0;0;0;0;0;0;0;0;0;0;0;0;;;;;2009_2022;CONSTRUIT
0;;310384;MONTLAUR;HAB;Maison Indiv;INTENSIF;DP;514;1;0;0;0;0;0;0;0;0;0;0;0;0;0;;;;;2009_2022;CONSTRUIT
0;;310384;MONTLAUR;HAB;Maison Indiv;INTENSIF;DP;524;1;0;0;0;0;0;0;0;0;0;0;0;0;0;;;;;2022_2025;CONSTRUIT
0;;310384;MONTLAUR;HAB;Maison Indiv;INTENSIF;DP;443;1;0;0;0;0;0;0;0;0;0;0;0;0;0;;;;;2022_2025;CONSTRUIT
0;;310384;MONTLAUR;HAB;Maison Indiv;INTENSIF;DP;451;1;0;0;0;0;0;0;0;0;0;0;0;0;0;;;;;2022_2025;CONSTRUIT
0;;310384;MONTLAUR;HAB;Maison Indiv;INTENSIF;DP;347;1;0;0;0;0;0;0;0;0;0;0;0;0;0;;;;;2022_2025;CONSTRUIT
0;;310384;MONTLAUR;HAB;;INTENSIF;DP;623;0;0;0;0;0;0;0;0;0;0;0;0;0;0;;;;;2009_2022;CONSTRUIT
0;;310384;MONTLAUR;HAB;Maison Indiv;INTENSIF;DP;1275;1;0;0;0;0;0;0;0;0;0;0;0;0;0;;;;;2009_2022;CONSTRUIT
0;;310384;MONTLAUR;HAB;Maison Indiv;INTENSIF;DP;992;1;0;0;0;0;0;0;0;0;0;0;0;0;0;;;;;2009_2022;CONSTRUIT
0;;310384;MONTLAUR;HAB;Maison Indiv;INTENSIF;DP;716;1;0;0;0;0;0;0;0;0;0;0;0;0;0;;;;;2009_2022;CONSTRUIT
0;;310384;MONTLAUR;HAB;Maison Indiv;INTENSIF;DP;826;1;0;0;0;0;0;0;0;0;0;0;0;0;0;;;;;2009_2022;CONSTRUIT
0;;310384;MONTLAUR;HAB;Maison Indiv;Conso ENAF;EXT;641;1;0;0;0;0;0;0;0;0;0;0;0;0;0;;;;;2009_2022;CONSTRUIT
0;;310384;MONTLAUR;HAB;Maison Indiv;Conso ENAF;EXT;643;1;0;0;0;0;0;0;0;0;0;0;0;0;0;;;;;2009_2022;CONSTRUIT
0;;310384;MONTLAUR;HAB;Maison Indiv;INTENSIF;DC;508;1;0;0;0;0;0;0;0;0;0;0;0;0;0;;;;;2009_2022;CONSTRUIT
0;;310384;MONTLAUR;HAB;Maison Indiv;INTENSIF;DC;607;1;0;0;0;0;0;0;0;0;0;0;0;0;0;;;;;2009_2022;CONSTRUIT
0;;310384;MONTLAUR;HAB;Maison Indiv;INTENSIF;DC;690;1;0;0;0;0;0;0;0;0;0;0;0;0;0;;;;;2009_2022;CONSTRUIT
0;;310384;MONTLAUR;HAB;Maison Indiv;INTENSIF;DP;880;1;0;0;0;0;0;0;0;0;0;0;0;0;0;;;;;2009_2022;CONSTRUIT
0;;310384;MONTLAUR;HAB;Maison Indiv;INTENSIF;DP;591;1;0;0;0;0;0;0;0;0;0;0;0;0;0;;;;;2009_2022;CONSTRUIT
0;;310384;MONTLAUR;HAB;Maison Indiv;INTENSIF;DP;580;1;0;0;0;0;0;0;0;0;0;0;0;0;0;;;;;2009_2022;CONSTRUIT
0;;310384;MONTLAUR;HAB;Maison Indiv;INTENSIF;DP;576;1;0;0;0;0;0;0;0;0;0;0;0;0;0;;;;;2009_2022;CONSTRUIT
0;;310384;MONTLAUR;HAB;Maison Indiv;INTENSIF;DC;800;1;0;0;0;0;0;0;0;0;0;0;0;0;0;;;;;2009_2022;CONSTRUIT
0;;310384;MONTLAUR;HAB;Maison Indiv;INTENSIF;DC;802;1;0;0;0;0;0;0;0;0;0;0;0;0;0;;;;;2009_2022;CONSTRUIT
0;;310384;MONTLAUR;HAB;Maison Indiv;INTENSIF;DP;535;1;0;0;0;0;0;0;0;0;0;0;0;0;0;;;;;2009_2022;CONSTRUIT
0;;310384;MONTLAUR;HAB;Maison Indiv;Conso ENAF;EXT;672;1;0;0;0;0;0;0;0;0;0;0;0;0;0;;;;;2022_2025;CONSTRUIT
0;;310384;MONTLAUR;HAB;;Conso ENAF;EXT;404;0;0;0;0;0;0;0;0;0;0;0;0;0;0;;;;;2009_2022;CONSTRUIT
0;;310384;MONTLAUR;HAB;Maison Indiv;Conso ENAF;EXT;565;1;0;0;0;0;0;0;0;0;0;0;0;0;0;;;;;2009_2022;CONSTRUIT
0;;310384;MONTLAUR;HAB;Maison Indiv;Conso ENAF;EXT;578;1;0;0;0;0;0;0;0;0;0;0;0;0;0;;;;;2009_2022;CONSTRUIT
0;;310384;MONTLAUR;HAB;Maison Indiv;Conso ENAF;EXT;759;1;0;0;0;0;0;0;0;0;0;0;0;0;0;;;;;2009_2022;CONSTRUIT
0;;310384;MONTLAUR;HAB;Maison Indiv;INTENSIF;DP;1267;1;0;0;0;0;0;0;0;0;0;0;0;0;0;;;;;2009_2022;CONSTRUIT
0;;310384;MONTLAUR;HAB;Maison Indiv;INTENSIF;DC;1426;1;0;0;0;0;0;0;0;0;0;0;0;0;0;;;;;2009_2022;CONSTRUIT
0;;310384;MONTLAUR;HAB;;INTENSIF;DC;230;0;0;0;0;0;0;0;0;0;0;0;0;0;0;;;;;2009_2022;CONSTRUIT
0;;310384;MONTLAUR;HAB;Maison Indiv;INTENSIF;DC;464;1;0;0;0;0;0;0;0;0;0;0;0;0;0;;;;;2009_2022;CONSTRUIT
0;;310384;MONTLAUR;HAB;Maison Indiv;INTENSIF;DP;427;1;0;0;0;0;0;0;0;0;0;0;0;0;0;;;;;2009_2022;CONSTRUIT
0;;310384;MONTLAUR;HAB;Maison Indiv;INTENSIF;DC;301;1;0;0;0;0;0;0;0;0;0;0;0;0;0;;;;;2009_2022;CONSTRUIT
0;;310384;MONTLAUR;HAB;Maison Indiv;INTENSIF;DC;418;1;0;0;0;0;0;0;0;0;0;0;0;0;0;;;;;2009_2022;CONSTRUIT
0;;310384;MONTLAUR;HAB;Maison Indiv;Conso ENAF;EXT;636;1;0;0;0;0;0;0;0;0;0;0;0;0;0;;;;;2009_2022;CONSTRUIT
0;;310384;MONTLAUR;HAB;;INTENSIF;DP;747;1;0;0;0;0;0;0;0;0;0;0;0;0;0;;;;;2009_2022;CONSTRUIT
0;;310384;MONTLAUR;HAB;;INTENSIF;DP;670;1;0;0;0;0;0;0;0;0;0;0;0;0;0;;;;;2009_2022;CONSTRUIT
0;;310384;MONTLAUR;HAB;Maison Indiv;Conso ENAF;EXT;558;1;0;0;0;0;0;0;0;0;0;0;0;0;0;;;;;2009_2022;CONSTRUIT
0;;310384;MONTLAUR;HAB;Maison Indiv;Conso ENAF;EXT;700;1;0;0;0;0;0;0;0;0;0;0;0;0;0;;;;;2009_2022;CONSTRUIT
0;;310384;MONTLAUR;HAB;Maison Indiv;INTENSIF;DP;753;1;0;0;0;0;0;0;0;0;0;0;0;0;0;;;;;2022_2025;CONSTRUIT
0;;310384;MONTLAUR;HAB;Maison Indiv;Conso ENAF;EXT;249;1;0;0;0;0;0;0;0;0;0;0;0;0;0;;;;;2009_2022;CONSTRUIT
0;;310384;MONTLAUR;HAB;Maison Indiv;Conso ENAF;EXT;541;1;0;0;0;0;0;0;0;0;0;0;0;0;0;;;;;2009_2022;CONSTRUIT
0;;310384;MONTLAUR;HAB;Maison Indiv;Conso ENAF;EXT;698;1;0;0;0;0;0;0;0;0;0;0;0;0;0;;;;;2009_2022;CONSTRUIT
0;;310384;MONTLAUR;HAB;Maison Indiv;Conso ENAF;EXT;609;1;0;0;0;0;0;0;0;0;0;0;0;0;0;;;;;2009_2022;CONSTRUIT
0;;310384;MONTLAUR;HAB;Maison Indiv;INTENSIF;DP;1075;1;0;0;0;0;0;0;0;0;0;0;0;0;0;;;;;2009_2022;CONSTRUIT
0;;310384;MONTLAUR;HAB;Maison Indiv;Conso ENAF;EXT;1150;1;0;0;0;0;0;0;0;0;0;0;0;0;0;;;;;2009_2022;CONSTRUIT
0;;310384;MONTLAUR;HAB;Maison Indiv;Conso ENAF;EXT;521;1;0;0;0;0;0;0;0;0;0;0;0;0;0;;;;;2009_2022;CONSTRUIT
0;;310384;MONTLAUR;HAB;Maison Indiv;Conso ENAF;EXT;530;1;0;0;0;0;0;0;0;0;0;0;0;0;0;;;;;2009_2022;CONSTRUIT
0;;310384;MONTLAUR;HAB;Maison Indiv;Conso ENAF;EXT;640;1;0;0;0;0;0;0;0;0;0;0;0;0;0;;;;;2009_2022;CONSTRUIT
0;;310384;MONTLAUR;HAB;Maison Indiv;Conso ENAF;EXT;1385;1;0;0;0;0;0;0;0;0;0;0;0;0;0;;;;;2009_2022;CONSTRUIT
0;;310384;MONTLAUR;HAB;Maison Indiv;Conso ENAF;EXT;806;1;0;0;0;0;0;0;0;0;0;0;0;0;0;;;;;2009_2022;CONSTRUIT
0;;310384;MONTLAUR;HAB;Maison Indiv;Conso ENAF;EXT;1184;1;0;0;0;0;0;0;0;0;0;0;0;0;0;;;;;2009_2022;CONSTRUIT
0;;310384;MONTLAUR;HAB;;Conso ENAF;EXT;342;0;0;0;0;0;0;0;0;0;0;0;0;0;0;;;;;2009_2022;CONSTRUIT
0;;310384;MONTLAUR;HAB;Maison Indiv;Conso ENAF;EXT;1066;1;0;0;0;0;0;0;0;0;0;0;0;0;0;;;;;2009_2022;CONSTRUIT
0;;310384;MONTLAUR;HAB;Maison Indiv;Conso ENAF;EXT;1053;1;0;0;0;0;0;0;0;0;0;0;0;0;0;;;;;2009_2022;CONSTRUIT
0;;310384;MONTLAUR;HAB;Maison Indiv;Conso ENAF;EXT;1452;1;0;0;0;0;0;0;0;0;0;0;0;0;0;;;;;2009_2022;CONSTRUIT
0;;310384;MONTLAUR;HAB;Maison Indiv;Conso ENAF;EXT;1405;1;0;0;0;0;0;0;0;0;0;0;0;0;0;;;;;2009_2022;CONSTRUIT
0;;310384;MONTLAUR;HAB;Maison Indiv;Conso ENAF;EXT;601;1;0;0;0;0;0;0;0;0;0;0;0;0;0;;;;;2009_2022;CONSTRUIT
0;;310384;MONTLAUR;HAB;Maison Indiv;Conso ENAF;EXT;600;1;0;0;0;0;0;0;0;0;0;0;0;0;0;;;;;2009_2022;CONSTRUIT
0;;310384;MONTLAUR;HAB;Maison Indiv;Conso ENAF;EXT;1001;1;0;0;0;0;0;0;0;0;0;0;0;0;0;;;;;2009_2022;CONSTRUIT
0;;310384;MONTLAUR;ACT;;INTENSIF;DP;750;0;0;0;0;0;0;0;0;0;0;0;0;0;0;;;;;2009_2022;CONSTRUIT
0;;310384;MONTLAUR;HAB;Maison Indiv;Conso ENAF;EXT;1001;1;0;0;0;0;0;0;0;0;0;0;0;0;0;;;;;2009_2022;CONSTRUIT
0;;310384;MONTLAUR;HAB;Maison Indiv;Conso ENAF;EXT;1001;1;0;0;0;0;0;0;0;0;0;0;0;0;0;;;;;2009_2022;CONSTRUIT
0;;310384;MONTLAUR;HAB;Maison Indiv;Conso ENAF;EXT;852;1;0;0;0;0;0;0;0;0;0;0;0;0;0;;;;;2009_2022;CONSTRUIT
0;;310384;MONTLAUR;HAB;Maison Indiv;INTENSIF;DP;2208;1;0;0;0;0;0;0;0;0;0;0;0;0;0;;;;;2009_2022;CONSTRUIT
0;;310384;MONTLAUR;HAB;Maison Indiv;INTENSIF;DP;626;1;0;0;0;0;0;0;0;0;0;0;0;0;0;;;;;2009_2022;CONSTRUIT
0;;310384;MONTLAUR;HAB;Maison Indiv;INTENSIF;DP;689;1;0;0;0;0;0;0;0;0;0;0;0;0;0;;;;;2022_2025;CONSTRUIT
0;;310384;MONTLAUR;HAB;Maison Indiv;INTENSIF;DP;766;1;0;0;0;0;0;0;0;0;0;0;0;0;0;;;;;2022_2025;CONSTRUIT
0;;310384;MONTLAUR;HAB;Maison Indiv;INTENSIF;DP;1384;1;0;0;0;0;0;0;0;0;0;0;0;0;0;;;;;2009_2022;CONSTRUIT
0;;310162;DONNEVILLE;HAB;Maison Indiv;INTENSIF;DP;1103;1;0;0;0;0;0;0;0;0;0;0;0;0;0;;;;;2009_2022;CONSTRUIT
0;;310162;DONNEVILLE;HAB;Maison Indiv;INTENSIF;DP;1636;1;0;0;0;0;0;0;0;0;0;0;0;0;0;;;;;2022_2025;CONSTRUIT
0;;310162;DONNEVILLE;HAB;Maison Indiv;INTENSIF;DP;854;1;0;0;0;0;0;0;0;0;0;0;0;0;0;;;;;2022_2025;CONSTRUIT
0;;310161;DEYME;HAB;;Conso ENAF;EXT;49614;51;0;0;0;0;0;0;0;0;0;0;0;0;0;;oui;;;2009_2022;CONSTRUIT
0;;310161;DEYME;HAB;Maison Indiv;INTENSIF;DP;1049;1;0;0;0;0;0;0;0;0;0;0;0;0;0;;;;;2009_2022;CONSTRUIT
0;;310161;DEYME;HAB;Maison Indiv;INTENSIF;DP;615;1;0;0;0;0;0;0;0;0;0;0;0;0;0;;;;;2022_2025;CONSTRUIT
0;;310161;DEYME;HAB;Maison Indiv;INTENSIF;DC;560;1;0;0;0;0;0;0;0;0;0;0;0;0;0;;;;;2009_2022;CONSTRUIT
0;;310161;DEYME;HAB;Maison Indiv;INTENSIF;DC;277;1;0;0;0;0;0;0;0;0;0;0;0;0;0;;;;;2009_2022;CONSTRUIT
0;;310161;DEYME;HAB;Maison Indiv;Conso ENAF;EXT;2778;1;0;0;0;0;0;0;0;0;0;0;0;0;0;;;;;2009_2022;CONSTRUIT
0;;310161;DEYME;HAB;Maison Indiv;INTENSIF;DP;2182;1;0;0;0;0;0;0;0;0;0;0;0;0;0;;;;;2009_2022;CONSTRUIT
0;;310161;DEYME;HAB;Maison Indiv;Conso ENAF;EXT;1975;1;0;0;0;0;0;0;0;0;0;0;0;0;0;;;;;2009_2022;CONSTRUIT
0;;310161;DEYME;HAB;;Conso ENAF;EXT;6163;42;0;0;0;0;0;30;0;0;12;42;0;0;0;chemin de Montbois;oui;LP Promotion;Colomiers Habitat;2009_2022;CONSTRUIT
0;;310161;DEYME;HAB;Maison Indiv;INTENSIF;DP;2028;1;0;0;0;0;0;0;0;0;0;0;0;0;0;;;;;2009_2022;CONSTRUIT
0;;310161;DEYME;HAB;Maison Indiv;INTENSIF;DP;1516;1;0;0;0;0;0;0;0;0;0;0;0;0;0;;;;;2009_2022;CONSTRUIT
0;;310161;DEYME;HAB;Maison Indiv;INTENSIF;DP;890;1;0;0;0;0;0;0;0;0;0;0;0;0;0;;;;;2022_2025;CONSTRUIT
0;;310161;DEYME;HAB;Maison Indiv;INTENSIF;DP;1078;1;0;0;0;0;0;0;0;0;0;0;0;0;0;;;;;2022_2025;CONSTRUIT
0;;310161;DEYME;ACT;;Conso ENAF;EXT;2363;0;0;0;0;0;0;0;0;0;0;0;0;0;0;;;;;2009_2022;CONSTRUIT
0;;310161;DEYME;ACT;;INTENSIF;DP;1086;0;0;0;0;0;0;0;0;0;0;0;0;0;0;;;;;2022_2025;CONSTRUIT
0;;310161;DEYME;ACT;;INTENSIF;DP;4294;0;0;0;0;0;0;0;0;0;0;0;0;0;0;;;;;2009_2022;CONSTRUIT
0;;310161;DEYME;ACT;;Conso ENAF;EXT;96593;0;0;0;0;0;0;0;0;0;0;0;0;0;0;;;;;2009_2022;CONSTRUIT
0;;310429;POMPERTUZAT;HAB;Maison Indiv;INTENSIF;DP;1015;1;0;0;0;0;0;0;0;0;0;0;0;0;0;;;;;2022_2025;CONSTRUIT
0;;310429;POMPERTUZAT;HAB;Maison Indiv;INTENSIF;DP;836;1;0;0;0;0;0;0;0;0;0;0;0;0;0;;;;;2022_2025;CONSTRUIT
0;;310429;POMPERTUZAT;HAB;Maison Indiv;INTENSIF;DP;577;1;0;0;0;0;0;0;0;0;0;0;0;0;0;;;;;2022_2025;CONSTRUIT
0;;310429;POMPERTUZAT;HAB;Maison Indiv;INTENSIF;DP;671;1;0;0;0;0;0;0;0;0;0;0;0;0;0;;;;;2009_2022;CONSTRUIT
0;;310429;POMPERTUZAT;HAB;;Conso ENAF;EXT;9474;7;0;0;0;0;0;0;0;0;0;0;0;0;0;;oui;;;2009_2022;CONSTRUIT
0;;310429;POMPERTUZAT;HAB;Maison Indiv;Conso ENAF;EXT;2507;1;0;0;0;0;0;0;0;0;0;0;0;0;0;;;;;2009_2022;CONSTRUIT
0;;310429;POMPERTUZAT;HAB;Maison Indiv;INTENSIF;DP;1221;1;0;0;0;0;0;0;0;0;0;0;0;0;0;;;;;2022_2025;CONSTRUIT
0;;310429;POMPERTUZAT;HAB;Maison Indiv;INTENSIF;DC;670;1;0;0;0;0;0;0;0;0;0;0;0;0;0;;;;;2022_2025;CONSTRUIT
0;;310429;POMPERTUZAT;HAB;Maison Indiv;INTENSIF;DP;353;1;0;0;0;0;0;0;0;0;0;0;0;0;0;;;;;2022_2025;CONSTRUIT
0;;310429;POMPERTUZAT;HAB;Maison Indiv;INTENSIF;DP;387;1;0;0;0;0;0;0;0;0;0;0;0;0;0;;;;;2022_2025;CONSTRUIT
0;;310429;POMPERTUZAT;HAB;;Conso ENAF;EXT;8745;6;0;0;0;0;0;0;0;0;6;0;0;0;6;Castel Trompette;oui;SARL Saramite;;2009_2022;CONSTRUIT
0;;310429;POMPERTUZAT;ACT;;Conso ENAF;EXT;33555;0;0;0;0;0;0;0;0;0;0;0;0;0;0;;;;;2009_2022;CONSTRUIT
0;;310429;POMPERTUZAT;HAB;Maison Indiv;INTENSIF;DP;502;1;0;0;0;0;0;0;0;0;0;0;0;0;0;;;;;2009_2022;CONSTRUIT
0;;310429;POMPERTUZAT;HAB;;Conso ENAF;EXT;5853;6;0;0;0;0;0;0;0;0;0;0;0;0;0;;oui;;;2022_2025;CONSTRUIT
0;;310429;POMPERTUZAT;HAB;Maison Indiv;INTENSIF;DP;625;1;0;0;0;0;0;0;0;0;0;0;0;0;0;;;;;2022_2025;CONSTRUIT
0;;310169;ESCALQUENS;EQUIP;;Conso ENAF;EXT;5220;0;0;0;0;0;0;0;0;0;0;0;0;0;0;;;;;2009_2022;CONSTRUIT
0;;310169;ESCALQUENS;EQUIP;;Conso ENAF;EXT;10876;0;0;0;0;0;0;0;0;0;0;0;0;0;0;;;;;2009_2022;CONSTRUIT
0;;310169;ESCALQUENS;HAB;;Conso ENAF;EXT;3902;58;0;0;0;0;0;26;0;0;32;58;0;0;0;Résidence Escalis;oui;IDEC;Patrimoine;2009_2022;CONSTRUIT
0;;310169;ESCALQUENS;HAB;Maison Indiv;INTENSIF;DP;715;1;0;0;0;0;0;0;0;0;0;0;0;0;0;;;;;2009_2022;CONSTRUIT
0;;310169;ESCALQUENS;HAB;;Conso ENAF;EXT;9289;15;0;0;0;0;0;6;0;0;9;6;9;0;9;Les Hauts de Laran;oui;Monsieur Bec;Patrimoine;2009_2022;CONSTRUIT
0;;310169;ESCALQUENS;HAB;;Conso ENAF;EXT;3726;4;0;0;0;0;0;0;0;0;0;0;0;0;0;;oui;;;2009_2022;CONSTRUIT
0;;310169;ESCALQUENS;HAB;Maison Indiv;INTENSIF;DP;608;1;0;0;0;0;0;0;0;0;0;0;0;0;0;;;;;2022_2025;CONSTRUIT
0;;310169;ESCALQUENS;HAB;;INTENSIF;RU;1592;21;0;0;0;0;0;0;0;0;0;0;0;0;0;;oui;;;2022_2025;CONSTRUIT
0;;310169;ESCALQUENS;HAB;;INTENSIF;RU;1689;22;0;0;0;0;0;0;0;0;0;0;0;0;0;26 avenue d'Ingine;oui;CSP Promotion;0;2022_2025;CONSTRUIT
0;;310169;ESCALQUENS;HAB;Maison Indiv;INTENSIF;DP;820;1;0;0;0;0;0;0;0;0;0;0;0;0;0;;;;;2009_2022;CONSTRUIT
0;;310169;ESCALQUENS;HAB;Maison Indiv;INTENSIF;DP;430;1;0;0;0;0;0;0;0;0;0;0;0;0;0;;;;;2009_2022;CONSTRUIT
0;;310169;ESCALQUENS;HAB;;INTENSIF;DP;2987;6;0;0;0;0;0;0;0;0;0;0;0;0;0;;oui;;;2022_2025;CONSTRUIT
0;;310169;ESCALQUENS;HAB;Maison Indiv;INTENSIF;DP;573;1;0;0;0;0;0;0;0;0;0;0;0;0;0;;;;;2009_2022;CONSTRUIT
0;;310169;ESCALQUENS;HAB;Maison Indiv;INTENSIF;DP;1032;1;0;0;0;0;0;0;0;0;0;0;0;0;0;;;;;2009_2022;CONSTRUIT
0;;310169;ESCALQUENS;HAB;;INTENSIF;RU;2466;8;0;0;0;0;0;0;0;0;8;0;8;8;0;32 avenue d'ingine;oui;SARL Manille;0;2009_2022;CONSTRUIT
0;;310169;ESCALQUENS;HAB;Maison Indiv;Conso ENAF;EXT;1096;1;0;0;0;0;0;0;0;0;0;0;0;0;0;;;;;2022_2025;CONSTRUIT
0;;310169;ESCALQUENS;HAB;Maison Indiv;INTENSIF;DP;544;1;0;0;0;0;0;0;0;0;0;0;0;0;0;;;;;2022_2025;CONSTRUIT
0;;310169;ESCALQUENS;HAB;Maison Indiv;INTENSIF;DP;546;1;0;0;0;0;0;0;0;0;0;0;0;0;0;;;;;2009_2022;CONSTRUIT
0;;310169;ESCALQUENS;HAB;;INTENSIF;DP;1309;4;0;0;0;0;0;0;0;0;0;0;0;0;0;;oui;;;2009_2022;CONSTRUIT
0;;310169;ESCALQUENS;HAB;Maison Indiv;INTENSIF;DP;504;1;0;0;0;0;0;0;0;0;0;0;0;0;0;;;;;2009_2022;CONSTRUIT
0;;310169;ESCALQUENS;HAB;Maison Indiv;INTENSIF;DP;533;1;0;0;0;0;0;0;0;0;0;0;0;0;0;;;;;2009_2022;CONSTRUIT
0;;310169;ESCALQUENS;HAB;Maison Indiv;INTENSIF;DP;841;1;0;0;0;0;0;0;0;0;0;0;0;0;0;;;;;2009_2022;CONSTRUIT
0;;310169;ESCALQUENS;HAB;Maison Indiv;Conso ENAF;EXT;1445;1;0;0;0;0;0;0;0;0;0;0;0;0;0;;;;;2009_2022;CONSTRUIT
0;;310169;ESCALQUENS;HAB;Maison Indiv;INTENSIF;DP;938;1;0;0;0;0;0;0;0;0;0;0;0;0;0;;;;;2009_2022;CONSTRUIT
0;;310169;ESCALQUENS;HAB;Maison Indiv;INTENSIF;DP;479;1;0;0;0;0;0;0;0;0;0;0;0;0;0;;;;;2022_2025;CONSTRUIT
0;;310169;ESCALQUENS;HAB;Maison Indiv;INTENSIF;DP;1254;1;0;0;0;0;0;0;0;0;0;0;0;0;0;;;;;2009_2022;CONSTRUIT
0;;310169;ESCALQUENS;HAB;Maison Indiv;INTENSIF;DP;483;1;0;0;0;0;0;0;0;0;0;0;0;0;0;;;;;2022_2025;CONSTRUIT
0;;310169;ESCALQUENS;HAB;;INTENSIF;DP;1941;2;0;0;0;0;0;0;0;0;0;0;0;0;0;;;;;2022_2025;CONSTRUIT
0;;310169;ESCALQUENS;HAB;Maison Indiv;INTENSIF;DP;459;1;0;0;0;0;0;0;0;0;0;0;0;0;0;;;;;2009_2022;CONSTRUIT
0;;310169;ESCALQUENS;HAB;Maison Indiv;INTENSIF;DP;625;1;0;0;0;0;0;0;0;0;0;0;0;0;0;;;;;2009_2022;CONSTRUIT
0;;310169;ESCALQUENS;HAB;Maison Indiv;INTENSIF;DP;808;1;0;0;0;0;0;0;0;0;0;0;0;0;0;;;;;2022_2025;CONSTRUIT
0;;310169;ESCALQUENS;HAB;Maison Indiv;INTENSIF;DP;1081;1;0;0;0;0;0;0;0;0;0;0;0;0;0;;;;;2009_2022;CONSTRUIT
0;;310169;ESCALQUENS;HAB;Maison Indiv;Conso ENAF;EXT;1040;1;0;0;0;0;0;0;0;0;0;0;0;0;0;;;;;2009_2022;CONSTRUIT
0;;310169;ESCALQUENS;HAB;Maison Indiv;INTENSIF;DP;924;1;0;0;0;0;0;0;0;0;0;0;0;0;0;;;;;2022_2025;CONSTRUIT
0;;310169;ESCALQUENS;HAB;;INTENSIF;DP;1152;4;0;0;0;0;0;0;0;0;4;0;4;4;0;Le domaine des Bruyères;oui;SAS IMMOBILIER DU SUD OUEST;0;2009_2022;CONSTRUIT
0;;310169;ESCALQUENS;HAB;Maison Indiv;INTENSIF;DP;1101;1;0;0;0;0;0;0;0;0;0;0;0;0;0;;;;;2009_2022;CONSTRUIT
0;;310169;ESCALQUENS;HAB;;INTENSIF;DP;889;5;0;0;0;0;0;3;0;0;2;0;5;5;0;3 av de Borde Haute;oui;SARL Delelis;TMH;2009_2022;CONSTRUIT
0;;310169;ESCALQUENS;HAB;Maison Indiv;INTENSIF;DP;836;1;0;0;0;0;0;0;0;0;0;0;0;0;0;;;;;2009_2022;CONSTRUIT
0;;310169;ESCALQUENS;HAB;;INTENSIF;DP;3400;9;0;0;0;0;0;0;0;0;9;0;0;9;0;Les villas du verger;oui;CSP Promotion;0;2009_2022;CONSTRUIT
0;;310035;AUZEVILLE-TOLOSANE;HAB;;INTENSIF;DP;14205;10;0;0;0;0;0;0;0;0;10;0;0;0;0;Les Coteaux de Pelude;oui;Création Foncière;;2009_2022;CONSTRUIT
0;;310035;AUZEVILLE-TOLOSANE;HAB;Maison Indiv;INTENSIF;DP;1615;1;0;0;0;0;0;0;0;0;0;0;0;0;0;;;;;2022_2025;CONSTRUIT
0;;310035;AUZEVILLE-TOLOSANE;HAB;Maison Indiv;INTENSIF;DP;1108;1;0;0;0;0;0;0;0;0;0;0;0;0;0;;;;;2009_2022;CONSTRUIT
0;;310035;AUZEVILLE-TOLOSANE;HAB;Maison Indiv;INTENSIF;DP;801;1;0;0;0;0;0;0;0;0;0;0;0;0;0;;;;;2022_2025;CONSTRUIT
0;;310035;AUZEVILLE-TOLOSANE;HAB;Maison Indiv;INTENSIF;DP;598;1;0;0;0;0;0;0;0;0;0;0;0;0;0;;;;;2009_2022;CONSTRUIT
0;;310035;AUZEVILLE-TOLOSANE;HAB;Maison Indiv;INTENSIF;DP;508;1;0;0;0;0;0;0;0;0;0;0;0;0;0;;;;;2009_2022;CONSTRUIT
0;;310035;AUZEVILLE-TOLOSANE;HAB;Maison Indiv;INTENSIF;DP;584;1;0;0;0;0;0;0;0;0;0;0;0;0;0;;;;;2009_2022;CONSTRUIT
0;;310035;AUZEVILLE-TOLOSANE;HAB;;Conso ENAF;EXT;4116;5;0;0;0;0;0;0;0;0;0;0;0;0;0;;;;;2009_2022;CONSTRUIT
0;;310035;AUZEVILLE-TOLOSANE;HAB;Maison Indiv;INTENSIF;DP;374;1;0;0;0;0;0;0;0;0;0;0;0;0;0;;;;;2009_2022;CONSTRUIT
0;;310035;AUZEVILLE-TOLOSANE;HAB;Maison Indiv;INTENSIF;DP;748;1;0;0;0;0;0;0;0;0;0;0;0;0;0;;;;;2009_2022;CONSTRUIT
0;;310035;AUZEVILLE-TOLOSANE;HAB;;INTENSIF;RU;3069;33;0;0;0;0;0;10;0;6;17;33;0;0;0;chemin de l'église;oui;Saint Agne Promotion;Cité Jardins;2009_2022;CONSTRUIT
0;;310035;AUZEVILLE-TOLOSANE;HAB;;INTENSIF;RU;634;1;0;0;0;0;0;0;0;0;0;0;0;0;0;;;;;2009_2022;CONSTRUIT
0;;310035;AUZEVILLE-TOLOSANE;HAB;;INTENSIF;RU;1844;8;0;0;0;0;0;0;0;0;0;0;0;0;0;;oui;;;2009_2022;CONSTRUIT
0;;310035;AUZEVILLE-TOLOSANE;HAB;;INTENSIF;RU;5337;6;0;0;0;0;0;0;0;0;6;0;6;0;6;Moulin Armand;oui;commune;;2009_2022;CONSTRUIT
0;;310035;AUZEVILLE-TOLOSANE;HAB;;INTENSIF;RU;2349;27;0;0;0;0;0;5;0;0;22;27;0;0;0;Les portes d'Asgard;oui;Acantys;3F;2009_2022;CONSTRUIT
0;;310035;AUZEVILLE-TOLOSANE;HAB;;INTENSIF;DC;518;1;0;0;0;0;0;0;0;0;0;0;0;0;0;;;;;2009_2022;CONSTRUIT
0;;310035;AUZEVILLE-TOLOSANE;ACT;;Conso ENAF;EXT;3481;0;0;0;0;0;0;0;0;0;0;0;0;0;0;;;;;2009_2022;CONSTRUIT
0;;310035;AUZEVILLE-TOLOSANE;ACT;;Conso ENAF;EXT;16586;0;0;0;0;0;0;0;0;0;0;0;0;0;0;;;;;2009_2022;CONSTRUIT
0;;310035;AUZEVILLE-TOLOSANE;ACT;;INTENSIF;DP;3801;0;0;0;0;0;0;0;0;0;0;0;0;0;0;;;;;2009_2022;CONSTRUIT
0;;310035;AUZEVILLE-TOLOSANE;HAB;;INTENSIF;DP;5956;124;0;0;0;0;124;124;0;0;0;124;0;0;0;résidence ENSAT;oui;NLM;0;2009_2022;CONSTRUIT
0;;310035;AUZEVILLE-TOLOSANE;HAB;;INTENSIF;RU;7254;107;0;0;0;0;0;0;0;0;0;0;0;0;0;;oui;;;2009_2022;CONSTRUIT
0;;310035;AUZEVILLE-TOLOSANE;HAB;;INTENSIF;RU;11014;234;0;0;0;0;0;0;0;0;0;0;0;0;0;Study-O;oui;;;2009_2022;CONSTRUIT
0;;310035;AUZEVILLE-TOLOSANE;HAB;;INTENSIF;DC;25036;182;0;0;0;0;182;0;0;0;0;182;0;0;0;Artémisia;oui;Pitch promotion;;2009_2022;CONSTRUIT
0;;310035;AUZEVILLE-TOLOSANE;HAB;;INTENSIF;DP;707;2;0;0;0;0;0;0;0;0;0;0;0;0;0;;;;;2022_2025;CONSTRUIT
0;;310035;AUZEVILLE-TOLOSANE;HAB;Maison Indiv;INTENSIF;DP;812;1;0;0;0;0;0;0;0;0;0;0;0;0;0;;;;;2009_2022;CONSTRUIT
0;;310035;AUZEVILLE-TOLOSANE;HAB;Maison Indiv;INTENSIF;DP;492;1;0;0;0;0;0;0;0;0;0;0;0;0;0;;;;;2009_2022;CONSTRUIT
0;;310575;VIEILLE-TOULOUSE;HAB;;Conso ENAF;EXT;14681;3;0;0;0;0;0;0;0;0;0;0;0;0;0;;;;;2009_2022;CONSTRUIT
0;;310575;VIEILLE-TOULOUSE;HAB;Maison Indiv;INTENSIF;DP;4926;1;0;0;0;0;0;0;0;0;0;0;0;0;0;;;;;2009_2022;CONSTRUIT
0;;310575;VIEILLE-TOULOUSE;HAB;;INTENSIF;DP;4912;1;0;0;0;0;0;0;0;0;0;0;0;0;0;;;;;2009_2022;CONSTRUIT
0;;310575;VIEILLE-TOULOUSE;HAB;Maison Indiv;Conso ENAF;EXT;4438;1;0;0;0;0;0;0;0;0;0;0;0;0;0;;;;;2009_2022;CONSTRUIT
0;;310575;VIEILLE-TOULOUSE;HAB;Maison Indiv;Conso ENAF;EXT;3875;1;0;0;0;0;0;0;0;0;0;0;0;0;0;;;;;2009_2022;CONSTRUIT
0;;310575;VIEILLE-TOULOUSE;HAB;Maison Indiv;Conso ENAF;EXT;4427;1;0;0;0;0;0;0;0;0;0;0;0;0;0;;;;;2009_2022;CONSTRUIT
0;;310575;VIEILLE-TOULOUSE;HAB;;INTENSIF;DC;3612;9;0;0;0;0;0;0;0;0;9;0;0;9;0;La chaumière;oui;Création foncière;;2009_2022;CONSTRUIT
0;;310575;VIEILLE-TOULOUSE;HAB;Maison Indiv;INTENSIF;DC;3321;1;0;0;0;0;0;0;0;0;0;0;0;0;0;;;;;2009_2022;CONSTRUIT
0;;310575;VIEILLE-TOULOUSE;HAB;Maison Indiv;INTENSIF;DC;3391;1;0;0;0;0;0;0;0;0;0;0;0;0;0;;;;;2009_2022;CONSTRUIT
0;;310575;VIEILLE-TOULOUSE;HAB;;INTENSIF;DC;2207;4;0;0;0;0;0;0;0;0;4;0;4;4;0;chemin du forgeron;oui;Soft;0;2009_2022;CONSTRUIT
0;;310575;VIEILLE-TOULOUSE;HAB;;INTENSIF;DC;1400;4;0;0;0;0;0;0;0;0;4;0;4;4;0;chemin du forgeron;oui;Soft;0;2009_2022;CONSTRUIT
0;;310575;VIEILLE-TOULOUSE;HAB;Maison Indiv;Conso ENAF;EXT;4839;1;0;0;0;0;0;0;0;0;0;0;0;0;0;;;;;2009_2022;CONSTRUIT
0;;310575;VIEILLE-TOULOUSE;HAB;Maison Indiv;Conso ENAF;EXT;4953;1;0;0;0;0;0;0;0;0;0;0;0;0;0;;;;;2009_2022;CONSTRUIT
0;;310575;VIEILLE-TOULOUSE;HAB;Maison Indiv;INTENSIF;DP;3071;1;0;0;0;0;0;0;0;0;0;0;0;0;0;;;;;2009_2022;CONSTRUIT
0;;310575;VIEILLE-TOULOUSE;HAB;Maison Indiv;INTENSIF;DP;5077;1;0;0;0;0;0;0;0;0;0;0;0;0;0;;;;;2009_2022;CONSTRUIT
0;;310575;VIEILLE-TOULOUSE;HAB;Maison Indiv;INTENSIF;DP;6019;1;0;0;0;0;0;0;0;0;0;0;0;0;0;;;;;2009_2022;CONSTRUIT
0;;310575;VIEILLE-TOULOUSE;HAB;Maison Indiv;INTENSIF;DP;4711;1;0;0;0;0;0;0;0;0;0;0;0;0;0;;;;;2009_2022;CONSTRUIT
0;;310575;VIEILLE-TOULOUSE;HAB;Maison Indiv;INTENSIF;DP;5053;1;0;0;0;0;0;0;0;0;0;0;0;0;0;;;;;2022_2025;CONSTRUIT
0;;310575;VIEILLE-TOULOUSE;HAB;Maison Indiv;INTENSIF;DP;4951;1;0;0;0;0;0;0;0;0;0;0;0;0;0;;;;;2009_2022;CONSTRUIT
0;;310575;VIEILLE-TOULOUSE;HAB;Maison Indiv;INTENSIF;DP;4944;1;0;0;0;0;0;0;0;0;0;0;0;0;0;;;;;2009_2022;CONSTRUIT
0;;310575;VIEILLE-TOULOUSE;HAB;Maison Indiv;INTENSIF;DP;2389;1;0;0;0;0;0;0;0;0;0;0;0;0;0;;;;;2009_2022;CONSTRUIT
0;;310575;VIEILLE-TOULOUSE;HAB;Maison Indiv;INTENSIF;DP;6933;1;0;0;0;0;0;0;0;0;0;0;0;0;0;;;;;2009_2022;CONSTRUIT
0;;310575;VIEILLE-TOULOUSE;HAB;Maison Indiv;INTENSIF;DP;2461;1;0;0;0;0;0;0;0;0;0;0;0;0;0;;;;;2009_2022;CONSTRUIT
0;;310575;VIEILLE-TOULOUSE;HAB;Maison Indiv;INTENSIF;DC;11470;1;0;0;0;0;0;0;0;0;0;0;0;0;0;;;;;2022_2025;CONSTRUIT
0;;310575;VIEILLE-TOULOUSE;HAB;;Conso ENAF;EXT;22262;11;0;0;0;0;0;0;0;0;0;0;0;0;0;Domaine Tolosa;oui;;;2022_2025;CONSTRUIT
0;;310575;VIEILLE-TOULOUSE;HAB;Maison Indiv;INTENSIF;DP;3448;1;0;0;0;0;0;0;0;0;0;0;0;0;0;;;;;2009_2022;CONSTRUIT
0;;310575;VIEILLE-TOULOUSE;HAB;Maison Indiv;Conso ENAF;EXT;7229;1;0;0;0;0;0;0;0;0;0;0;0;0;0;;;;;2009_2022;CONSTRUIT
0;;310575;VIEILLE-TOULOUSE;HAB;Maison Indiv;Conso ENAF;EXT;5906;1;0;0;0;0;0;0;0;0;0;0;0;0;0;;;;;2009_2022;CONSTRUIT
0;;310254;LABEGE;HAB;;INTENSIF;DP;1580;4;0;0;0;0;0;0;0;0;4;0;0;4;0;BOUISSET;oui;BH INVEST;0;2009_2022;CONSTRUIT
0;;310254;LABEGE;HAB;Maison Indiv;INTENSIF;DP;555;1;0;0;0;0;0;0;0;0;0;0;0;0;0;;;;;2009_2022;CONSTRUIT
0;;310254;LABEGE;HAB;Maison Indiv;INTENSIF;DP;840;1;0;0;0;0;0;0;0;0;0;0;0;0;0;;;;;2009_2022;CONSTRUIT
0;;310254;LABEGE;HAB;;INTENSIF;RU;1178;14;0;0;0;0;0;2;0;0;0;14;0;0;0;Se canto;oui;;;2009_2022;CONSTRUIT
0;;310254;LABEGE;HAB;;INTENSIF;RU;1929;27;0;0;0;0;0;5;0;0;0;0;0;0;0;Un air de cocagne;oui;;;2009_2022;CONSTRUIT
0;;310254;LABEGE;HAB;;INTENSIF;RU;1507;24;0;0;0;0;0;4;0;0;0;0;0;0;0;Séjour en cocagne;oui;;;2022_2025;CONSTRUIT
0;;310254;LABEGE;HAB;;INTENSIF;RU;2175;37;0;0;0;0;0;7;0;0;0;0;0;0;0;les sens ciel;oui;;;2022_2025;CONSTRUIT
0;;310254;LABEGE;HAB;Maison Indiv;INTENSIF;DP;662;1;0;0;0;0;0;0;0;0;0;0;0;0;0;;;;;2009_2022;CONSTRUIT
0;;310254;LABEGE;HAB;;Conso ENAF;EXT;5371;16;0;0;0;0;0;4;0;3;9;0;16;16;0;chemin de la payssière;oui;Promomidi;Promologis;2009_2022;CONSTRUIT
0;;310254;LABEGE;EQUIP;;Conso ENAF;EXT;2640;0;0;0;0;0;0;0;0;0;0;0;0;0;0;;;;;2009_2022;CONSTRUIT
0;;310254;LABEGE;HAB;Maison Indiv;INTENSIF;DP;1436;1;0;0;0;0;0;0;0;0;0;0;0;0;0;;;;;2009_2022;CONSTRUIT
0;;310254;LABEGE;HAB;Maison Indiv;INTENSIF;DP;452;1;0;0;0;0;0;0;0;0;0;0;0;0;0;;;;;2022_2025;CONSTRUIT
0;;310254;LABEGE;HAB;;INTENSIF;DP;2267;4;0;0;0;0;0;0;0;0;4;0;0;0;0;;;;;2009_2022;CONSTRUIT
0;;310254;LABEGE;HAB;Maison Indiv;INTENSIF;DP;916;1;0;0;0;0;0;0;0;0;0;0;0;0;0;;;;;2009_2022;CONSTRUIT
0;;310113;CASTANET-TOLOSAN;HAB;;INTENSIF;RU;1505;35;0;0;0;0;0;0;0;0;35;35;0;0;0;Parc Tolosan;oui;PSA Aménagement;0;2009_2022;CONSTRUIT
0;;310113;CASTANET-TOLOSAN;HAB;;INTENSIF;RU;5441;73;0;0;0;0;0;14;0;0;59;73;0;0;0;Coeur tolosan 4;oui;Greencity;Cité Jardins;2009_2022;CONSTRUIT
0;;310113;CASTANET-TOLOSAN;HAB;;INTENSIF;RU;4710;52;0;0;0;0;0;10;0;0;42;52;0;0;0;Coeur tolosan 4;oui;Greencity;Cité Jardins;2009_2022;CONSTRUIT
0;;310113;CASTANET-TOLOSAN;HAB;;INTENSIF;RU;3779;66;0;0;0;0;0;11;0;0;55;66;0;0;0;Les collines du Lauragais;oui;LP Promotion;NLM;2009_2022;CONSTRUIT
0;;310113;CASTANET-TOLOSAN;HAB;;INTENSIF;RU;2700;29;0;0;0;0;0;6;0;6;17;29;0;0;0;106 avenue du lauragais;oui;Kaufman et Broad;0;2009_2022;CONSTRUIT
0;;310113;CASTANET-TOLOSAN;HAB;;INTENSIF;RU;4890;86;0;0;0;0;0;19;0;0;67;86;0;0;0;Samana;oui;Fonta;NLM;2009_2022;CONSTRUIT
0;;310113;CASTANET-TOLOSAN;HAB;;INTENSIF;DC;10925;11;0;0;0;0;0;0;0;0;0;0;0;0;0;;;;;2009_2022;CONSTRUIT
0;;310113;CASTANET-TOLOSAN;HAB;;INTENSIF;DC;4553;5;0;0;0;0;0;0;0;0;0;0;0;0;0;;;;;2009_2022;CONSTRUIT
0;;310113;CASTANET-TOLOSAN;HAB;;INTENSIF;RU;1638;36;0;0;0;0;0;0;0;0;36;36;0;0;0;Bella Ciutat;oui;LP PROMOTION;0;2009_2022;CONSTRUIT
0;;310113;CASTANET-TOLOSAN;HAB;;INTENSIF;RU;4496;50;0;0;0;0;0;9;0;0;41;50;0;0;0;Villa Stella;oui;Greencity;CDC Habitat;2009_2022;CONSTRUIT
0;;310113;CASTANET-TOLOSAN;HAB;;INTENSIF;RU;4082;47;0;0;0;0;0;7;0;0;40;47;0;0;0;47 av salettes et mancet;oui;Greencity;0;2009_2022;CONSTRUIT
0;;310113;CASTANET-TOLOSAN;HAB;;INTENSIF;RU;5018;101;0;0;0;0;0;19;0;0;82;101;0;0;0;Terra Castanea;oui;Urbat;Cité Jardins;2009_2022;CONSTRUIT
0;;310113;CASTANET-TOLOSAN;HAB;;INTENSIF;DP;1079;3;0;0;0;0;0;0;0;0;3;0;0;0;0;;;;;2009_2022;CONSTRUIT
0;;310113;CASTANET-TOLOSAN;HAB;;INTENSIF;DC;3728;8;0;0;0;0;0;0;0;8;0;0;0;0;0;Las Lascardos;oui;Pierre Passion;Cité Jardins;2009_2022;CONSTRUIT
0;;310113;CASTANET-TOLOSAN;HAB;Maison Indiv;INTENSIF;DP;1302;1;0;0;0;0;0;0;0;0;0;0;0;0;0;;;;;2009_2022;CONSTRUIT
0;;310113;CASTANET-TOLOSAN;HAB;;INTENSIF;RU;4207;109;0;0;0;0;0;21;0;12;76;109;0;0;0;Coeur Castanet;oui;Serge Mas;Cité Jardins;2009_2022;CONSTRUIT
0;;310113;CASTANET-TOLOSAN;HAB;;INTENSIF;RU;5462;26;0;0;0;0;0;0;0;0;0;0;0;0;0;;oui;;;2009_2022;CONSTRUIT
0;;310113;CASTANET-TOLOSAN;HAB;;INTENSIF;RU;1435;27;0;0;0;0;0;0;0;0;27;27;0;0;0;O coeur de ville;oui;Cogeprom;0;2009_2022;CONSTRUIT
0;;310113;CASTANET-TOLOSAN;HAB;;INTENSIF;RU;7529;91;0;0;0;0;0;16;0;0;75;91;0;0;0;2-8 rue du colonel gendreau;oui;Saint Agne Promotion;Patrimoine;2009_2022;CONSTRUIT
0;;310113;CASTANET-TOLOSAN;HAB;;INTENSIF;RU;2748;13;0;0;0;0;0;0;0;0;13;0;13;13;0;rue Delherm;oui;Progerim;;2009_2022;CONSTRUIT
0;;310113;CASTANET-TOLOSAN;HAB;Maison Indiv;INTENSIF;DP;1016;1;0;0;0;0;0;0;0;0;0;0;0;0;0;;;;;2009_2022;CONSTRUIT
0;;310113;CASTANET-TOLOSAN;ACT;;INTENSIF;DP;710;0;0;0;0;0;0;0;0;0;0;0;0;0;0;;;;;2009_2022;CONSTRUIT
0;;310113;CASTANET-TOLOSAN;HAB;Maison Indiv;INTENSIF;DP;537;1;0;0;0;0;0;0;0;0;0;0;0;0;0;;;;;2009_2022;CONSTRUIT
0;;310113;CASTANET-TOLOSAN;HAB;;INTENSIF;RU;3850;103;0;0;0;0;0;18;0;0;85;103;0;0;0;Le clos Léonie;oui;BC Promotion;Cité Jardins;2009_2022;CONSTRUIT
0;;310113;CASTANET-TOLOSAN;HAB;;INTENSIF;RU;3088;137;0;0;0;0;137;28;0;0;109;137;0;0;0;Résidence Théodora;oui;LP Promotion;Patrimoine;2009_2022;CONSTRUIT
0;;310113;CASTANET-TOLOSAN;HAB;;INTENSIF;RU;7349;74;0;0;0;0;0;17;0;0;57;0;0;0;0;Villa Montebello 2;oui;Fonta;Cité Jardins;2009_2022;CONSTRUIT
0;;310113;CASTANET-TOLOSAN;HAB;;Conso ENAF;EXT;7797;17;0;0;0;0;0;0;0;0;17;0;17;0;17;camp coubert;oui;Saint Roch;;2009_2022;CONSTRUIT
0;;310113;CASTANET-TOLOSAN;HAB;;Conso ENAF;EXT;4265;5;0;0;0;0;0;0;0;0;0;0;0;0;0;;oui;;;2009_2022;CONSTRUIT
0;;310113;CASTANET-TOLOSAN;HAB;;INTENSIF;RU;17418;102;0;0;0;0;0;102;0;3;16;102;0;16;0;Villas Caligula;oui;LP Promotion;0;2009_2022;CONSTRUIT
0;;310113;CASTANET-TOLOSAN;HAB;;INTENSIF;DC;9082;54;0;0;0;0;0;43;0;5;6;0;0;0;0;Le Hameau du Lac;oui;Semivalhe;Nouveau Logis Méridional;2009_2022;CONSTRUIT
0;;310113;CASTANET-TOLOSAN;HAB;;INTENSIF;RU;2282;69;0;0;0;0;0;14;0;0;55;69;0;0;0;Esprit Tolosan;oui;Marignan;0;2009_2022;CONSTRUIT
0;;310113;CASTANET-TOLOSAN;HAB;;Conso ENAF;EXT;7725;4;0;0;0;0;0;0;0;0;0;0;0;0;0;;oui;;;2009_2022;CONSTRUIT
0;;310113;CASTANET-TOLOSAN;HAB;Maison Indiv;Conso ENAF;EXT;4634;1;0;0;0;0;0;0;0;0;0;0;0;0;0;;;;;2009_2022;CONSTRUIT
0;;310113;CASTANET-TOLOSAN;HAB;Maison Indiv;INTENSIF;DP;1447;1;0;0;0;0;0;0;0;0;0;0;0;0;0;;;;;2009_2022;CONSTRUIT
0;;310113;CASTANET-TOLOSAN;HAB;Maison Indiv;INTENSIF;DP;1966;1;0;0;0;0;0;0;0;0;0;0;0;0;0;;;;;2009_2022;CONSTRUIT
0;;310113;CASTANET-TOLOSAN;HAB;Maison Indiv;INTENSIF;DP;2102;1;0;0;0;0;0;0;0;0;0;0;0;0;0;;;;;2009_2022;CONSTRUIT
0;;310113;CASTANET-TOLOSAN;HAB;Maison Indiv;INTENSIF;DP;1448;1;0;0;0;0;0;0;0;0;0;0;0;0;0;;;;;2009_2022;CONSTRUIT
0;;310113;CASTANET-TOLOSAN;HAB;Maison Indiv;INTENSIF;DP;1026;1;0;0;0;0;0;0;0;0;0;0;0;0;0;;;;;2009_2022;CONSTRUIT
0;;310113;CASTANET-TOLOSAN;HAB;Maison Indiv;Conso ENAF;EXT;4007;1;0;0;0;0;0;0;0;0;0;0;0;0;0;;;;;2009_2022;CONSTRUIT
0;;310113;CASTANET-TOLOSAN;HAB;Maison Indiv;INTENSIF;DP;1368;1;0;0;0;0;0;0;0;0;0;0;0;0;0;;;;;2009_2022;CONSTRUIT
0;;310113;CASTANET-TOLOSAN;HAB;;INTENSIF;DP;3302;3;0;0;0;0;0;0;0;0;0;0;0;0;0;;;;;2009_2022;CONSTRUIT
0;;310113;CASTANET-TOLOSAN;HAB;;INTENSIF;RU;2647;54;0;0;0;0;0;10;0;0;44;54;0;0;0;54 56 av de Toulouse;oui;;;2009_2022;CONSTRUIT
0;;310113;CASTANET-TOLOSAN;HAB;;INTENSIF;RU;2330;37;0;0;0;0;0;0;0;0;37;37;0;0;0;City Life;oui;Sogeprom;0;2009_2022;CONSTRUIT
0;;310113;CASTANET-TOLOSAN;HAB;;INTENSIF;RU;1592;23;0;0;0;0;0;0;0;0;23;23;0;0;0;Terracita;oui;Acantys;0;2009_2022;CONSTRUIT
0;;310113;CASTANET-TOLOSAN;HAB;;INTENSIF;RU;5935;91;0;0;0;0;0;19;83;0;72;91;0;0;0;Le jardin des plantes;oui;Fonta;Cité Jardins;2009_2022;CONSTRUIT
0;;310113;CASTANET-TOLOSAN;EQUIP;;INTENSIF;DC;7231;0;0;0;0;0;0;0;0;0;0;0;0;0;0;;;;;2009_2022;CONSTRUIT
0;;310113;CASTANET-TOLOSAN;HAB;;INTENSIF;DP;1929;4;0;0;0;0;0;0;0;0;0;0;0;0;0;;;;;2009_2022;CONSTRUIT
0;;310113;CASTANET-TOLOSAN;HAB;Maison Indiv;INTENSIF;DP;648;1;0;0;0;0;0;0;0;0;0;0;0;0;0;;;;;2009_2022;CONSTRUIT
0;;310113;CASTANET-TOLOSAN;HAB;;INTENSIF;RU;992;20;0;0;0;0;0;0;0;0;20;16;0;4;0;L'Eden;oui;ACM2I;;2009_2022;CONSTRUIT
0;;310113;CASTANET-TOLOSAN;HAB;;INTENSIF;RU;2189;61;0;0;0;0;0;13;0;0;48;61;0;0;0;Central Parc;oui;Bouygues;Cité Jardins;2009_2022;CONSTRUIT
0;;310113;CASTANET-TOLOSAN;HAB;;INTENSIF;DP;2562;37;0;0;0;0;0;0;0;37;0;0;0;0;0;La Halle;oui;;;2009_2022;CONSTRUIT
0;;310113;CASTANET-TOLOSAN;HAB;;INTENSIF;RU;1954;24;0;0;0;0;0;0;0;0;24;24;0;0;0;Coeur Tolosan 5;oui;Greencity;0;2009_2022;CONSTRUIT
0;;310113;CASTANET-TOLOSAN;HAB;;INTENSIF;RU;1113;24;0;0;0;0;0;0;0;0;24;24;0;0;0;Castanea;oui;Seixo;0;2009_2022;CONSTRUIT
0;;310113;CASTANET-TOLOSAN;HAB;;Conso ENAF;EXT;1958;0;0;0;0;0;0;0;0;0;0;0;0;0;0;;;;;INC;PC
0;;310113;CASTANET-TOLOSAN;HAB;Maison Indiv;INTENSIF;DP;1020;1;0;0;0;0;0;0;0;0;0;0;0;0;0;;;;;2009_2022;CONSTRUIT
0;;310446;RAMONVILLE-ST-AGNE;HAB;Maison Indiv;INTENSIF;DP;455;1;0;0;0;0;0;0;0;0;0;0;0;0;0;;;;;2009_2022;CONSTRUIT
0;;310446;RAMONVILLE-ST-AGNE;HAB;;Conso ENAF;EXT;4492;2;0;0;0;0;0;0;0;0;0;0;0;0;0;;;;;2009_2022;CONSTRUIT
0;;310446;RAMONVILLE-ST-AGNE;HAB;;INTENSIF;DP;5077;15;0;0;0;0;0;3;0;0;12;0;0;15;0;Le Clos de Mange Pommes;oui;Sogefi;Les Chalets;2009_2022;CONSTRUIT
0;;310446;RAMONVILLE-ST-AGNE;HAB;;INTENSIF;RU;2610;39;0;0;0;0;0;39;0;0;0;39;0;0;0;22-24 avenue d'Occitanie;oui;;ICF atlantique;2009_2022;CONSTRUIT
0;;310446;RAMONVILLE-ST-AGNE;HAB;;INTENSIF;RU;2027;45;0;0;0;0;0;14;0;0;31;45;0;0;0;Le Clos Tolosan;oui;Icade;SAVT;2009_2022;CONSTRUIT
0;;310446;RAMONVILLE-ST-AGNE;ACT;;INTENSIF;RU;5705;0;0;0;0;0;0;0;0;0;0;0;0;0;0;;;;;2009_2022;CONSTRUIT
0;;310446;RAMONVILLE-ST-AGNE;HAB;;INTENSIF;RU;2256;50;0;0;0;0;0;20;0;15;15;50;0;0;0;So Park;oui;Nexity;NLM;2009_2022;CONSTRUIT
0;;310446;RAMONVILLE-ST-AGNE;HAB;;INTENSIF;RU;4626;45;0;0;0;0;0;0;0;0;0;0;0;0;0;;oui;;;2009_2022;CONSTRUIT
0;;310446;RAMONVILLE-ST-AGNE;HAB;;INTENSIF;RU;3373;22;0;0;0;0;0;12;0;10;0;10;12;12;0;Les Terrasses Occitanes;oui;Les Chalets;0;2022_2025;CONSTRUIT
0;;310446;RAMONVILLE-ST-AGNE;HAB;;INTENSIF;RU;2754;57;0;0;0;0;0;0;0;0;0;0;0;0;0;;oui;;;2009_2022;CONSTRUIT
0;;310578;VIGOULET-AUZIL;HAB;Maison Indiv;INTENSIF;DP;1413;1;0;0;0;0;0;0;0;0;0;0;0;0;0;;;;;2009_2022;CONSTRUIT
0;;310578;VIGOULET-AUZIL;HAB;;INTENSIF;DP;2330;1;0;0;0;0;0;4;0;0;8;0;12;12;0;Carrés du val;;Carrés de l'Habitat;Altéal;2009_2022;CONSTRUIT
0;;310035;AUZEVILLE-TOLOSANE;HAB;;INTENSIF;DC;784;3;0;0;0;0;0;0;0;0;0;0;0;0;0;;oui;;;2009_2022;CONSTRUIT
0;;310035;AUZEVILLE-TOLOSANE;HAB;;INTENSIF;DC;833;1;0;0;0;0;0;0;0;0;0;0;0;0;0;;;;;2009_2022;CONSTRUIT
0;;310035;AUZEVILLE-TOLOSANE;HAB;Maison Indiv;INTENSIF;DC;782;1;0;0;0;0;0;0;0;0;0;0;0;0;0;;oui;;;2009_2022;CONSTRUIT
0;;310035;AUZEVILLE-TOLOSANE;HAB;Maison Indiv;INTENSIF;DC;737;1;0;0;0;0;0;0;0;0;0;0;0;0;0;;oui;;;2009_2022;CONSTRUIT
0;;310035;AUZEVILLE-TOLOSANE;HAB;Maison Indiv;INTENSIF;DC;788;1;0;0;0;0;0;0;0;0;0;0;0;0;0;;oui;;;2009_2022;CONSTRUIT
0;;310035;AUZEVILLE-TOLOSANE;HAB;Maison Indiv;INTENSIF;DC;738;1;0;0;0;0;0;0;0;0;0;0;0;0;0;;oui;;;2009_2022;CONSTRUIT
0;;310035;AUZEVILLE-TOLOSANE;HAB;;INTENSIF;DC;892;3;0;0;0;0;0;0;0;0;0;0;0;0;0;;oui;;;2009_2022;CONSTRUIT
0;;310035;AUZEVILLE-TOLOSANE;HAB;Maison Indiv;INTENSIF;DC;752;1;0;0;0;0;0;0;0;0;0;0;0;0;0;;oui;;;2009_2022;CONSTRUIT
0;;310035;AUZEVILLE-TOLOSANE;HAB;;INTENSIF;DC;8594;54;0;0;0;0;0;0;0;15;39;42;12;0;0;Le Hameau de la Crouzette;oui;Spirit Nexity;Cité Jardins;2009_2022;CONSTRUIT
0;;310446;RAMONVILLE-ST-AGNE;HAB;;INTENSIF;DP;1799;8;0;0;4;4;0;0;0;0;8;4;0;4;0;Habitat groupé du Canal;oui;HGC;;2009_2022;CONSTRUIT
0;;310113;CASTANET-TOLOSAN;HAB;;Conso ENAF;EXT;6245;19;0;0;0;0;0;0;0;0;19;0;0;15;0;Les coteaux de Castanet;oui;Serge Mas Promotion;;2009_2022;CONSTRUIT
0;;310381;MONTGISCARD;HAB;;INTENSIF;DP;425;1;0;0;0;0;0;0;0;0;0;0;0;0;0;;;;;2022_2025;CONSTRUIT
0;;310381;MONTGISCARD;HAB;;INTENSIF;RU;3008;14;0;0;0;0;0;0;0;14;0;0;0;14;0;Les Chardons;oui;Jean Pierre RUBIO;Languedocienne;2022_2025;CONSTRUIT
0;;310381;MONTGISCARD;HAB;;Conso ENAF;EXT;3640;14;0;0;0;0;0;0;0;14;0;0;0;14;0;Les Chardons;oui;Jean Pierre RUBIO;Languedocienne;2022_2025;CONSTRUIT
0;;310254;LABEGE;HAB;;Conso ENAF;EXT;7039;16;0;0;0;0;0;0;0;6;10;0;16;6;10;Les Campels;oui;Ramos;Toulousaine d'Habitation;2009_2022;CONSTRUIT
0;;310409;PECHABOU;HAB;;Conso ENAF;EXT;1153;121;0;0;0;0;0;51;0;5;65;49;65;0;65;Les Allées du Canal du Midi;oui;SATER;SFHE;2009_2022;CONSTRUIT
0;;310048;BAZIEGE;HAB;;Conso ENAF;EXT;857;94;0;0;0;0;0;18;0;25;40;0;;0;11;Borde Blanche 1;oui;Procivis;Patrimoine;2009_2022;CONSTRUIT
0;;310048;BAZIEGE;HAB;;Conso ENAF;EXT;2441;92;0;0;0;0;0;34;0;55;3;0;0;0;0;En Coustaud;oui;Procivis;Patrimoine;2009_2022;CONSTRUIT
0;;310401;NOUEILLES;HAB;Maison Indiv;Conso ENAF;EXT;1135;1;0;0;0;0;0;0;0;0;0;0;0;0;0;;;;;2009_2022;CONSTRUIT
0;;310259;LACROIX-FALGARDE;HAB;;INTENSIF;RU;3174;50;0;0;0;0;0;0;0;0;0;0;0;0;0;;oui;;;2009_2022;CONSTRUIT
0;;310004;AYGUESVIVES;HAB;;INTENSIF;DP;4114;17;0;0;0;0;0;4;0;11;2;0;17;17;0;allée du Château;oui;Procivis;Patrimoine;2022_2025;CONSTRUIT
0;;310057;BELBERAUD;ACT;;Conso ENAF;EXT;150;0;0;0;0;0;0;0;0;0;0;0;0;0;0;;;;;2022_2025;CONSTRUIT
0;;310057;BELBERAUD;ACT;;Conso ENAF;EXT;23682;0;0;0;0;0;0;0;0;0;0;0;0;0;0;;;;;2022_2025;CONSTRUIT
0;;310057;BELBERAUD;ACT;;Conso ENAF;EXT;506;0;0;0;0;0;0;0;0;0;0;0;0;0;0;;;;;2022_2025;CONSTRUIT
0;;310057;BELBERAUD;ACT;;Conso ENAF;EXT;1931;0;0;0;0;0;0;0;0;0;0;0;0;0;0;;;;;2022_2025;CONSTRUIT
0;;310057;BELBERAUD;ACT;;Conso ENAF;EXT;4006;0;0;0;0;0;0;0;0;0;0;0;0;0;0;;;;;2022_2025;CONSTRUIT
0;;310151;CORRONSAC;HAB;Maison Indiv;Conso ENAF;EXT;1505;1;0;0;0;0;0;0;0;0;0;0;0;0;0;;;;;2009_2022;CONSTRUIT
0;;310429;POMPERTUZAT;HAB;Maison Indiv;INTENSIF;DP;840;1;0;0;0;0;0;0;0;0;0;0;0;0;0;;;;;2009_2022;CONSTRUIT
0;;310429;POMPERTUZAT;HAB;Maison Indiv;INTENSIF;DP;1497;1;0;0;0;0;0;0;0;0;0;0;0;0;0;;;;;2009_2022;CONSTRUIT
0;;310429;POMPERTUZAT;HAB;Maison Indiv;INTENSIF;DP;480;1;0;0;0;0;0;0;0;0;0;0;0;0;0;;;;;2022_2025;CONSTRUIT
0;;310429;POMPERTUZAT;HAB;Maison Indiv;INTENSIF;DP;460;1;0;0;0;0;0;0;0;0;0;0;0;0;0;;;;;2022_2025;CONSTRUIT
0;;310429;POMPERTUZAT;HAB;Maison Indiv;INTENSIF;DP;544;1;0;0;0;0;0;0;0;0;0;0;0;0;0;;;;;2022_2025;CONSTRUIT
0;;310429;POMPERTUZAT;HAB;Maison Indiv;INTENSIF;DP;828;1;0;0;0;0;0;0;0;0;0;0;0;0;0;;;;;2022_2025;CONSTRUIT
0;;310429;POMPERTUZAT;HAB;Maison Indiv;INTENSIF;DP;611;1;0;0;0;0;0;0;0;0;0;0;0;0;0;;;;;2009_2022;CONSTRUIT
0;;310446;RAMONVILLE-ST-AGNE;HAB;;Conso ENAF;EXT;45346;413;0;0;0;0;0;33;0;24;46;101;0;0;0;Maragon Floralies;oui;Les Chalets;Les Chalets;2009_2022;CONSTRUIT
0;;310254;LABEGE;HAB;Maison Indiv;INTENSIF;DP;875;1;0;0;0;0;0;0;0;0;0;0;0;0;0;;;;;2009_2022;CONSTRUIT
0;;310254;LABEGE;HAB;Maison Indiv;INTENSIF;DP;647;1;0;0;0;0;0;0;0;0;0;0;0;0;0;;;;;2009_2022;CONSTRUIT
0;;310254;LABEGE;HAB;;INTENSIF;DP;4597;46;0;0;0;0;0;46;46;0;0;0;0;0;0;Les jardins du Cardinal;oui;;;2026;CONSTRUIT
0;;310169;ESCALQUENS;ACT;;INTENSIF;DP;11054;0;0;0;0;0;0;0;0;0;0;0;0;0;0;;;;;2009_2022;CONSTRUIT
0;;310169;ESCALQUENS;ACT;;Conso ENAF;EXT;8772;0;0;0;0;0;0;0;0;0;0;0;0;0;0;;;;;2022_2025;CONSTRUIT
0;;310169;ESCALQUENS;HAB;Maison Indiv;INTENSIF;DP;829;1;0;0;0;0;0;0;0;0;0;0;0;0;0;;;;;2009_2022;CONSTRUIT
0;;310169;ESCALQUENS;HAB;;INTENSIF;DP;734;2;0;0;0;0;0;0;0;0;0;0;0;0;0;;;;;2009_2022;CONSTRUIT
0;;310254;LABEGE;HAB;Maison Indiv;INTENSIF;DP;762;1;0;0;0;0;0;0;0;0;0;0;0;0;0;;;;;2022_2025;CONSTRUIT
0;;310254;LABEGE;HAB;Maison Indiv;INTENSIF;DP;626;1;0;0;0;0;0;0;0;0;0;0;0;0;0;;;;;2022_2025;CONSTRUIT
0;;310254;LABEGE;HAB;Maison Indiv;INTENSIF;DC;973;1;0;0;0;0;0;0;0;0;0;0;0;0;0;;;;;2022_2025;CONSTRUIT
0;;310254;LABEGE;HAB;Maison Indiv;INTENSIF;RU;691;1;0;0;0;0;0;0;0;0;0;0;0;0;0;;;;;2022_2025;CONSTRUIT
0;;310249;LABASTIDE-BEAUVOIR;HAB;Maison Indiv;Conso ENAF;EXT;1176;1;0;0;0;0;0;0;0;0;0;0;0;0;0;;;;;2009_2022;CONSTRUIT
0;;310057;BELBERAUD;HAB;Maison Indiv;INTENSIF;DP;496;1;0;0;0;0;0;0;0;0;0;0;0;0;0;;;;;2009_2022;CONSTRUIT
0;;310113;CASTANET-TOLOSAN;HAB;;INTENSIF;RU;5461;90;0;0;0;0;0;18;0;0;72;63;27;27;0;Prat Majou;oui;;;2009_2022;CONSTRUIT
0;;310113;CASTANET-TOLOSAN;HAB;;INTENSIF;RU;2382;20;0;0;0;0;0;0;0;0;20;20;0;0;0;11 avenue Louis Delherm;oui;Procivis;SMCH;2022_2025;CONSTRUIT
0;;310113;CASTANET-TOLOSAN;HAB;;INTENSIF;DC;682;1;0;0;0;0;0;0;0;0;0;0;0;0;0;;;;;2022_2025;CONSTRUIT
0;;310113;CASTANET-TOLOSAN;HAB;;INTENSIF;RU;13769;328;0;0;0;0;0;65;0;0;263;328;0;0;0;Quartier Ritournelle;oui;St Agne Urbis Greencity;Cité Jardins;2009_2022;CONSTRUIT
0;;310113;CASTANET-TOLOSAN;EQUIP;;INTENSIF;DC;7586;0;0;0;0;0;0;0;0;0;0;0;0;0;0;;oui;;;2022_2025;CONSTRUIT
0;;310113;CASTANET-TOLOSAN;HAB;;INTENSIF;RU;3281;69;0;0;0;0;0;14;0;0;55;63;6;6;0;Villa Garance;oui;Upsilon;0;2022_2025;CONSTRUIT
0;;310113;CASTANET-TOLOSAN;HAB;Maison Indiv;INTENSIF;DP;758;1;0;0;0;0;0;0;0;0;0;0;0;0;0;;;;;2022_2025;CONSTRUIT
0;;310113;CASTANET-TOLOSAN;HAB;Maison Indiv;INTENSIF;DP;488;1;0;0;0;0;0;0;0;0;0;0;0;0;0;;;;;2009_2022;CONSTRUIT
0;;310113;CASTANET-TOLOSAN;HAB;Maison Indiv;INTENSIF;DP;467;1;0;0;0;0;0;0;0;0;0;0;0;0;0;;;;;2009_2022;CONSTRUIT
0;;310113;CASTANET-TOLOSAN;HAB;;INTENSIF;DP;784;1;0;0;0;0;0;0;0;0;0;0;0;0;0;;;;;2009_2022;CONSTRUIT
0;;310113;CASTANET-TOLOSAN;HAB;Maison Indiv;INTENSIF;DP;1512;1;0;0;0;0;0;0;0;0;0;0;0;0;0;;;;;2022_2025;CONSTRUIT
0;;310113;CASTANET-TOLOSAN;HAB;Maison Indiv;INTENSIF;DP;1188;1;0;0;0;0;0;0;0;0;0;0;0;0;0;;;;;2022_2025;CONSTRUIT
0;;310113;CASTANET-TOLOSAN;HAB;Maison Indiv;INTENSIF;DC;1052;1;0;0;0;0;0;0;0;0;0;0;0;0;0;;;;;2009_2022;CONSTRUIT
0;;310113;CASTANET-TOLOSAN;HAB;Maison Indiv;Conso ENAF;EXT;1579;1;0;0;0;0;0;0;0;0;0;0;0;0;0;;;;;2009_2022;CONSTRUIT
0;;310409;PECHABOU;HAB;Maison Indiv;INTENSIF;DP;706;1;0;0;0;0;0;0;0;0;0;0;0;0;0;;;;;2022_2025;CONSTRUIT
0;;310409;PECHABOU;HAB;Maison Indiv;INTENSIF;DP;1794;1;0;0;0;0;0;0;0;0;0;0;0;0;0;;;;;2022_2025;CONSTRUIT
0;;310113;CASTANET-TOLOSAN;HAB;Maison Indiv;INTENSIF;DP;1864;1;0;0;0;0;0;0;0;0;0;0;0;0;0;;;;;2009_2022;CONSTRUIT
0;;310113;CASTANET-TOLOSAN;HAB;Maison Indiv;Conso ENAF;EXT;1669;1;0;0;0;0;0;0;0;0;0;0;0;0;0;;;;;2009_2022;CONSTRUIT
0;;310113;CASTANET-TOLOSAN;HAB;Maison Indiv;INTENSIF;DP;811;1;0;0;0;0;0;0;0;0;0;0;0;0;0;;;;;2022_2025;CONSTRUIT
0;;310113;CASTANET-TOLOSAN;HAB;Maison Indiv;INTENSIF;DP;303;1;0;0;0;0;0;0;0;0;0;0;0;0;0;;;;;2022_2025;CONSTRUIT
0;;310113;CASTANET-TOLOSAN;HAB;;INTENSIF;RU;3958;45;0;0;0;0;0;0;0;0;0;0;0;0;0;;oui;;;2022_2025;CONSTRUIT
0;;310113;CASTANET-TOLOSAN;HAB;;INTENSIF;DP;234;9;0;0;0;0;0;9;0;0;0;9;0;0;0;allée des mimosas;oui;Cité Jardins;Cité Jardins;2009_2022;CONSTRUIT
0;;310113;CASTANET-TOLOSAN;HAB;Maison Indiv;INTENSIF;DP;299;1;0;0;0;0;0;0;0;0;0;0;0;0;0;;;;;2022_2025;CONSTRUIT
0;;310113;CASTANET-TOLOSAN;HAB;Maison Indiv;INTENSIF;DP;433;1;0;0;0;0;0;0;0;0;0;0;0;0;0;;;;;2009_2022;CONSTRUIT
0;;310113;CASTANET-TOLOSAN;EQUIP;;INTENSIF;DP;3878;0;0;0;0;0;0;0;0;0;0;0;0;0;0;;oui;;;2022_2025;CONSTRUIT
0;;310113;CASTANET-TOLOSAN;HAB;Maison Indiv;INTENSIF;DC;702;1;0;0;0;0;0;0;0;0;0;0;0;0;0;;;;;2009_2022;CONSTRUIT
0;;310113;CASTANET-TOLOSAN;HAB;Maison Indiv;INTENSIF;DP;1225;1;0;0;0;0;0;0;0;0;0;0;0;0;0;;;;;2009_2022;CONSTRUIT
0;;310035;AUZEVILLE-TOLOSANE;ACT;;INTENSIF;RU;3279;0;0;0;0;0;0;0;0;0;0;0;0;0;0;;;;;2009_2022;CONSTRUIT
0;;310113;CASTANET-TOLOSAN;ACT;;INTENSIF;DC;6561;0;0;0;0;0;0;0;0;0;0;0;0;0;0;;;;;2009_2022;CONSTRUIT
0;;310113;CASTANET-TOLOSAN;HAB;Maison Indiv;INTENSIF;DP;794;1;0;0;0;0;0;0;0;0;0;0;0;0;0;;;;;2022_2025;CONSTRUIT
0;;310035;AUZEVILLE-TOLOSANE;HAB;Maison Indiv;INTENSIF;DC;417;1;0;0;0;0;0;0;0;0;0;0;0;0;0;;;;;2009_2022;CONSTRUIT
0;;310035;AUZEVILLE-TOLOSANE;HAB;Maison Indiv;INTENSIF;DC;728;1;0;0;0;0;0;0;0;0;0;0;0;0;0;;;;;2022_2025;CONSTRUIT
0;;310035;AUZEVILLE-TOLOSANE;HAB;Maison Indiv;INTENSIF;DC;519;1;0;0;0;0;0;0;0;0;0;0;0;0;0;;;;;2022_2025;CONSTRUIT
0;;310035;AUZEVILLE-TOLOSANE;HAB;Maison Indiv;INTENSIF;DP;380;1;0;0;0;0;0;0;0;0;0;0;0;0;0;;;;;2009_2022;CONSTRUIT
0;;310035;AUZEVILLE-TOLOSANE;HAB;Maison Indiv;INTENSIF;DP;203;1;0;0;0;0;0;0;0;0;0;0;0;0;0;;;;;2009_2022;CONSTRUIT
0;;310035;AUZEVILLE-TOLOSANE;HAB;Maison Indiv;INTENSIF;DP;453;1;0;0;0;0;0;0;0;0;0;0;0;0;0;;;;;2009_2022;CONSTRUIT
0;;310004;AYGUESVIVES;HAB;Maison Indiv;INTENSIF;DP;420;1;0;0;0;0;0;0;0;0;0;0;0;0;0;;;;;2022_2025;CONSTRUIT
0;;310057;BELBERAUD;ACT;;Conso ENAF;EXT;9736;0;0;0;0;0;0;0;0;0;0;0;0;0;0;;;;;2022_2025;CONSTRUIT
0;;310192;FOURQUEVAUX;HAB;Maison Indiv;INTENSIF;DP;840;1;0;0;0;0;0;0;0;0;0;0;0;0;0;;;;;2009_2022;CONSTRUIT
0;;310192;FOURQUEVAUX;HAB;Maison Indiv;INTENSIF;DP;841;1;0;0;0;0;0;0;0;0;0;0;0;0;0;;;;;2009_2022;CONSTRUIT
0;;310192;FOURQUEVAUX;HAB;Maison Indiv;INTENSIF;DP;291;1;0;0;0;0;0;0;0;0;0;0;0;0;0;;;;;2009_2022;CONSTRUIT
0;;310227;GOYRANS;HAB;Maison Indiv;Conso ENAF;EXT;1664;1;0;0;0;0;0;0;0;0;0;0;0;0;0;;;;;2009_2022;CONSTRUIT
0;;310227;GOYRANS;HAB;Maison Indiv;Conso ENAF;EXT;1812;1;0;0;0;0;0;0;0;0;0;0;0;0;0;;;;;2009_2022;CONSTRUIT
0;;310240;ISSUS;HAB;Maison Indiv;INTENSIF;DP;660;1;0;0;0;0;0;0;0;0;0;0;0;0;0;;;;;2022_2025;CONSTRUIT
0;;310254;LABEGE;ACT;;INTENSIF;RU;2307;0;0;0;0;0;0;0;0;0;0;0;0;0;0;;;;;2022_2025;CONSTRUIT
0;;310254;LABEGE;HAB;;Conso ENAF;EXT;9650;9;0;0;0;0;0;0;0;0;0;0;0;0;0;;oui;;;2022_2025;CONSTRUIT
0;;310409;PECHABOU;HAB;Maison Indiv;INTENSIF;DC;1023;1;0;0;0;0;0;0;0;0;0;0;0;0;0;;;;;2022_2025;CONSTRUIT
0;;310409;PECHABOU;HAB;Maison Indiv;INTENSIF;DP;704;1;0;0;0;0;0;0;0;0;0;0;0;0;0;;;;;2022_2025;CONSTRUIT
0;;310409;PECHABOU;HAB;Maison Indiv;INTENSIF;DP;644;1;0;0;0;0;0;0;0;0;0;0;0;0;0;;;;;2022_2025;CONSTRUIT
0;;310411;PECHBUSQUE;HAB;Maison Indiv;Conso ENAF;EXT;995;1;0;0;0;0;0;0;0;0;0;0;0;0;0;;;;;2022_2025;CONSTRUIT
0;;310411;PECHBUSQUE;HAB;Maison Indiv;Conso ENAF;EXT;767;1;0;0;0;0;0;0;0;0;0;0;0;0;0;;;;;2022_2025;CONSTRUIT
0;;310411;PECHBUSQUE;HAB;Maison Indiv;Conso ENAF;EXT;1868;1;0;0;0;0;0;0;0;0;0;0;0;0;0;;;;;2022_2025;CONSTRUIT
0;;310411;PECHBUSQUE;HAB;Maison Indiv;Conso ENAF;EXT;2004;1;0;0;0;0;0;0;0;0;0;0;0;0;0;;;;;2022_2025;CONSTRUIT
0;;310411;PECHBUSQUE;HAB;Maison Indiv;INTENSIF;DC;1465;1;0;0;0;0;0;0;0;0;0;0;0;0;0;;;;;2022_2025;CONSTRUIT
0;;310411;PECHBUSQUE;HAB;Maison Indiv;INTENSIF;DC;475;1;0;0;0;0;0;0;0;0;0;0;0;0;0;;;;;2022_2025;CONSTRUIT
0;;310411;PECHBUSQUE;HAB;Maison Indiv;INTENSIF;DC;551;1;0;0;0;0;0;0;0;0;0;0;0;0;0;;;;;2022_2025;CONSTRUIT
0;;310429;POMPERTUZAT;HAB;;INTENSIF;DP;474;2;0;0;0;0;0;0;0;0;0;0;0;0;0;;;;;2009_2022;CONSTRUIT
0;;310429;POMPERTUZAT;HAB;Maison Indiv;INTENSIF;DP;567;1;0;0;0;0;0;0;0;0;0;0;0;0;0;;;;;2022_2025;CONSTRUIT
0;;310429;POMPERTUZAT;HAB;Maison Indiv;INTENSIF;DP;627;1;0;0;0;0;0;0;0;0;0;0;0;0;0;;;;;2022_2025;CONSTRUIT
0;;310575;VIEILLE-TOULOUSE;HAB;Maison Indiv;Conso ENAF;EXT;3380;1;0;0;0;0;0;0;0;0;0;0;0;0;0;;;;;2009_2022;CONSTRUIT
0;;310575;VIEILLE-TOULOUSE;HAB;Maison Indiv;Conso ENAF;EXT;3328;1;0;0;0;0;0;0;0;0;0;0;0;0;0;;;;;2009_2022;CONSTRUIT
0;;310575;VIEILLE-TOULOUSE;HAB;Maison Indiv;INTENSIF;DP;4359;1;0;0;0;0;0;0;0;0;0;0;0;0;0;;;;;2022_2025;CONSTRUIT
0;;310446;RAMONVILLE-ST-AGNE;HAB;;INTENSIF;RU;14935;124;0;0;0;0;0;0;0;0;0;0;0;0;0;;oui;;;2022_2025;CONSTRUIT
0;;310446;RAMONVILLE-ST-AGNE;HAB;Maison Indiv;INTENSIF;DP;832;1;0;0;0;0;0;0;0;0;0;0;0;0;0;;;;;2009_2022;CONSTRUIT
0;;310446;RAMONVILLE-ST-AGNE;ACT;;Conso ENAF;EXT;8535;0;0;0;0;0;0;0;0;0;0;0;0;0;0;;oui;;;2022_2025;CONSTRUIT
0;;310446;RAMONVILLE-ST-AGNE;HAB;Maison Indiv;INTENSIF;DP;388;1;0;0;0;0;0;0;0;0;0;0;0;0;0;;;;;2022_2025;CONSTRUIT
0;;310446;RAMONVILLE-ST-AGNE;HAB;Maison Indiv;INTENSIF;DP;227;1;0;0;0;0;0;0;0;0;0;0;0;0;0;;;;;2022_2025;CONSTRUIT
0;;310446;RAMONVILLE-ST-AGNE;HAB;;Conso ENAF;EXT;3259;16;0;0;0;0;0;0;0;0;0;0;0;0;0;;oui;;;2022_2025;CONSTRUIT
0;;310446;RAMONVILLE-ST-AGNE;HAB;Maison Indiv;INTENSIF;DC;667;1;0;0;0;0;0;0;0;0;0;0;0;0;0;;;;;2022_2025;CONSTRUIT
0;;310446;RAMONVILLE-ST-AGNE;HAB;Maison Indiv;INTENSIF;DC;587;1;0;0;0;0;0;0;0;0;0;0;0;0;0;;;;;2022_2025;CONSTRUIT
0;;310249;LABASTIDE-BEAUVOIR;HAB;Maison Indiv;INTENSIF;DP;983;1;0;0;0;0;0;0;0;0;0;0;0;0;0;;;;;2009_2022;CONSTRUIT
0;;310249;LABASTIDE-BEAUVOIR;HAB;Maison Indiv;INTENSIF;DP;428;1;0;0;0;0;0;0;0;0;0;0;0;0;0;;;;;2022_2025;CONSTRUIT
0;4 G 879;;AYGUESVIVES;HAB;;INTENSIF;DC;0;2;0;0;0;0;0;0;0;0;0;0;2;0;0;;;;;2009_2022;CONSTRUIT
0;4 AK 72;;AYGUESVIVES;HAB;Maison Indiv;INTENSIF;DP;0;1;0;0;0;0;0;0;0;0;0;0;1;0;0;;;;;2009_2022;CONSTRUIT
0;4 AK 6;;AYGUESVIVES;HAB;Maison Indiv;Conso ENAF;EXT;0;1;0;0;0;0;0;0;0;0;0;0;1;0;0;;;;;2009_2022;CONSTRUIT
0;4 AI 64;;AYGUESVIVES;HAB;Maison Indiv;INTENSIF;DP;0;1;0;0;0;0;0;0;0;0;0;0;1;0;0;;;;;2009_2022;CONSTRUIT
0;4 AI 62;;AYGUESVIVES;HAB;Maison Indiv;INTENSIF;DP;0;1;0;0;0;0;0;0;0;0;0;0;1;0;0;;;;;2009_2022;CONSTRUIT
0;4 AI 22;;AYGUESVIVES;INC;Maison Indiv;INTENSIF;INC;0;0;0;0;0;0;0;0;0;0;0;0;1;0;0;;;;;INC;CONSTRUIT
0;4 AL 5;;AYGUESVIVES;HAB;Maison Indiv;Conso ENAF;EXT;0;1;0;0;0;0;0;0;0;0;0;0;1;0;0;;;;;2022_2025;CONSTRUIT
0;4 AL 99;;AYGUESVIVES;HAB;Maison Indiv;INTENSIF;DP;0;1;0;0;0;0;0;0;0;0;0;0;1;0;0;;;;;2022_2025;CONSTRUIT
0;4 AP 127;;AYGUESVIVES;HAB;;INTENSIF;RU;0;3;0;0;0;0;0;0;0;0;0;3;0;0;0;;;;;2022_2025;CONSTRUIT
0;4 AL 334;;AYGUESVIVES;HAB;Maison Indiv;INTENSIF;DP;0;1;0;0;0;0;0;0;0;0;0;0;1;0;0;;;;;2026;CONSTRUIT
0;4 AP 245;;AYGUESVIVES;HAB;Maison Indiv;INTENSIF;DP;0;1;0;0;0;0;0;0;0;0;0;0;1;0;0;;;;;2026;CONSTRUIT
0;25 B 534;;AUREVILLE;HAB;Maison Indiv;INTENSIF;DP;0;1;0;0;0;0;0;0;0;0;0;0;1;0;0;;;;;2009_2022;CONSTRUIT
0;25 B 567;;AUREVILLE;HAB;Maison Indiv;INTENSIF;INC;0;1;0;0;0;0;0;0;0;0;0;0;1;0;0;;;;;INC;PC
0;25 B 482;;AUREVILLE;HAB;Maison Indiv;INTENSIF;INC;0;1;0;0;0;0;0;0;0;0;0;0;1;0;0;;;;;INC;PC
0;25 A 339;;AUREVILLE;HAB;Maison Indiv;INTENSIF;INC;0;1;0;0;0;0;0;0;0;0;0;0;1;0;0;;;;;INC;PC
0;25 B 835;;AUREVILLE;HAB;Maison Indiv;INTENSIF;INC;0;1;0;0;0;0;0;0;0;0;0;0;1;0;0;;;;;INC;PC
0;25 C 525;;AUREVILLE;HAB;Maison Indiv;INTENSIF;INC;0;1;0;0;0;0;0;0;0;0;0;0;1;0;0;;;;;INC;PC
0;25 B 846;;AUREVILLE;HAB;Maison Indiv;Conso ENAF;EXT;0;1;0;0;0;0;0;0;0;0;0;0;1;0;0;;;;;INC;PC
0;35 AP 229;;AUZEVILLE-TOLOSANE;HAB;Maison Indiv;INTENSIF;DP;0;1;0;0;0;0;0;0;0;0;0;0;1;0;0;;;;;2009_2022;CONSTRUIT
0;35 AT 50;;AUZEVILLE-TOLOSANE;HAB;Maison Indiv;INTENSIF;DP;0;1;0;0;0;0;0;0;0;0;0;0;1;0;0;;;;;2009_2022;CONSTRUIT
0;35 AB 96;;AUZEVILLE-TOLOSANE;HAB;;INTENSIF;RU;0;5;0;0;0;0;0;0;0;0;0;5;0;0;0;;oui;;;2022_2025;CONSTRUIT
0;35 AW 72;;AUZEVILLE-TOLOSANE;HAB;Maison Indiv;Conso ENAF;EXT;0;1;0;0;0;0;0;0;0;0;0;0;0;0;0;;;;;2022_2025;CONSTRUIT
0;35 AW 70;;AUZEVILLE-TOLOSANE;HAB;Maison Indiv;Conso ENAF;EXT;0;1;0;0;0;0;0;0;0;0;0;0;1;0;0;;;;;2022_2025;CONSTRUIT
0;35 AA 143;;AUZEVILLE-TOLOSANE;HAB;;Conso ENAF;EXT;0;60;0;0;0;0;0;12;0;18;0;30;0;0;0;Allee Marly;oui;;;2025-2028;CONSTRUIT
0;35 AV 29;;AUZEVILLE-TOLOSANE;HAB;Maison Indiv;INTENSIF;DP;0;1;0;0;0;0;0;0;0;0;0;0;1;0;0;;;;;2022_2025;CONSTRUIT
0;35 AE 25;;AUZEVILLE-TOLOSANE;HAB;;INTENSIF;INC;0;105;0;0;0;0;0;105;0;0;0;105;0;0;0;;;;;INC;PC
0;35 AP 236;;AUZEVILLE-TOLOSANE;HAB;;INTENSIF;INC;0;85;0;0;0;0;0;18;0;31;0;85;0;0;0;;;;;INC;PC
0;35 AR 86;;AUZEVILLE-TOLOSANE;HAB;;Conso ENAF;EXT;0;31;0;0;0;0;0;12;0;12;0;31;0;0;0;;oui;;;INC;PC
0;35 AR 150;;AUZEVILLE-TOLOSANE;HAB;;Conso ENAF;EXT;0;23;0;0;0;0;0;0;0;0;23;23;0;0;0;Terracita;oui;Acantys;0;INC;PC
0;35 AE 36;;AUZEVILLE-TOLOSANE;HAB;;INTENSIF;INC;0;83;0;0;0;0;0;83;0;0;0;83;0;0;0;;;;;INC;PC
0;36 A 69;;AUZIELLE;HAB;;INTENSIF;DP;0;4;0;0;0;0;0;0;0;0;4;0;4;0;4;;;;;2009_2022;CONSTRUIT
0;36 C 129;;AUZIELLE;HAB;Maison Indiv;INTENSIF;DP;0;1;0;0;0;0;0;0;0;0;0;0;1;0;0;;;;;2009_2022;CONSTRUIT
0;48 L 387;;BAZIEGE;INC;;Conso ENAF;EXT;0;14;0;0;0;0;0;0;0;0;14;14;0;0;0;Casa Lola;oui;SCCV Les Pradrettes;;INC;PC
0;48 H 1630;;BAZIEGE;HAB;Maison Indiv;INTENSIF;RU;0;1;0;0;0;0;0;0;0;0;0;0;1;0;0;;;;;2009_2022;CONSTRUIT
0;48 I 757;;BAZIEGE;ACT;;INTENSIF;DP;0;0;0;0;0;0;0;0;0;0;0;0;0;0;0;;;;;2009_2022;CONSTRUIT
0;48 H 40;;BAZIEGE;HAB;Maison Indiv;INTENSIF;DP;0;1;0;0;0;0;0;0;0;0;0;0;1;0;0;;;;;2009_2022;CONSTRUIT
0;48 H 1576;;BAZIEGE;INC;;Conso ENAF;EXT;0;51;0;0;0;0;0;15;0;11;0;20;0;0;0;Las Gourgues;oui;;;INC;PC
0;48 H 242;;BAZIEGE;HAB;;INTENSIF;RU;0;10;0;0;0;0;0;0;10;0;0;10;0;0;0;8 av de l'Hers;oui;Orris management;0;2009_2022;CONSTRUIT
0;48 L 601;;BAZIEGE;ACT;;INTENSIF;INC;0;0;0;0;0;0;0;0;0;0;0;0;0;0;0;;;;;INC;CONSTRUIT
0;48 L 968;;BAZIEGE;EQUIP;;INTENSIF;DP;0;8;0;0;0;0;0;8;0;0;0;8;0;0;0;;;;;2009_2022;CONSTRUIT
0;48 I 999;;BAZIEGE;HAB;Maison Indiv;INTENSIF;DP;0;1;0;0;0;0;0;0;0;0;0;0;1;0;0;;;;;2009_2022;CONSTRUIT
0;48 H 947;;BAZIEGE;HAB;Maison Indiv;INTENSIF;INC;0;1;0;0;0;0;0;0;0;0;0;0;1;0;0;;;;;INC;PC
0;48 H 9;;BAZIEGE;HAB;;INTENSIF;INC;0;10;0;0;0;0;0;4;0;4;10;6;4;4;0;les jardins de l'hers;oui;SARL la mainade;0;INC;PC
0;48 H 671;;BAZIEGE;HAB;;INC;INC;0;7;0;0;0;0;0;0;0;0;7;7;0;0;0;1 rue des pradines;;EKOBAT;0;INC;PC
0;48 H 1391;;BAZIEGE;HAB;Maison Indiv;INTENSIF;DP;0;1;0;0;0;0;0;0;0;0;0;0;1;0;0;;;;;2009_2022;CONSTRUIT
0;48 H 509;;BAZIEGE;HAB;;Conso ENAF;EXT;0;15;0;0;0;0;0;0;0;0;0;0;0;0;0;Domaine de l'Hers;oui;;;INC;PC
0;48 H 510;;BAZIEGE;HAB;;Conso ENAF;EXT;0;15;0;0;0;0;0;0;0;15;0;0;0;0;0;Domaine de l'Hers;oui;;;INC;PC
0;48 H 496;;BAZIEGE;HAB;;Conso ENAF;EXT;0;3;0;0;0;0;0;0;0;0;0;0;0;0;0;Domaine de l'Hers;oui;;;INC;PC
0;48 H 1624;;BAZIEGE;HAB;;INTENSIF;DC;0;0;0;0;0;0;0;0;0;0;0;0;0;0;0;;;;;INC;PC
;48 H 505;;BAZIEGE;HAB;;Conso ENAF;EXT;;24;;;;;;24;;;;24;;;;Domaine de l'Hers;oui;;;INC;PC
0;48 I 502;;BAZIEGE;HAB;Maison Indiv;INTENSIF;INC;0;1;0;0;0;0;0;0;0;0;0;0;1;0;0;;;;;INC;PC
0;48 I 462;;BAZIEGE;HAB;Maison Indiv;INTENSIF;INC;0;1;0;0;0;0;0;0;0;0;0;0;1;0;0;;;;;INC;PC
0;48 H 1956;;BAZIEGE;HAB;Maison Indiv;INTENSIF;DP;0;1;0;0;0;0;0;0;0;0;0;0;1;0;0;;;;;2026;CONSTRUIT
0;48 H 2206;;BAZIEGE;HAB;Maison Indiv;Conso ENAF;EXT;0;2;0;0;0;0;0;0;0;0;0;0;2;0;0;;;;;INC;PC
0;48 H 2236;;BAZIEGE;HAB;Maison Indiv;INTENSIF;RU;0;1;0;0;0;0;0;0;0;0;0;0;1;0;0;;;;;2009_2022;CONSTRUIT
0;48 H 1989;;BAZIEGE;HAB;;Conso ENAF;EXT;0;13;0;0;0;0;0;0;0;0;0;0;13;0;0;Domaine de l'Hers;oui;;;INC;PC
0;48 H 2019;;BAZIEGE;HAB;;Conso ENAF;EXT;0;11;0;0;0;0;0;0;0;0;0;0;11;0;0;Domaine de l'Hers;oui;;;INC;PC
0;48 H 2038;;BAZIEGE;HAB;;Conso ENAF;EXT;0;23;0;0;0;0;0;0;0;0;0;12;11;0;0;Domaine de l'Hers;oui;;;INC;PC
0;48 K 77;;BAZIEGE;HAB;Maison Indiv;INTENSIF;DP;0;1;0;0;0;0;0;0;0;0;0;0;1;0;0;;;;;INC;PC
0;57 C 297;;BELBERAUD;HAB;Maison Indiv;INTENSIF;RU;0;1;0;0;0;0;0;0;0;0;0;0;1;0;0;;;;;2009_2022;CONSTRUIT
0;57 C 519;;BELBERAUD;HAB;Maison Indiv;INTENSIF;DP;0;1;0;0;0;0;0;0;0;0;0;0;1;0;0;;;;;2009_2022;CONSTRUIT
0;57 B 362;;BELBERAUD;HAB;Maison Indiv;INTENSIF;DC;0;1;0;0;0;0;0;0;0;0;0;0;1;0;0;;;;;INC;PC
0;57 B 252;;BELBERAUD;HAB;Maison Indiv;INTENSIF;DP;0;1;0;0;0;0;0;0;0;0;0;0;1;0;0;;;;;2009_2022;CONSTRUIT
0;57 D 118;;BELBERAUD;INC;Maison Indiv;INC;INC;0;0;0;0;0;0;0;0;0;0;0;0;0;0;0;;;;;INC;PC
0;57 C 578;;BELBERAUD;HAB;Maison Indiv;INC;INC;0;1;0;0;0;0;0;0;0;0;0;0;1;0;0;;;;;INC;PC
0;113 CE 21;;CASTANET-TOLOSAN;HAB;;INTENSIF;RU;0;32;0;0;0;0;0;0;0;0;0;32;0;0;0;;;;;INC;PC
0;113 CA 91;;CASTANET-TOLOSAN;HAB;Maison Indiv;INTENSIF;INC;0;1;0;0;0;0;0;0;0;0;0;0;1;0;0;;;;;INC;PC
0;113 BR 100;;CASTANET-TOLOSAN;HAB;;INTENSIF;INC;0;1;0;0;0;0;0;0;0;0;1;0;0;0;0;;oui;;;INC;PC
0;113 CE 56;;CASTANET-TOLOSAN;INC;;INTENSIF;INC;0;2;0;0;0;0;0;0;0;0;0;0;2;0;0;;;;;INC;PC
0;113 CA 124;;CASTANET-TOLOSAN;HAB;Maison Indiv;INTENSIF;INC;0;1;0;0;0;0;0;0;0;0;0;0;1;0;0;;;;;INC;PC
0;113 BB 433;;CASTANET-TOLOSAN;INC;;INTENSIF;INC;0;66;0;0;0;0;0;10;0;0;0;66;0;0;0;;;;;INC;PC
0;113 BB 166;;CASTANET-TOLOSAN;INC;;INTENSIF;INC;0;36;0;0;0;0;0;0;0;0;36;36;0;0;0;61 av toulouse 1 allée aubépines;oui;BC Promotion;0;INC;PC
0;113 CE 4;;CASTANET-TOLOSAN;INC;;INTENSIF;RU;0;26;0;0;0;0;0;0;0;0;26;26;0;0;0;29 avenue de broc;oui;SCCV Castanet 1;0;INC;PC
0;113 BI 85;;CASTANET-TOLOSAN;HAB;Maison Indiv;Conso ENAF;EXT;0;1;0;0;0;0;0;0;0;0;0;0;0;0;0;;;;;INC;PC
0;113 BT 101;;CASTANET-TOLOSAN;INC;;INTENSIF;INC;0;1;0;0;0;0;0;0;0;0;0;0;0;0;0;106 avenue du lauragais;;Kaufman et Broad;0;INC;PC
0;113 BR 290;;CASTANET-TOLOSAN;HAB;;INTENSIF;DP;0;1;0;0;0;0;0;0;0;0;1;0;0;0;0;;;;;2009_2022;CONSTRUIT
0;113 BR 194;;CASTANET-TOLOSAN;HAB;Maison Indiv;INTENSIF;DP;0;1;0;0;0;0;0;0;0;0;0;0;1;0;0;;;;;2009_2022;CONSTRUIT
0;113 CE 312;;CASTANET-TOLOSAN;HAB;Maison Indiv;INTENSIF;INC;0;1;0;0;0;0;0;0;0;0;0;0;1;0;0;;;;;INC;PC
0;113 CA 180;;CASTANET-TOLOSAN;HAB;Maison Indiv;INTENSIF;INC;0;1;0;0;0;0;0;0;0;0;0;0;1;0;0;;;;;INC;PC
0;113 CB 165;;CASTANET-TOLOSAN;HAB;Maison Indiv;INTENSIF;DC;0;1;0;0;0;0;0;0;0;0;0;0;1;0;0;;;;;2022_2025;CONSTRUIT
0;113 CD 229;;CASTANET-TOLOSAN;HAB;Maison Indiv;INTENSIF;DP;0;1;0;0;0;0;0;0;0;0;0;0;1;0;0;;;;;2009_2022;CONSTRUIT
0;113 CA 179;;CASTANET-TOLOSAN;HAB;Maison Indiv;INTENSIF;INC;0;1;0;0;0;0;0;0;0;0;0;0;1;0;0;;;;;INC;PC
0;113 BR 83;;CASTANET-TOLOSAN;HAB;;INTENSIF;RU;0;57;0;0;0;0;0;18;0;28;0;57;0;0;0;;;;;INC;PC
0;113 BT 25;;CASTANET-TOLOSAN;INC;;INC;INC;0;4;0;0;0;0;0;0;0;0;0;0;0;0;0;;;;;INC;PC
0;113 CA 230;;CASTANET-TOLOSAN;HAB;Maison Indiv;INTENSIF;INC;0;1;0;0;0;0;0;0;0;0;0;0;0;0;0;;;;;INC;PC
0;113 CE 1;;CASTANET-TOLOSAN;INC;;INTENSIF;INC;0;2;0;0;0;0;0;0;0;0;0;0;0;0;0;;;;;INC;PC
0;113 BO 386;;CASTANET-TOLOSAN;INC;;INTENSIF;INC;0;0;0;0;0;0;0;0;0;0;0;0;0;0;0;Renouvellement urbain Camus;oui;Semivalhe;Cité jardins;INC;PC
0;113 BT 287;;CASTANET-TOLOSAN;INC;;INTENSIF;DP;0;2;0;0;0;0;0;0;0;0;0;0;2;0;0;;;;;INC;PC
0;113 CI 227;;CASTANET-TOLOSAN;HAB;Maison Indiv;INTENSIF;INC;0;1;0;0;0;0;0;0;0;0;0;0;1;0;0;;;;;INC;PC
0;113 CA 72;;CASTANET-TOLOSAN;HAB;Maison Indiv;INTENSIF;INC;0;1;0;0;0;0;0;0;0;0;0;0;1;0;0;;;;;INC;PC
0;148 D 286;;CLERMONT-LE-FORT;HAB;Maison Indiv;INTENSIF;DP;0;1;0;0;0;0;0;0;0;0;0;0;1;0;0;;;;;2009_2022;CONSTRUIT
0;148 B 7;;CLERMONT-LE-FORT;INC;Maison Indiv;INC;INC;0;1;0;0;0;0;0;0;0;0;0;0;1;0;0;;;;;INC;PC
0;148 E 251;;CLERMONT-LE-FORT;INC;;INC;INC;0;7;0;0;0;0;0;0;0;0;0;0;0;0;0;;;;;INC;PC
0;148 A 66;;CLERMONT-LE-FORT;INC;Maison Indiv;INC;INC;0;1;0;0;0;0;0;0;0;0;0;0;1;0;0;;;;;INC;PC
0;151 B 667;;CORRONSAC;HAB;Maison Indiv;Conso ENAF;EXT;0;1;0;0;0;0;0;0;0;0;0;0;1;0;0;;;;;2009_2022;CONSTRUIT
0;151 B 891;;CORRONSAC;HAB;;Conso ENAF;EXT;0;9;0;0;0;0;0;9;0;0;0;0;0;9;0;De vert et d'or;oui;SATER;0;INC;PC
0;161 C 39;;DEYME;HAB;Maison Indiv;INTENSIF;RU;0;1;0;0;0;0;0;0;0;0;0;0;1;0;0;;;;;2009_2022;CONSTRUIT
;161 D 647;;DEYME;HAB;;Conso ENAF;EXT;;31;;;;;;;;6;;;;;;;oui;;;INC;PC
0;162 AC 172;;DONNEVILLE;HAB;Maison Indiv;INTENSIF;DP;0;1;0;0;0;0;0;0;0;0;0;0;1;0;0;;;;;INC;PC
0;162 AA 60;;DONNEVILLE;INC;;INC;INC;0;3;0;0;0;0;0;0;0;0;0;0;0;0;0;;;;;INC;PC
0;169 ZC 539;;ESCALQUENS;HAB;Maison Indiv;INTENSIF;DP;453;1;0;0;0;0;0;0;0;0;0;0;1;0;0;;;;;2009_2022;CONSTRUIT
0;169 ZD 834;;ESCALQUENS;HAB;Maison Indiv;INTENSIF;INC;0;1;0;0;0;0;0;0;0;0;0;0;0;0;0;;;;;INC;PC
0;169 ZB 533;;ESCALQUENS;HAB;;INTENSIF;RU;0;5;0;0;0;0;0;0;0;0;0;0;0;0;0;;;;;2009_2022;CONSTRUIT
0;169 ZC 569;;ESCALQUENS;HAB;Maison Indiv;INTENSIF;DP;2418;1;0;0;0;0;0;0;0;0;0;0;1;0;0;;;;;2009_2022;CONSTRUIT
0;169 ZC 549;;ESCALQUENS;HAB;Maison Indiv;INTENSIF;DP;422;1;0;0;0;0;0;0;0;0;0;0;1;0;0;;;;;2009_2022;CONSTRUIT
0;169 ZB 23;;ESCALQUENS;HAB;Maison Indiv;INTENSIF;DP;1078;1;0;0;0;0;0;0;0;0;0;0;1;0;0;;;;;2009_2022;CONSTRUIT
0;169 ZD 912;;ESCALQUENS;HAB;Maison Indiv;INTENSIF;DP;301;1;0;0;0;0;0;0;0;0;0;0;1;0;0;;;;;2009_2022;CONSTRUIT
0;169 ZH 175;;ESCALQUENS;HAB;Maison Indiv;INTENSIF;DP;0;1;0;0;0;0;0;0;0;0;0;0;1;0;0;;;;;2009_2022;CONSTRUIT
0;169 ZK 36;;ESCALQUENS;HAB;;INTENSIF;INC;0;45;0;0;0;0;0;9;0;0;0;45;0;0;0;;;;;INC;PC
0;169 ZC 298;;ESCALQUENS;HAB;Maison Indiv;INTENSIF;DP;842;1;0;0;0;0;0;0;0;0;0;0;1;0;0;;;;;2009_2022;CONSTRUIT
0;169 ZC 620;;ESCALQUENS;HAB;Maison Indiv;INTENSIF;INC;0;1;0;0;0;0;0;0;0;0;0;0;1;0;0;;;;;INC;PC
0;169 ZK 46;;ESCALQUENS;HAB;;INTENSIF;INC;0;26;0;0;0;0;0;0;0;0;0;0;0;0;0;;;;;INC;PC
0;169 ZB 734;;ESCALQUENS;HAB;;INTENSIF;INC;0;2;0;0;0;0;0;0;0;0;0;0;0;0;0;;;;;INC;PC
0;169 ZC 310;;ESCALQUENS;HAB;Maison Indiv;INTENSIF;DP;474;1;0;0;0;0;0;0;0;0;0;0;1;0;0;;;;;2009_2022;CONSTRUIT
0;169 ZE 681;;ESCALQUENS;HAB;;INTENSIF;DC;0;110;0;0;0;0;0;33;0;0;0;110;0;0;0;Res. Senior;oui;;;INC;PC
0;169 ZC 731;;ESCALQUENS;HAB;Maison Indiv;Conso ENAF;EXT;0;1;0;0;0;0;0;0;0;0;0;0;1;0;0;;;;;2009_2022;CONSTRUIT
0;169 ZA 572;;ESCALQUENS;HAB;Maison Indiv;INTENSIF;INC;0;1;0;0;0;0;0;0;0;0;0;0;1;0;0;;;;;INC;PC
0;169 ZB 620;;ESCALQUENS;HAB;Maison Indiv;INTENSIF;INC;0;1;0;0;0;0;0;0;0;0;0;0;1;0;0;;;;;INC;PC
0;169 ZB 675;;ESCALQUENS;HAB;Maison Indiv;INTENSIF;INC;0;1;0;0;0;0;0;0;0;0;0;0;1;0;0;;;;;INC;PC
0;169 ZH 188;;ESCALQUENS;HAB;Maison Indiv;INTENSIF;INC;0;1;0;0;0;0;0;0;0;0;0;0;1;0;0;;;;;INC;PC
0;169 ZD 993;;ESCALQUENS;HAB;Maison Indiv;INTENSIF;DC;1007;1;0;0;0;0;0;0;0;0;0;0;1;0;0;;;;;2026;CONSTRUIT
0;169 ZC 729;;ESCALQUENS;HAB;Maison Indiv;Conso ENAF;EXT;0;1;0;0;0;0;0;0;0;0;0;0;1;0;0;;;;;2022_2025;CONSTRUIT
0;169 ZA 16;;ESCALQUENS;HAB;Maison Indiv;Conso ENAF;INC;0;1;0;0;0;0;0;0;0;0;0;0;1;0;0;;;;;INC;PC
0;169 ZA 907;;ESCALQUENS;HAB;Maison Indiv;INTENSIF;INC;0;1;0;0;0;0;0;0;0;0;0;0;1;0;0;;;;;INC;PC
0;171 A 212;;ESPANES;HAB;Maison Indiv;INTENSIF;INC;0;1;0;0;0;0;0;0;0;0;0;0;1;0;0;;;;;INC;PC
0;171 B 133;;ESPANES;HAB;Maison Indiv;INTENSIF;DP;0;1;0;0;0;0;0;0;0;0;0;0;1;0;0;;;;;2022_2025;CONSTRUIT
0;192 B 179;;FOURQUEVAUX;HAB;Maison Indiv;INTENSIF;DP;0;1;0;0;0;0;0;0;0;0;0;0;1;0;0;;;;;2009_2022;CONSTRUIT
0;192 A 268;;FOURQUEVAUX;HAB;;INTENSIF;DC;0;2;0;0;0;0;0;0;0;0;0;0;2;0;0;;;;;2009_2022;CONSTRUIT
0;192 D 63;;FOURQUEVAUX;HAB;Maison Indiv;INTENSIF;INC;0;1;0;0;0;0;0;0;0;0;0;0;1;0;0;;;;;INC;PC
0;192 C 550;;FOURQUEVAUX;HAB;Maison Indiv;INTENSIF;INC;0;1;0;0;0;0;0;0;0;0;0;0;1;0;0;;;;;INC;PC
0;192 A 770;;FOURQUEVAUX;HAB;Maison Indiv;INTENSIF;DC;0;1;0;0;0;0;0;0;0;0;0;0;1;0;0;;;;;2022_2025;PC
0;227 A 251;;GOYRANS;HAB;Maison Indiv;INTENSIF;INC;0;1;0;0;0;0;0;0;0;0;0;0;1;0;0;;;;;INC;PC
0;227 C 210;;GOYRANS;HAB;;INTENSIF;INC;0;5;0;0;0;0;0;0;0;0;0;0;0;0;0;;;;;INC;CONSTRUIT
0;227 C 537;;GOYRANS;HAB;Maison Indiv;INC;INC;0;1;0;0;0;0;0;0;0;0;0;0;1;0;0;;;;;INC;PC
0;240 A 550;;ISSUS;HAB;Maison Indiv;INTENSIF;RU;0;1;0;0;0;0;0;0;0;0;0;0;1;0;0;;;;;2009_2022;CONSTRUIT
0;240 A 749;;ISSUS;HAB;Maison Indiv;INTENSIF;RU;0;1;0;0;0;0;0;0;0;0;0;0;1;0;0;;;;;2009_2022;CONSTRUIT
0;240 A 787;;ISSUS;HAB;Maison Indiv;INTENSIF;DP;0;1;0;0;0;0;0;0;0;0;0;0;1;0;0;;;;;2009_2022;CONSTRUIT
0;240 A 423;;ISSUS;HAB;Maison Indiv;INTENSIF;DP;0;1;0;0;0;0;0;0;0;0;0;0;1;0;0;;;;;2022_2025;CONSTRUIT
0;240 A 980;;ISSUS;HAB;Maison Indiv;INTENSIF;DP;0;1;0;0;0;0;0;0;0;0;0;0;1;0;0;;;;;INC;PC
0;249 ZE 206;;LABASTIDE-BEAUVOIR;HAB;Maison Indiv;INTENSIF;DP;0;1;0;0;0;0;0;0;0;0;0;0;1;0;0;;;;;2009_2022;CONSTRUIT
0;249 ZI 41;;LABASTIDE-BEAUVOIR;HAB;Maison Indiv;INTENSIF;DP;0;1;0;0;0;0;0;0;0;0;0;0;0;0;0;;;;;2022_2025;CONSTRUIT
0;249 ZD 446;;LABASTIDE-BEAUVOIR;HAB;;INTENSIF;DC;0;1;0;0;0;0;0;0;0;0;0;0;0;0;0;;;;;2022_2025;CONSTRUIT
0;249 ZD 445;;LABASTIDE-BEAUVOIR;HAB;;INTENSIF;DC;0;0;0;0;0;0;0;0;0;0;0;0;0;0;0;;;;;2009_2022;PC
0;254 AV 178;;LABEGE;HAB;;INTENSIF;DP;0;65;0;0;0;0;0;8;0;0;57;48;0;17;0;Cottage Tolosa;oui;;;2009_2022;CONSTRUIT
0;254 AS 7;;LABEGE;HAB;Maison Indiv;INTENSIF;DP;0;1;0;0;0;0;0;0;0;0;0;0;1;0;0;;;;;2009_2022;CONSTRUIT
0;254 AP 257;;LABEGE;HAB;;INTENSIF;DP;0;1;0;0;0;0;0;0;0;0;0;0;0;0;0;;;;;2022_2025;CONSTRUIT
0;254 AX 21;;LABEGE;HAB;Maison Indiv;INTENSIF;DP;0;1;0;0;0;0;0;0;0;0;0;0;1;0;0;;;;;2009_2022;CONSTRUIT
0;254 BB 63;;LABEGE;HAB;;INTENSIF;INC;0;2;0;0;0;0;0;0;0;0;0;0;0;0;0;;;;;INC;PC
0;254 AW 216;;LABEGE;HAB;Maison Indiv;INTENSIF;RU;0;1;0;0;0;0;0;0;0;0;0;0;1;0;0;;;;;2009_2022;CONSTRUIT
0;254 AT 70;;LABEGE;HAB;Maison Indiv;INTENSIF;DP;0;1;0;0;0;0;0;0;0;0;0;0;1;0;0;;;;;2009_2022;CONSTRUIT
0;254 AW 376;;LABEGE;HAB;Maison Indiv;INTENSIF;RU;0;1;0;0;0;0;0;0;0;0;0;0;1;0;0;;;;;2009_2022;CONSTRUIT
0;254 AW 231;;LABEGE;HAB;Maison Indiv;INTENSIF;DP;0;1;0;0;0;0;0;0;0;0;0;0;1;0;0;;;;;2022_2025;CONSTRUIT
0;254 AO 432;;LABEGE;HAB;Maison Indiv;INTENSIF;DP;0;1;0;0;0;0;0;0;0;0;0;0;1;0;0;;;;;2009_2022;CONSTRUIT
0;254 AT 313;;LABEGE;HAB;Maison Indiv;INTENSIF;DP;0;1;0;0;0;0;0;0;0;0;0;0;1;0;0;;;;;2022_2025;CONSTRUIT
0;254 AL 25;;LABEGE;INC;;INTENSIF;RU;0;0;0;0;0;0;0;0;0;0;0;0;0;0;0;;;;;INC;PC
0;254 AS 6;;LABEGE;HAB;;INTENSIF;DP;0;3;0;0;0;0;0;0;0;0;0;0;3;0;0;;;;;INC;PC
;254 AO 374;;LABEGE;HAB;;Conso ENAF;EXT;0;1;;;;;;;;0;0;;0;0;0;;oui;;;INC;PC
0;254 AT 318;;LABEGE;HAB;Maison Indiv;INTENSIF;DP;0;1;0;0;0;0;0;0;0;0;0;0;1;0;0;;;;;INC;PC
0;254 AV 118;;LABEGE;HAB;;Conso ENAF;EXT;0;54;0;0;0;0;0;10;54;0;0;54;0;0;0;Impasse de l'Autan;oui;;;INC;PC
0;254 AT 71;;LABEGE;HAB;Maison Indiv;Conso ENAF;EXT;0;1;0;0;0;0;0;0;0;0;0;0;1;0;0;;;;;INC;PC
0;259 AH 147;;LACROIX-FALGARDE;HAB;;INTENSIF;RU;0;2;0;0;0;0;0;0;0;0;0;0;0;0;0;;;;;2009_2022;CONSTRUIT
0;259 AR 59;;LACROIX-FALGARDE;HAB;Maison Indiv;INTENSIF;DC;0;1;0;0;0;0;0;0;0;0;0;0;1;0;0;;;;;2009_2022;CONSTRUIT
0;259 AS 3;;LACROIX-FALGARDE;HAB;Maison Indiv;INTENSIF;DP;0;1;0;0;0;0;0;0;0;0;0;0;1;0;0;;;;;2009_2022;CONSTRUIT
0;259 AI 36;;LACROIX-FALGARDE;HAB;Maison Indiv;INTENSIF;INC;0;1;0;0;0;0;0;0;0;0;0;0;1;0;0;;;;;INC;PC
0;259 AM 9;;LACROIX-FALGARDE;HAB;Maison Indiv;INTENSIF;INC;0;1;0;0;0;0;0;0;0;0;0;0;1;0;0;;;;;INC;PC
0;259 AN 77;;LACROIX-FALGARDE;HAB;Maison Indiv;INTENSIF;INC;0;1;0;0;0;0;0;0;0;0;0;0;1;0;0;;;;;INC;PC
0;259 AH 164;;LACROIX-FALGARDE;HAB;;INTENSIF;INC;0;2;0;0;0;0;0;0;0;0;0;2;0;0;0;;;;;INC;PC
0;259 AE 28;;LACROIX-FALGARDE;INC;;INC;INC;0;22;0;0;0;0;0;3;0;0;0;22;0;0;0;;;;;INC;PC
0;259 AK 15;;LACROIX-FALGARDE;HAB;Maison Indiv;INTENSIF;INC;0;1;0;0;0;0;0;0;0;0;0;0;1;0;0;;;;;INC;PC
0;284 ZA 460;;LAUZERVILLE;HAB;Maison Indiv;INTENSIF;DP;0;1;0;0;0;0;0;0;0;0;0;0;1;0;0;;;;;2009_2022;CONSTRUIT
0;284 ZB 413;;LAUZERVILLE;HAB;Maison Indiv;INTENSIF;DC;0;1;0;0;0;0;0;0;0;0;0;0;1;0;0;;;;;2009_2022;CONSTRUIT
0;284 ZB 355;;LAUZERVILLE;HAB;;INTENSIF;DC;0;1;0;0;0;0;0;0;0;0;0;0;0;0;0;;;;;2022_2025;CONSTRUIT
0;284 ZA 102;;LAUZERVILLE;HAB;Maison Indiv;INTENSIF;DP;0;2;0;0;0;0;0;0;0;0;0;0;1;0;0;;;;;2009_2022;CONSTRUIT
0;284 ZB 439;;LAUZERVILLE;INC;;INTENSIF;INC;0;8;0;0;0;0;0;2;0;0;0;8;0;0;0;;;;;INC;PC
0;284 ZC 186;;LAUZERVILLE;HAB;Maison Indiv;INTENSIF;DP;0;1;0;0;0;0;0;0;0;0;0;0;1;0;0;;;;;INC;PC
0;340 B 325;;MERVILLA;HAB;Maison Indiv;Conso ENAF;EXT;0;1;0;0;0;0;0;0;0;0;0;0;1;0;0;;;;;2009_2022;CONSTRUIT
0;340 B 372;;MERVILLA;HAB;Maison Indiv;INTENSIF;INC;0;1;0;0;0;0;0;0;0;0;0;0;1;0;0;;;;;INC;PC
0;366 A 222;;MONTBRUN-LAURAGAIS;HAB;Maison Indiv;INTENSIF;DP;0;1;0;0;0;0;0;0;0;0;0;0;1;0;0;;;;;2009_2022;CONSTRUIT
0;366 A 224;;MONTBRUN-LAURAGAIS;HAB;Maison Indiv;INTENSIF;DP;0;1;0;0;0;0;0;0;0;0;0;0;1;0;0;;;;;2009_2022;CONSTRUIT
0;366 A 223;;MONTBRUN-LAURAGAIS;HAB;Maison Indiv;INTENSIF;DP;0;1;0;0;0;0;0;0;0;0;0;0;1;0;0;;;;;2009_2022;CONSTRUIT
0;366 C 273;;MONTBRUN-LAURAGAIS;HAB;Maison Indiv;INTENSIF;DP;0;1;0;0;0;0;0;0;0;0;0;0;1;0;0;;;;;2009_2022;CONSTRUIT
0;366 A 194;;MONTBRUN-LAURAGAIS;HAB;Maison Indiv;INTENSIF;DP;0;1;0;0;0;0;0;0;0;0;0;0;1;0;0;;;;;2009_2022;CONSTRUIT
0;366 F 56;;MONTBRUN-LAURAGAIS;HAB;Maison Indiv;INTENSIF;RU;0;1;0;0;0;0;0;0;0;0;0;0;1;0;0;;;;;2009_2022;CONSTRUIT
0;366 D 179;;MONTBRUN-LAURAGAIS;HAB;Maison Indiv;INTENSIF;DP;0;1;0;0;0;0;0;0;0;0;0;0;1;0;0;;;;;2022_2025;CONSTRUIT
0;366 C 299;;MONTBRUN-LAURAGAIS;HAB;Maison Indiv;Conso ENAF;EXT;0;1;0;0;0;0;0;0;0;0;0;0;1;0;0;;;;;INC;PC
0;366 C 374;;MONTBRUN-LAURAGAIS;HAB;;INTENSIF;INC;0;1;0;0;0;0;0;6;0;5;12;0;0;5;17;Souleilha;;Création Foncière;Les Chalets;INC;PC
0;381 G 380;;MONTGISCARD;HAB;;INTENSIF;DP;0;2;0;0;0;0;0;0;0;0;0;0;0;0;0;;;;;2009_2022;CONSTRUIT
0;381 F 296;;MONTGISCARD;HAB;;INTENSIF;DP;0;1;0;0;0;0;0;0;0;0;0;0;0;0;0;;;;;2009_2022;CONSTRUIT
0;381 ZB 28;;MONTGISCARD;HAB;;INTENSIF;INC;0;3;0;0;0;0;0;0;0;0;0;0;0;0;0;;;;;INC;PC
0;381 F 310;;MONTGISCARD;HAB;;INTENSIF;INC;0;0;0;0;0;0;0;0;0;0;0;0;0;0;0;;;;;2022_2025;CONSTRUIT
0;381 H 140;;MONTGISCARD;HAB;;INTENSIF;RU;0;54;0;0;0;0;0;0;0;0;0;0;0;0;0;Ilot La Poste;oui;;;INC;PC
0;381 H 311;;MONTGISCARD;HAB;Maison Indiv;INTENSIF;RU;0;1;0;0;0;0;0;0;0;0;0;0;1;0;0;;;;;2022_2025;CONSTRUIT
0;381 F 603;;MONTGISCARD;HAB;Maison Indiv;INTENSIF;INC;0;0;0;0;0;0;0;0;0;0;0;0;0;0;0;;;;;2009_2022;CONSTRUIT
0;381 F 317;;MONTGISCARD;HAB;Maison Indiv;INTENSIF;DP;0;1;0;0;0;0;0;0;0;0;0;0;1;0;0;;;;;2022_2025;CONSTRUIT
0;381 I 311;;MONTGISCARD;HAB;Maison Indiv;INTENSIF;INC;0;1;0;0;0;0;0;0;0;0;0;0;1;0;0;;;;;INC;PC
0;381 I 674;;MONTGISCARD;HAB;Maison Indiv;INTENSIF;INC;0;1;0;0;0;0;0;0;0;0;0;0;1;0;0;;;;;INC;PC
0;381 F 166;;MONTGISCARD;HAB;Maison Indiv;Conso ENAF;EXT;0;1;0;0;0;0;0;0;0;0;0;0;1;0;0;;;;;INC;PC
0;384 C 131;;MONTLAUR;INC;;INC;INC;0;2;0;0;0;0;0;0;0;0;0;0;2;0;0;;;;;INC;PC
0;384 B 570;;MONTLAUR;INC;Maison Indiv;INC;INC;0;1;0;0;0;0;0;0;0;0;0;0;1;0;0;;;;;INC;PC
0;384 AK 34;;MONTLAUR;INC;Maison Indiv;INC;INC;0;1;0;0;0;0;0;0;0;0;0;0;1;0;0;;;;;INC;PC
0;401 A 45;;NOUEILLES;HAB;Maison Indiv;Conso ENAF;EXT;0;1;0;0;0;0;0;0;0;0;0;0;1;0;0;;;;;2009_2022;CONSTRUIT
0;401 A 94;;NOUEILLES;HAB;Maison Indiv;Conso ENAF;EXT;0;1;0;0;0;0;0;0;0;0;0;0;1;0;0;;;;;INC;PC
0;401 A 368;;NOUEILLES;HAB;Maison Indiv;Conso ENAF;EXT;0;1;0;0;0;0;0;0;0;0;0;0;1;0;0;;;;;2022_2025;CONSTRUIT
0;401 B 270;;NOUEILLES;HAB;Maison Indiv;INTENSIF;DP;0;1;0;0;0;0;0;0;0;0;0;0;1;0;0;;;;;2022_2025;CONSTRUIT
0;402 A 13;;ODARS;HAB;Maison Indiv;INTENSIF;RU;0;1;0;0;0;0;0;0;0;0;0;1;0;0;0;;;;;2022_2025;CONSTRUIT
0;402 C 233;;ODARS;HAB;Maison Indiv;INC;INC;0;1;0;0;0;0;0;0;0;0;0;0;1;0;0;;;;;INC;PC
0;402 A 154;;ODARS;HAB;Maison Indiv;INC;INC;0;1;0;0;0;0;0;0;0;0;0;0;1;0;0;;;;;INC;PC
0;402 A 533;;ODARS;HAB;Maison Indiv;INC;INC;0;1;0;0;0;0;0;0;0;0;0;0;1;0;0;;;;;INC;PC
0;402 C 639;;ODARS;HAB;Maison Indiv;INC;INC;0;1;0;0;0;0;0;0;0;0;0;0;1;0;0;;;;;INC;PC
0;409 AC 3;;PECHABOU;HAB;;INTENSIF;DP;0;1;0;0;0;0;0;0;0;0;0;0;0;0;0;;;;;2009_2022;CONSTRUIT
0;409 AB 123;;PECHABOU;HAB;Maison Indiv;INTENSIF;RU;0;1;0;0;0;0;0;0;0;0;0;1;0;0;0;;;;;2009_2022;CONSTRUIT
0;409 AC 66;;PECHABOU;HAB;Maison Indiv;INC;INC;0;1;0;0;0;0;0;0;0;0;0;0;1;0;0;;;;;INC;PC
0;409 AC 151;;PECHABOU;HAB;;Conso ENAF;EXT;0;8;0;0;0;0;0;3;0;0;0;8;0;0;0;;;;;INC;PC
0;409 AC 146;;PECHABOU;HAB;;INTENSIF;RU;0;0;0;0;0;0;0;0;0;0;0;0;0;0;0;;;;;INC;PC
0;409 AD 178;;PECHABOU;HAB;Maison Indiv;INC;INC;0;1;0;0;0;0;0;0;0;0;0;0;1;0;0;;;;;INC;PC
0;409 AH 367;;PECHABOU;HAB;Maison Indiv;Conso ENAF;EXT;0;1;0;0;0;0;0;0;0;0;0;0;1;0;0;;;;;2009_2022;CONSTRUIT
0;411 A 142;;PECHBUSQUE;INC;;INC;INC;0;2;0;0;0;0;0;0;0;0;0;0;2;0;0;;;;;INC;PC
0;411 A 291;;PECHBUSQUE;HAB;Maison Indiv;INTENSIF;DP;0;1;0;0;0;0;0;0;0;0;0;0;1;0;0;;;;;2022_2025;CONSTRUIT
0;411 B 251;;PECHBUSQUE;HAB;Maison Indiv;INTENSIF;RU;0;1;0;0;0;0;0;0;0;0;0;0;1;0;0;;;;;2022_2025;CONSTRUIT
0;429 AB 24;;POMPERTUZAT;HAB;Maison Indiv;INTENSIF;DP;0;1;0;0;0;0;0;0;0;0;0;0;1;0;0;;;;;2009_2022;CONSTRUIT
0;429 AK 113;;POMPERTUZAT;HAB;Maison Indiv;INC;INC;0;1;0;0;0;0;0;0;0;0;0;0;1;0;0;;;;;INC;PC
0;429 AD 90;;POMPERTUZAT;HAB;;INTENSIF;RU;0;6;0;0;0;0;0;0;0;0;0;6;0;0;0;;oui;;;2022_2025;CONSTRUIT
0;429 AA 134;;POMPERTUZAT;HAB;Maison Indiv;INC;INC;0;1;0;0;0;0;0;0;0;0;0;0;1;0;0;;;;;INC;PC
0;429 AI 19;;POMPERTUZAT;HAB;;INC;INC;0;5;0;0;0;0;0;0;0;0;0;0;0;0;0;;oui;;;INC;PC
0;429 AH 28;;POMPERTUZAT;HAB;;INC;INC;0;0;0;0;0;0;0;0;0;0;0;0;0;0;0;;oui;;;INC;PC
0;429 AD 298;;POMPERTUZAT;HAB;Maison Indiv;INTENSIF;DP;0;1;0;0;0;0;0;0;0;0;0;0;1;0;0;;;;;INC;PC
0;429 AD 323;;POMPERTUZAT;HAB;Maison Indiv;INC;INC;0;1;0;0;0;0;0;0;0;0;0;0;1;0;0;;;;;INC;PC
0;429 AA 154;;POMPERTUZAT;HAB;Maison Indiv;Conso ENAF;EXT;0;1;0;0;0;0;0;0;0;0;0;0;1;0;0;;;;;2026;CONSTRUIT
0;429 AK 163;;POMPERTUZAT;HAB;Maison Indiv;INC;INC;0;1;0;0;0;0;0;0;0;0;0;0;1;0;0;;;;;INC;PC
0;429 AD 319;;POMPERTUZAT;HAB;Maison Indiv;INC;INC;0;1;0;0;0;0;0;0;0;0;0;0;1;0;0;;;;;INC;PC
0;446 AR 159;;RAMONVILLE-ST-AGNE;HAB;;Conso ENAF;EXT;0;1;0;0;0;0;0;0;0;0;0;40;0;0;0;;oui;;;2009_2022;PC
0;446 AI 229;;RAMONVILLE-ST-AGNE;HAB;;INTENSIF;INC;0;2;0;0;0;0;0;0;0;0;0;0;0;0;0;;;;;INC;PC
0;446 AZ 401;;RAMONVILLE-ST-AGNE;HAB;Maison Indiv;INTENSIF;INC;0;1;0;0;0;0;0;0;0;0;0;0;1;0;0;;;;;INC;PC
0;446 AH 364;;RAMONVILLE-ST-AGNE;HAB;;INTENSIF;INC;0;3;0;0;0;0;0;0;0;0;0;3;0;0;0;;;;;INC;PC
0;446 AK 302;;RAMONVILLE-ST-AGNE;HAB;;INTENSIF;INC;0;1;0;0;0;0;0;0;0;0;0;0;0;0;0;;;;;INC;PC
0;446 AA 255;;RAMONVILLE-ST-AGNE;HAB;Maison Indiv;INTENSIF;INC;0;1;0;0;0;0;0;0;0;0;0;0;1;0;0;;;;;INC;PC
0;446 AI 164;;RAMONVILLE-ST-AGNE;HAB;;INTENSIF;INC;0;3;0;0;0;0;0;0;0;0;0;3;0;0;0;;;;;INC;PC
0;446 AH 370;;RAMONVILLE-ST-AGNE;HAB;Maison Indiv;INTENSIF;INC;0;1;0;0;0;0;0;0;0;0;0;0;1;0;0;;;;;INC;PC
0;446 AZ 119;;RAMONVILLE-ST-AGNE;HAB;;INTENSIF;RU;0;27;0;0;0;0;0;9;0;10;0;27;0;0;0;;;;;INC;PC
0;446 AH 374;;RAMONVILLE-ST-AGNE;HAB;Maison Indiv;INTENSIF;INC;0;1;0;0;0;0;0;0;0;0;0;0;1;0;0;;;;;INC;PC
0;446 AR 336;;RAMONVILLE-ST-AGNE;HAB;;Conso ENAF;EXT;0;1;0;0;0;0;0;38;0;53;0;150;0;0;0;;oui;;;INC;PC
0;446 AI 343;;RAMONVILLE-ST-AGNE;HAB;Maison Indiv;INTENSIF;INC;0;1;0;0;0;0;0;0;0;0;0;1;0;0;0;;;;;INC;PC
0;446 AH 357;;RAMONVILLE-ST-AGNE;HAB;Maison Indiv;INTENSIF;INC;0;1;0;0;0;0;0;0;0;0;0;0;1;0;0;;;;;INC;PC
0;448 B 152;;REBIGUE;HAB;Maison Indiv;INTENSIF;DP;0;1;0;0;0;0;0;0;0;0;0;0;1;0;0;;;;;2009_2022;CONSTRUIT
0;448 B 225;;REBIGUE;INC;;INTENSIF;INC;0;4;0;0;0;0;0;0;0;0;0;0;0;0;0;;;;;INC;PC
0;448 A 543;;REBIGUE;HAB;Maison Indiv;INTENSIF;INC;0;1;0;0;0;0;0;0;0;0;0;0;1;0;0;;;;;INC;PC
0;448 B 441;;REBIGUE;HAB;Maison Indiv;INTENSIF;DP;0;1;0;0;0;0;0;0;0;0;0;0;1;0;0;;;;;2022_2025;PC
0;575 AH 230;;VIEILLE-TOULOUSE;INC;;INC;INC;0;4;0;0;0;0;0;0;0;0;0;0;4;0;0;;;;;INC;PC
0;575 AB 21;;VIEILLE-TOULOUSE;HAB;Maison Indiv;INTENSIF;RU;0;1;0;0;0;0;0;0;0;0;0;0;1;0;0;;;;;2009_2022;CONSTRUIT
0;575 AE 180;;VIEILLE-TOULOUSE;HAB;Maison Indiv;Conso ENAF;EXT;0;1;0;0;0;0;0;0;0;0;0;0;1;0;0;;;;;2022_2025;CONSTRUIT
0;575 AD 493;;VIEILLE-TOULOUSE;HAB;Maison Indiv;INTENSIF;INC;0;1;0;0;0;0;0;0;0;0;0;0;1;0;0;;;;;INC;PC
0;575 AD 156;;VIEILLE-TOULOUSE;HAB;;INTENSIF;DP;0;2;0;0;0;0;0;0;0;0;0;0;2;0;0;;;;;2009_2022;CONSTRUIT
0;575 AH 190;;VIEILLE-TOULOUSE;HAB;Maison Indiv;INTENSIF;DP;0;1;0;0;0;0;0;0;0;0;0;0;1;0;0;;;;;2009_2022;CONSTRUIT
0;575 AD 673;;VIEILLE-TOULOUSE;HAB;Maison Indiv;Conso ENAF;EXT;0;1;0;0;0;0;0;0;0;0;0;0;1;0;0;;;;;INC;PC
0;575 AC 334;;VIEILLE-TOULOUSE;HAB;;INTENSIF;RU;0;3;0;0;0;0;0;0;0;0;0;0;2;0;0;;;;;2009_2022;CONSTRUIT
0;575 AE 489;;VIEILLE-TOULOUSE;HAB;Maison Indiv;INTENSIF;DP;0;1;0;0;0;0;0;0;0;0;0;0;1;0;0;;;;;2009_2022;CONSTRUIT
0;575 AC 343;;VIEILLE-TOULOUSE;INC;;INTENSIF;INC;0;4;0;0;0;0;0;0;0;0;0;0;4;0;0;;;;;2009_2022;PC
0;575 AC 338;;VIEILLE-TOULOUSE;HAB;Maison Indiv;INTENSIF;DC;0;1;0;0;0;0;0;0;0;0;0;0;1;0;0;;;;;2022_2025;CONSTRUIT
0;575 AE 485;;VIEILLE-TOULOUSE;HAB;Maison Indiv;INTENSIF;INC;0;1;0;0;0;0;0;0;0;0;0;0;0;0;0;;;;;2009_2022;PC
0;575 AE 382;;VIEILLE-TOULOUSE;HAB;Maison Indiv;INTENSIF;INC;0;1;0;0;0;0;0;0;0;0;0;0;1;0;0;;;;;INC;PC
0;575 AD 691;;VIEILLE-TOULOUSE;HAB;Maison Indiv;INTENSIF;INC;0;1;0;0;0;0;0;0;0;0;0;0;1;0;0;;;;;INC;PC
0;575 AC 291;;VIEILLE-TOULOUSE;HAB;Maison Indiv;INTENSIF;DP;0;1;0;0;0;0;0;0;0;0;0;0;1;0;0;;;;;2009_2022;CONSTRUIT
0;575 AE 521;;VIEILLE-TOULOUSE;HAB;Maison Indiv;INTENSIF;DP;0;1;0;0;0;0;0;0;0;0;0;0;1;0;0;;;;;2022_2025;CONSTRUIT
0;575 AD 694;;VIEILLE-TOULOUSE;HAB;Maison Indiv;INTENSIF;DP;0;1;0;0;0;0;0;0;0;0;0;0;1;0;0;;;;;INC;PC
0;575 AC 348;;VIEILLE-TOULOUSE;HAB;Maison Indiv;INTENSIF;DP;0;1;0;0;0;0;0;0;0;0;0;0;1;0;0;;;;;INC;PC
0;575 AD 682;;VIEILLE-TOULOUSE;HAB;Maison Indiv;INTENSIF;INC;0;1;0;0;0;0;0;0;0;0;0;0;1;0;0;;;;;INC;PC
0;575 AD 261;;VIEILLE-TOULOUSE;HAB;Maison Indiv;INTENSIF;INC;0;1;0;0;0;0;0;0;0;0;0;0;1;0;0;;;;;INC;PC
0;578 AB 361;;VIGOULET-AUZIL;HAB;Maison Indiv;INTENSIF;DP;0;1;0;0;0;0;0;0;0;0;0;0;1;0;0;;;;;2009_2022;CONSTRUIT
0;578 AB 133;;VIGOULET-AUZIL;HAB;Maison Indiv;INTENSIF;INC;0;1;0;0;0;0;0;0;0;0;0;0;1;0;0;;;;;INC;PC
0;578 AC 244;;VIGOULET-AUZIL;INC;;INTENSIF;INC;0;17;0;0;0;0;0;3;0;0;14;0;17;17;0;Tournebride;oui;ACCESS FONCIER;0;INC;PC
0;578 AD 105;;VIGOULET-AUZIL;HAB;Maison Indiv;INTENSIF;RU;0;1;0;0;0;0;0;0;0;0;0;0;1;0;0;;;;;2009_2022;CONSTRUIT
0;578 AB 430;;VIGOULET-AUZIL;HAB;Maison Indiv;INTENSIF;RU;0;1;0;0;0;0;0;0;0;0;0;0;1;0;0;;;;;2009_2022;CONSTRUIT
0;578 AD 397;;VIGOULET-AUZIL;HAB;Maison Indiv;INTENSIF;RU;0;1;0;0;0;0;0;0;0;0;0;1;0;0;0;;;;;2022_2025;CONSTRUIT
0;578 AC 222;;VIGOULET-AUZIL;HAB;Maison Indiv;INTENSIF;DP;0;1;0;0;0;0;0;0;0;0;0;0;0;0;0;;;;;INC;PC
0;578 AC 189;;VIGOULET-AUZIL;INC;;INTENSIF;INC;0;3;0;0;0;0;0;0;0;0;0;0;0;0;0;;;;;INC;PC
0;578 AD 145;;VIGOULET-AUZIL;HAB;Maison Indiv;INTENSIF;INC;0;1;0;0;0;0;0;0;0;0;0;0;1;0;0;;;;;INC;PC
0;578 AD 319;;VIGOULET-AUZIL;INC;;INTENSIF;INC;0;26;0;0;0;0;0;0;0;0;0;0;26;0;0;;;;;INC;PC
0;578 AB 69;;VIGOULET-AUZIL;HAB;Maison Indiv;INTENSIF;INC;0;1;0;0;0;0;0;0;0;0;0;0;1;0;0;;;;;INC;PC
0;578 AD 400;;VIGOULET-AUZIL;HAB;Maison Indiv;INTENSIF;INC;0;1;0;0;0;0;0;0;0;0;0;0;1;0;0;;;;;INC;PC
0;;310249;LABASTIDE-BEAUVOIR;HAB;;Conso ENAF;EXT;2837;77;0;0;0;0;0;42;0;25;10;38;39;17;22;En Cabos;oui;Arcade;SFHE Cité Jardins;2009_2022;CONSTRUIT
0;;310249;LABASTIDE-BEAUVOIR;HAB;;Conso ENAF;EXT;42309;60;0;0;0;0;0;0;0;0;0;12;48;0;48;En Cabos 2;oui;;;2009_2022;CONSTRUIT
0;169 ZH 96;;ESCALQUENS;HAB;Maison Indiv;INTENSIF;DP;980;1;0;0;0;0;0;0;0;0;0;0;1;0;0;;;;;2009_2022;CONSTRUIT
0;;310169;ESCALQUENS;HAB;Maison Indiv;Conso ENAF;EXT;947;1;0;0;0;0;0;0;0;0;0;0;0;0;0;;;;;2009_2022;CONSTRUIT
0;;310169;ESCALQUENS;HAB;Maison Indiv;INTENSIF;DP;565;1;0;0;0;0;0;0;0;0;0;0;0;0;0;;;;;2009_2022;CONSTRUIT
0;;310169;ESCALQUENS;HAB;Maison Indiv;INTENSIF;DP;346;8;0;0;0;0;0;0;0;0;0;0;8;0;0;Aucellus;oui;;;2022_2025;CONSTRUIT
0;;310169;ESCALQUENS;HAB;;Conso ENAF;EXT;8190;174;0;0;0;0;0;42;0;0;132;117;0;45;12;Les balcons du Pech;oui;Promomidi;Cité Jardins;2009_2022;CONSTRUIT
0;;310169;ESCALQUENS;HAB;;Conso ENAF;EXT;4390;140;0;0;0;0;0;54;0;62;24;0;0;0;0;Les Jardins du Berjean chemin du Pech;oui;Vinci;promologis;2022_2025;CONSTRUIT
0;;310169;ESCALQUENS;HAB;;Conso ENAF;EXT;9666;72;0;0;0;0;0;72;0;0;0;45;0;27;0;Enclos du Château;oui;;OPD 31;2009_2022;CONSTRUIT
0;;310169;ESCALQUENS;HAB;;INTENSIF;DP;511;1;0;0;0;0;0;0;0;0;0;0;0;0;0;;;;;2009_2022;CONSTRUIT
0;381 F 96;;MONTGISCARD;HAB;Maison Indiv;INTENSIF;RU;0;1;0;0;0;0;0;0;0;0;0;0;1;0;0;;oui;;;2026;CONSTRUIT
;;;MONTGISCARD;HAB;Maison indiv;Conso ENAF;EXT;3050;28;;;;;;;;;;;28;;;;oui;;;2009_2022;CONSTRUIT
0;;310381;MONTGISCARD;HAB;;INTENSIF;RU;1584;68;0;0;0;0;0;39;0;36;5;37;0;38;5;L'Enclos;oui;Arcade;SFHE;2022_2025;CONSTRUIT
0;;310381;MONTGISCARD;HAB;;Conso ENAF;EXT;4991;48;0;0;0;0;0;10;0;38;0;0;0;28;20;Cantalause;oui;France lot;Colomiers Habitat;2009_2022;CONSTRUIT
0;;310381;MONTGISCARD;HAB;Maison Indiv;Conso ENAF;EXT;696;6;0;0;0;0;0;0;0;0;0;0;6;0;0;;oui;;;2009_2022;CONSTRUIT
0;;310381;MONTGISCARD;HAB;;Conso ENAF;EXT;514;80;0;0;0;0;0;39;0;36;5;37;0;38;5;L'Enclos;oui;Arcade;SFHE;2009_2022;CONSTRUIT
0;;310381;MONTGISCARD;HAB;Maison Indiv;Conso ENAF;EXT;319;15;0;0;0;0;0;0;0;0;0;0;0;0;0;Clos de Safrana;oui;;;2009_2022;CONSTRUIT
0;25 A 451;;AUREVILLE;HAB;Maison Indiv;Conso ENAF;EXT;0;9;0;0;0;0;0;0;0;2;7;0;9;0;9;Le clos du Moulin;oui;G. Saleil;0;2009_2022;CONSTRUIT
0;;310025;AUREVILLE;HAB;Maison Indiv;Conso ENAF;EXT;445;18;0;0;0;0;0;0;0;0;0;0;18;0;0;;oui;;;2009_2022;CONSTRUIT
;;;AUREVILLE;HAB;Maison Indiv;INTENSIF;EXT;1451;1;;;;;;;;;;;1;;;;;;;2009_2022;CONSTRUIT
0;25 A 225;;AUREVILLE;HAB;Maison Indiv;INTENSIF;DP;0;1;0;0;0;0;0;0;0;0;0;0;1;0;0;;;;;2009_2022;CONSTRUIT
0;;310025;AUREVILLE;HAB;;INTENSIF;DP;3378;4;0;0;0;0;0;0;0;0;0;0;0;0;0;Le Brel du Bas;oui;;;2009_2022;CONSTRUIT
0;;310025;AUREVILLE;HAB;;INTENSIF;DC;3356;1;0;0;0;0;0;0;0;0;0;0;0;0;0;;;;;2009_2022;CONSTRUIT
0;;310025;AUREVILLE;HAB;;Conso ENAF;EXT;3941;1;0;0;0;0;0;0;0;0;0;0;0;0;0;;;;;2009_2022;CONSTRUIT
0;;310025;AUREVILLE;HAB;;INTENSIF;DC;3644;1;0;0;0;0;0;0;0;0;0;0;0;0;0;;;;;2009_2022;CONSTRUIT
0;;310025;AUREVILLE;HAB;Maison Indiv;Conso ENAF;EXT;1532;11;0;0;0;0;0;0;0;0;0;0;11;0;0;;oui;;;2009_2022;CONSTRUIT
;;310025;AUREVILLE;HAB;;Conso ENAF;EXT;60777;33;;;;;;;;;;;;;;;oui;;;2009_2022;CONSTRUIT
0;381 H 814;;MONTGISCARD;HAB;;Conso ENAF;EXT;0;12;0;0;0;0;0;0;0;0;0;0;0;12;0;L'Enclos;oui;Arcade;SFHE;2022_2025;CONSTRUIT
0;35 AV 54;;AUZEVILLE-TOLOSANE;HAB;Maison Indiv;INTENSIF;DP;0;1;0;0;0;0;0;0;0;0;0;0;1;0;0;;;;;2022_2025;CONSTRUIT
0;35 AD 646;;AUZEVILLE-TOLOSANE;HAB;Maison Indiv;INTENSIF;INC;0;1;0;0;0;0;0;0;0;0;0;0;1;0;0;;;;;INC;PC
;;;AUZEVILLE-TOLOSANE;HAB;Maison Indiv;INTENSIF;DC;;1;;;;;;;;;;;1;;;;;;;2009_2022;CONSTRUIT
0;;310035;AUZEVILLE-TOLOSANE;HAB;;INTENSIF;DP;3023;35;0;0;0;0;0;11;0;6;18;29;6;0;0;Villas Valéria;oui;Greencity;0;2009_2022;CONSTRUIT
0;;310035;AUZEVILLE-TOLOSANE;HAB;;Conso ENAF;EXT;1344;13;0;0;0;0;0;0;0;0;0;8;5;0;0;;oui;;;2009_2022;CONSTRUIT
0;;310035;AUZEVILLE-TOLOSANE;HAB;;INTENSIF;DC;683;9;0;0;0;0;0;3;0;0;7;0;0;0;0;La Clape 2;oui;Commune;Les Chalets;2009_2022;CONSTRUIT
0;340 B 551;;MERVILLA;HAB;Maison Indiv;INTENSIF;RU;0;1;0;0;0;0;0;0;0;0;0;0;1;0;0;;;;;2026;CONSTRUIT
;;;AUZIELLE;HAB;Maison Indiv;INTENSIF;DP;;1;;;;;;;;;;;1;;;;;;;2009_2022;CONSTRUIT
0;;310036;AUZIELLE;HAB;;Conso ENAF;EXT;74823;151;0;0;0;0;0;32;0;48;71;56;95;28;67;Les Contours;oui;Garona;Colomiers Habitat;2009_2022;CONSTRUIT
0;192 A 607;;FOURQUEVAUX;HAB;Maison Indiv;INTENSIF;DP;0;1;0;0;0;0;0;0;0;0;0;0;1;0;0;;;;;2022_2025;CONSTRUIT
0;;310192;FOURQUEVAUX;HAB;;Conso ENAF;EXT;6580;39;0;0;0;0;0;8;0;15;16;0;39;30;9;La Carbonade;oui;Procivis;Cité Jardins;2009_2022;CONSTRUIT
0;;310192;FOURQUEVAUX;HAB;;Conso ENAF;EXT;22838;51;0;0;0;0;0;0;0;0;0;0;0;0;0;Carbonade 2;oui;;;2009_2022;CONSTRUIT
0;401 A 120;;NOUEILLES;HAB;Maison Indiv;INTENSIF;DP;0;1;0;0;0;0;0;0;0;0;0;0;1;0;0;;;;;2022_2025;CONSTRUIT
0;;310058;BELBEZE-DE-LAURAGAIS;HAB;Maison Indiv;Conso ENAF;EXT;2480;1;0;0;0;0;0;0;0;0;0;0;0;0;0;;;;;2009_2022;CONSTRUIT
0;;310240;ISSUS;HAB;;Conso ENAF;EXT;18871;45;0;0;0;0;0;12;0;10;23;4;0;18;23;Coeur de village;oui;;Les Chalets;2009_2022;CONSTRUIT
0;366 C 121;;MONTBRUN-LAURAGAIS;HAB;Maison Indiv;INTENSIF;DP;0;1;0;0;0;0;0;0;0;0;0;0;1;0;0;;;;;2009_2022;CONSTRUIT
0;366 C 273;;MONTBRUN-LAURAGAIS;HAB;Maison Indiv;INTENSIF;DC;0;1;0;0;0;0;0;0;0;0;0;0;1;0;0;;;;;INC;PC
0;;310366;MONTBRUN-LAURAGAIS;HAB;;Conso ENAF;EXT;3789;17;0;0;0;0;0;13;0;4;0;7;0;6;4;Plaine de Picard;oui;;Promologis;2009_2022;CONSTRUIT
0;4 AO 50;;AYGUESVIVES;HAB;Maison Indiv;INTENSIF;DP;0;1;0;0;0;0;0;0;0;0;0;0;1;0;0;;;;;2022_2025;CONSTRUIT
0;;310004;AYGUESVIVES;HAB;Maison Indiv;INTENSIF;DP;601;4;0;0;0;0;0;0;0;0;0;0;0;0;0;;oui;;;2022_2025;CONSTRUIT
0;4 AO 196;;AYGUESVIVES;INC;Maison Indiv;INTENSIF;DP;0;0;0;0;0;0;0;0;0;0;0;0;1;0;0;;;;;INC;PC
0;;310004;AYGUESVIVES;HAB;Maison Indiv;Conso ENAF;EXT;1077;1;0;0;0;0;0;0;0;0;0;0;0;0;0;;;;;2009_2022;CONSTRUIT
0;;310004;AYGUESVIVES;HAB;;Conso ENAF;EXT;1279;10;0;0;0;0;0;0;0;0;9;0;9;0;9;La Bergerie;oui;création foncière;0;2009_2022;CONSTRUIT
0;;310004;AYGUESVIVES;HAB;;Conso ENAF;EXT;2076;95;0;0;0;0;0;16;0;59;20;24;71;51;20;En Turet tranche 1;oui;European Homes / VMF;Promologis;2009_2022;CONSTRUIT
0;;310004;AYGUESVIVES;HAB;;Conso ENAF;EXT;4015;62;0;0;0;0;0;0;0;0;0;17;24;21;0;;oui;;;2009_2022;CONSTRUIT
0;;310004;AYGUESVIVES;HAB;Maison Indiv;Conso ENAF;EXT;424;6;0;0;0;0;0;0;0;0;0;0;0;0;0;;oui;;;2022_2025;CONSTRUIT
;;;GOYRANS;HAB;Maison Indiv;INTENSIF;INC;;0;;;;;;;;;;;;;;;;;;INC;PC
;;;GOYRANS;HAB;Maison Indiv;INTENSIF;DP;;1;;;;;;;;;;;;;;;;;;2022_2025;CONSTRUIT
0;;310227;GOYRANS;HAB;Maison Indiv;INTENSIF;DP;846;1;0;0;0;0;0;0;0;0;0;0;0;0;0;;;;;2009_2022;CONSTRUIT
0;227 A 252;;GOYRANS;HAB;Maison Indiv;INTENSIF;DP;0;1;0;0;0;0;0;0;0;0;0;0;1;0;0;;;;;2009_2022;CONSTRUIT
0;227 A 246;;GOYRANS;HAB;Maison Indiv;INTENSIF;DP;0;1;0;0;0;0;0;0;0;0;0;0;1;0;0;;;;;2009_2022;CONSTRUIT
0;;310227;GOYRANS;HAB;Maison Indiv;INTENSIF;DP;1804;1;0;0;0;0;0;0;0;0;0;0;0;0;0;;;;;2022_2025;CONSTRUIT
0;;310227;GOYRANS;HAB;Maison Indiv;INTENSIF;DP;1178;1;0;0;0;0;0;0;0;0;0;0;0;0;0;;;;;2022_2025;CONSTRUIT
0;448 C 21;;REBIGUE;HAB;Maison Indiv;INTENSIF;DP;0;1;0;0;0;0;0;0;0;0;0;0;1;0;0;;;;;2022_2025;CONSTRUIT
0;;310448;REBIGUE;HAB;;INTENSIF;DP;1586;1;0;0;0;0;0;0;0;0;0;0;0;0;0;;;;;2009_2022;CONSTRUIT
0;;310448;REBIGUE;HAB;;INTENSIF;DP;1586;1;0;0;0;0;0;0;0;0;0;0;0;0;0;;;;;2009_2022;CONSTRUIT
0;;310448;REBIGUE;HAB;Maison Indiv;INTENSIF;DP;835;4;0;0;0;0;0;0;0;0;0;0;0;0;0;;oui;;;2009_2022;CONSTRUIT
0;;310448;REBIGUE;HAB;Maison Indiv;Conso ENAF;EXT;870;5;0;0;0;0;0;0;0;0;0;0;0;0;0;;oui;;;2009_2022;CONSTRUIT
0;448 B 291;;REBIGUE;HAB;Maison Indiv;INTENSIF;INC;0;1;0;0;0;0;0;0;0;0;0;0;1;0;0;;;;;INC;PC
0;448 B 141;;REBIGUE;HAB;Maison Indiv;INTENSIF;DP;0;1;0;0;0;0;0;0;0;0;0;0;1;0;0;;;;;2009_2022;CONSTRUIT
;;;REBIGUE;HAB;Maison Indiv;INTENSIF;DP;136;1;;;;;;;;;;;;;;;;;;2009_2022;CONSTRUIT
;;;REBIGUE;HAB;Maison Indiv;INTENSIF;DP;900;1;;;;;;;;;;;;;;;;;;2009_2022;CONSTRUIT
0;151 B 568;;CORRONSAC;HAB;;Conso ENAF;EXT;0;1;0;0;0;0;0;0;0;0;0;0;1;0;0;;;;;2009_2022;CONSTRUIT
0;151 B 568;;CORRONSAC;HAB;;Conso ENAF;EXT;0;17;0;0;0;0;0;0;0;0;17;0;23;0;23;Le Petit Cossignol;oui;;;INC;PC
0;151 B 667;;CORRONSAC;HAB;Maison Indiv;Conso ENAF;EXT;0;1;0;0;0;0;0;0;0;0;0;0;1;0;0;;;;;INC;PC
0;151 A 145;;CORRONSAC;HAB;Maison Indiv;INTENSIF;DP;0;1;0;0;0;0;0;0;0;0;0;0;1;0;0;;;;;2009_2022;CONSTRUIT
0;48 H 538;;BAZIEGE;HAB;Maison Indiv;Conso ENAF;EXT;0;1;0;0;0;0;0;0;0;0;0;0;0;0;0;;;;;INC;PC
0;48 H 1014;;BAZIEGE;HAB;Maison Indiv;INTENSIF;DP;0;1;0;0;0;0;0;0;0;0;0;0;1;0;0;;;;;2009_2022;CONSTRUIT
0;48 L 305;;BAZIEGE;HAB;Maison Indiv;INTENSIF;DP;0;1;0;0;0;0;0;0;0;0;0;0;1;0;0;;;;;2009_2022;CONSTRUIT
0;48 L 305;;BAZIEGE;HAB;Maison Indiv;INTENSIF;DP;0;1;0;0;0;0;0;0;0;0;0;0;1;0;0;;;;;2009_2022;CONSTRUIT
0;48 L 655;;BAZIEGE;HAB;Maison Indiv;INTENSIF;DP;0;1;0;0;0;0;0;0;0;0;0;0;1;0;0;;;;;2022_2025;CONSTRUIT
0;48 K 227;;BAZIEGE;HAB;Maison Indiv;INTENSIF;DP;0;1;0;0;0;0;0;0;0;0;0;0;1;0;0;;;;;2009_2022;CONSTRUIT
0;48 K 228;;BAZIEGE;HAB;Maison Indiv;INTENSIF;DP;0;1;0;0;0;0;0;0;0;0;0;0;1;0;0;;;;;2009_2022;CONSTRUIT
0;48 I 409;;BAZIEGE;HAB;Maison Indiv;INTENSIF;DP;0;1;0;0;0;0;0;0;0;0;0;0;1;0;0;;;;;2009_2022;CONSTRUIT
0;48 I 193;;BAZIEGE;HAB;;Conso ENAF;EXT;0;1;0;0;0;0;0;0;0;0;0;0;25;0;25;Le Moulin de Monteserre;;Agriloti;;2009_2022;CONSTRUIT
0;48 I 193;;BAZIEGE;HAB;;Conso ENAF;EXT;0;1;0;0;0;0;0;0;0;0;0;0;25;0;25;Le Moulin de Monteserre;;Agriloti;;2009_2022;CONSTRUIT
;;;BAZIEGE;HAB;;INTENSIF;DP;;;;;;;;;;;;;;;;;;;;INC;PC
0;;310048;BAZIEGE;HAB;;Conso ENAF;EXT;1319;38;0;0;0;0;0;0;0;0;0;27;11;0;0;;oui;;;2009_2022;CONSTRUIT
0;;310048;BAZIEGE;HAB;;Conso ENAF;EXT;2809;1;0;0;0;0;0;0;0;0;0;0;0;0;0;;;;;2009_2022;CONSTRUIT
0;;310048;BAZIEGE;HAB;;Conso ENAF;EXT;2809;1;0;0;0;0;0;0;0;0;0;0;0;0;0;;;;;2009_2022;CONSTRUIT
0;;310048;BAZIEGE;HAB;Maison Indiv;Conso ENAF;EXT;1508;4;0;0;0;0;0;0;0;0;0;0;0;0;0;;oui;;;2009_2022;CONSTRUIT
0;;310151;CORRONSAC;HAB;;Conso ENAF;EXT;939;9;0;0;0;0;0;0;0;0;9;0;9;0;8;Souleilla de Lasserre;oui;Flogui;0;2009_2022;CONSTRUIT
0;;310151;CORRONSAC;HAB;Maison Indiv;Conso ENAF;EXT;482;5;0;0;0;0;0;0;0;0;0;0;0;0;0;;oui;;;2009_2022;CONSTRUIT
0;57 D 593;;BELBERAUD;HAB;Maison Indiv;INTENSIF;DP;0;1;0;0;0;0;0;0;0;0;0;0;0;0;0;;;;;2022_2025;CONSTRUIT
0;57 C 262;;BELBERAUD;HAB;Maison Indiv;INTENSIF;DP;0;1;0;0;0;0;0;0;0;0;0;0;1;0;0;;;;;2009_2022;CONSTRUIT
0;57 C 572;;BELBERAUD;HAB;Maison Indiv;Conso ENAF;EXT;0;1;0;0;0;0;0;0;0;0;0;0;1;0;0;;;;;2009_2022;CONSTRUIT
0;57 B 427;;BELBERAUD;HAB;Maison Indiv;INTENSIF;DP;0;1;0;0;0;0;0;0;0;0;0;0;1;0;0;;;;;2009_2022;CONSTRUIT
0;57 B 461;;BELBERAUD;HAB;Maison Indiv;INTENSIF;DP;0;1;0;0;0;0;0;0;0;0;0;0;1;0;0;;;;;2009_2022;CONSTRUIT
0;57 B 403;;BELBERAUD;HAB;Maison Indiv;Conso ENAF;EXT;0;1;0;0;0;0;0;0;0;0;0;0;1;0;0;;;;;2009_2022;CONSTRUIT
0;57 B 252;;BELBERAUD;HAB;Maison Indiv;INTENSIF;DP;0;1;0;0;0;0;0;0;0;0;0;0;1;0;0;;;;;2009_2022;CONSTRUIT
0;57 B 569;;BELBERAUD;HAB;Maison Indiv;INTENSIF;DP;0;1;0;0;0;0;0;0;0;0;0;0;1;0;0;;;;;2009_2022;CONSTRUIT
0;57 B 406;;BELBERAUD;HAB;Maison Indiv;INTENSIF;DP;0;1;0;0;0;0;0;0;0;0;0;0;1;0;0;;;;;2009_2022;CONSTRUIT
0;57 C 595;;BELBERAUD;HAB;Maison Indiv;INTENSIF;DP;0;2;0;0;0;0;0;0;0;0;0;0;1;0;0;;;;;2009_2022;CONSTRUIT
0;;310057;BELBERAUD;HAB;;Conso ENAF;EXT;578;17;0;0;0;0;0;0;0;0;17;0;17;0;20;La côte de Mandille;oui;SATER;0;2009_2022;CONSTRUIT
0;;310057;BELBERAUD;HAB;;Conso ENAF;EXT;2762;1;0;0;0;0;0;0;0;0;0;0;0;0;0;;;;;2009_2022;CONSTRUIT
0;;310148;CLERMONT-LE-FORT;HAB;Maison Indiv;INTENSIF;DP;1110;1;0;0;0;0;0;0;0;0;0;0;0;0;0;;;;;2009_2022;CONSTRUIT
0;148 C 366;;CLERMONT-LE-FORT;HAB;Maison Indiv;INTENSIF;DP;0;1;0;0;0;0;0;0;0;0;0;0;1;0;0;;;;;2009_2022;CONSTRUIT
0;148 C 307;;CLERMONT-LE-FORT;HAB;Maison Indiv;INTENSIF;DP;0;1;0;0;0;0;0;0;0;0;0;0;1;0;0;;;;;2009_2022;CONSTRUIT
0;402 B 66;;ODARS;HAB;Maison Indiv;INTENSIF;DP;0;1;0;0;0;0;0;0;0;0;0;0;1;0;0;;;;;2009_2022;CONSTRUIT
0;402 B 445;;ODARS;HAB;Maison Indiv;Conso ENAF;EXT;0;1;0;0;0;0;0;0;0;0;0;0;1;0;0;;;;;2009_2022;CONSTRUIT
0;;310402;ODARS;HAB;Maison Indiv;Conso ENAF;EXT;2202;7;0;0;0;0;0;0;0;0;0;0;0;0;0;;oui;;;2009_2022;CONSTRUIT
0;161 D 614;;DEYME;HAB;Maison Indiv;INTENSIF;DP;0;1;0;0;0;0;0;0;0;0;0;0;0;0;0;;;;;2022_2025;CONSTRUIT
0;161 C 93;;DEYME;HAB;Maison Indiv;INTENSIF;RU;0;1;0;0;0;0;0;0;0;0;0;0;1;0;0;;;;;2009_2022;CONSTRUIT
0;161 ZA 41;;DEYME;HAB;Maison Indiv;INTENSIF;DP;0;1;0;0;0;0;0;0;0;0;0;0;1;0;0;;;;;2009_2022;CONSTRUIT
0;;310161;DEYME;HAB;;Conso ENAF;EXT;4979;94;0;0;0;0;0;25;0;32;37;57;37;0;37;Canto Cocut;oui;Sicoval;Promologis;2009_2022;CONSTRUIT
0;;310161;DEYME;HAB;;Conso ENAF;EXT;2409;31;0;0;0;0;0;0;0;0;31;25;0;6;0;chemin du guerrier;oui;KIAP;;2009_2022;CONSTRUIT
0;;310161;DEYME;HAB;;Conso ENAF;EXT;13634;20;0;0;0;0;0;0;0;0;20;0;0;0;20;Via Decima;oui;Novilis;0;2009_2022;CONSTRUIT
0;;310162;DONNEVILLE;HAB;;Conso ENAF;EXT;581;60;0;0;0;0;0;17;0;32;11;0;60;17;43;Bonhoure;oui;Agroloti;Cité Jardins;2009_2022;CONSTRUIT
0;162 AB 7;;DONNEVILLE;HAB;Maison Indiv;INTENSIF;DP;0;1;0;0;0;0;0;0;0;0;0;0;0;0;0;;;;;2022_2025;CONSTRUIT
0;;310162;DONNEVILLE;HAB;Maison Indiv;Conso ENAF;EXT;744;10;0;0;0;0;0;0;0;0;0;0;0;0;0;Fontbazi 1;oui;;;2009_2022;CONSTRUIT
;;;DONNEVILLE;HAB;;INTENSIF;RU;1130;15;;;;;;8;;;7;8;;;7;Renouvellement urbain RD 813;oui;commune;promologis;2009_2022;CONSTRUIT
0;259 AV 42;;LACROIX-FALGARDE;HAB;;Conso ENAF;EXT;0;7;0;0;0;0;0;0;0;0;5;0;0;0;5;La clé des champs;oui;Fredon;0;2009_2022;CONSTRUIT
0;259 AM 40;;LACROIX-FALGARDE;HAB;Maison Indiv;INTENSIF;DP;0;1;0;0;0;0;0;0;0;0;0;0;1;0;0;;;;;2009_2022;CONSTRUIT
0;259 AM 24;;LACROIX-FALGARDE;HAB;Maison Indiv;INTENSIF;DP;0;1;0;0;0;0;0;0;0;0;0;0;1;0;0;;;;;2022_2025;CONSTRUIT
;;;LACROIX-FALGARDE;HAB;;INTENSIF;DP;2514;1;;;;;;;;;;;;;;;;;;2009_2022;CONSTRUIT
;;;LACROIX-FALGARDE;HAB;;INTENSIF;DP;1500;1;;;;;;;;;;;;;;;;;;2009_2022;CONSTRUIT
;;;LACROIX-FALGARDE;HAB;;INTENSIF;DP;1521;4;;;;;;;;;;;;;;;oui;;;2009_2022;CONSTRUIT
;;;LACROIX-FALGARDE;HAB;;INTENSIF;DC;259;4;;;;;;;;;;;;;;;oui;;;2009_2022;CONSTRUIT
0;;310284;LAUZERVILLE;HAB;;Conso ENAF;EXT;12120;26;0;0;0;0;0;12;0;0;14;12;14;0;14;Les hauts de Pigné;oui;Commune;Patrimoine;2009_2022;CONSTRUIT
0;284 ZB 299;;LAUZERVILLE;HAB;Maison Indiv;INTENSIF;DP;0;1;0;0;0;0;0;0;0;0;0;0;1;0;0;;;;;2009_2022;CONSTRUIT
;;;LAUZERVILLE;HAB;Maison Indiv;Conso ENAF;EXT;77;;;;;;;;;;;;;;;;oui;;;2009_2022;CONSTRUIT
0;284 ZB 28;;LAUZERVILLE;HAB;Maison Indiv;INTENSIF;DP;0;1;0;0;0;0;0;0;0;0;0;0;1;0;0;;;;;2022_2025;CONSTRUIT
0;284 ZA 90;;LAUZERVILLE;HAB;Maison Indiv;INTENSIF;RU;0;1;0;0;0;0;0;0;0;0;0;0;1;0;0;;;;;2009_2022;CONSTRUIT
0;284 ZD 180;;LAUZERVILLE;HAB;Maison Indiv;INTENSIF;RU;0;1;0;0;0;0;0;0;0;0;0;0;1;0;0;;;;;2022_2025;CONSTRUIT
0;284 ZC 91;;LAUZERVILLE;HAB;Maison Indiv;INTENSIF;DP;0;1;0;0;0;0;0;0;0;0;0;0;1;0;0;;;;;2009_2022;CONSTRUIT
0;;310284;LAUZERVILLE;HAB;;Conso ENAF;EXT;746;12;0;0;0;0;0;2;0;2;8;0;0;0;0;Côté Saune;oui;Sater;0;2009_2022;CONSTRUIT
0;;310284;LAUZERVILLE;HAB;Maison Indiv;Conso ENAF;EXT;1009;5;0;0;0;0;0;0;0;0;0;0;0;0;0;;oui;;;2009_2022;CONSTRUIT
;;;MONTLAUR;HAB;;INTENSIF;RU;12462;10;;;;;;3;;;7;;10;10;;RU Albillo;;SCI Albillo;0;2009_2022;CONSTRUIT
;;310384;MONTLAUR;HAB;;Conso ENAF;EXT;43911;102;;;;;;21;;49;32;25;77;15;62;Bourdette;oui;Sicoval;Patrimoine;2009_2022;CONSTRUIT
;;;MONTLAUR;HAB;;INTENSIF;DP;448;1;;;;;;;;;;;;;;;;;;2009_2022;CONSTRUIT
;;;MONTLAUR;HAB;Maison Indiv;INTENSIF;DP;529;1;;;;;;;;;;;;;;;;;;2009_2022;CONSTRUIT
;;;MONTLAUR;HAB;;INTENSIF;DP;809;1;;;;;;;;;;;;;;;;;;2009_2022;CONSTRUIT
;;;MONTLAUR;HAB;;INTENSIF;DP;649;1;;;;;;;;;;;;;;;;;;2009_2022;CONSTRUIT
;;;MONTLAUR;HAB;;INTENSIF;RU;1628;4;;;;;;;;;;4;;;;;;;;2022_2025;CONSTRUIT
;;;MONTLAUR;HAB;Maison Indiv;Conso ENAF;EXT;1063;1;;;;;;;;;;;;;;;;;;2009_2022;CONSTRUIT
;;;MONTLAUR;HAB;;Conso ENAF;EXT;2412;2;;;;;;;;;;;;;;;;;;2022_2025;CONSTRUIT
0;;310384;MONTLAUR;HAB;Maison Indiv;Conso ENAF;EXT;498;6;0;0;0;0;0;0;0;0;0;0;0;0;0;;;;;2009_2022;CONSTRUIT
0;384 B 284;;MONTLAUR;HAB;Maison Indiv;INTENSIF;DP;0;1;0;0;0;0;0;0;0;0;0;0;1;0;0;;;;;2022_2025;CONSTRUIT
;;;MONTLAUR;HAB;;INTENSIF;DP;1000;1;;;;;;;;;;;;;;;;;;2009_2022;CONSTRUIT
0;;310384;MONTLAUR;HAB;;Conso ENAF;EXT;71894;87;0;0;0;0;0;15;0;0;72;0;87;15;72;Le Pré des Chênes;oui;ARP Foncier;;2009_2022;CONSTRUIT
;;;MONTLAUR;HAB;Maison Indiv;INTENSIF;RU;133;1;;;;;;;;;;;;;;;;;;2009_2022;CONSTRUIT
;;;MONTLAUR;HAB;Maison Indiv;INTENSIF;RU;202;1;;;;;;;;;;;;;;;;;;2009_2022;CONSTRUIT
;;;MONTLAUR;HAB;Maison Indiv;INTENSIF;DP;809;1;;;;;;;;;;;;;;;;;;2009_2022;CONSTRUIT
0;;310409;PECHABOU;HAB;;INTENSIF;DP;3388;7;0;0;0;0;0;0;0;0;0;0;0;0;0;;oui;;;2009_2022;CONSTRUIT
0;;310409;PECHABOU;HAB;Maison Indiv;Conso ENAF;EXT;1001;1;0;0;0;0;0;0;0;0;0;0;0;0;0;;oui;;;2022_2025;CONSTRUIT
0;409 AA 35;;PECHABOU;HAB;Maison Indiv;Conso ENAF;EXT;0;1;0;0;0;0;0;0;0;0;0;0;1;0;0;;;;;2009_2022;CONSTRUIT
0;409 AE 13;;PECHABOU;HAB;Maison Indiv;INTENSIF;DP;0;1;0;0;0;0;0;0;0;0;0;0;1;0;0;;;;;2022_2025;CONSTRUIT
0;409 AH 52;;PECHABOU;HAB;Maison Indiv;INTENSIF;DP;0;1;0;0;0;0;0;0;0;0;0;0;1;0;0;;;;;2009_2022;CONSTRUIT
0;;310409;PECHABOU;HAB;;Conso ENAF;EXT;15479;49;0;0;0;0;0;0;0;10;39;46;3;3;65;pres clauts;oui;Belin immobilier;0;2009_2022;CONSTRUIT
0;409 AE 198;;PECHABOU;HAB;Maison Indiv;INTENSIF;DP;0;1;0;0;0;0;0;0;0;0;0;0;1;0;0;;;;;2009_2022;CONSTRUIT
0;409 AE 201;;PECHABOU;HAB;Maison Indiv;INTENSIF;DP;0;1;0;0;0;0;0;0;0;0;0;0;1;0;0;;;;;2009_2022;CONSTRUIT
0;;310409;PECHABOU;HAB;;Conso ENAF;EXT;22465;65;0;0;0;0;0;19;0;19;27;38;0;0;27;Les Hauts de Pechabou;oui;Nexity;Promologis;2009_2022;CONSTRUIT
0;;310411;PECHBUSQUE;HAB;;Conso ENAF;EXT;549;64;0;0;0;0;0;9;0;9;46;22;0;18;24;Bounot;oui;Promologis;;2009_2022;CONSTRUIT
0;429 AD 48;;POMPERTUZAT;HAB;;INTENSIF;RU;0;7;0;0;0;0;0;2;0;5;0;7;0;0;0;;;;;2022_2025;CONSTRUIT
;;;POMPERTUZAT;HAB;;Conso ENAF;EXT;534;7;;;;;;;;;;;;;;;;;;INC;PC
;;;POMPERTUZAT;HAB;;INTENSIF;DP;501;4;;;;;;;;;;;;;;;;;;INC;PC
0;429 AA 113;;POMPERTUZAT;HAB;Maison Indiv;INTENSIF;DP;0;1;0;0;0;0;0;0;0;0;0;0;2;0;0;;;;;2009_2022;CONSTRUIT
0;429 AB 26;;POMPERTUZAT;HAB;Maison Indiv;INTENSIF;DP;0;1;0;0;0;0;0;0;0;0;0;0;1;0;0;;;;;2009_2022;CONSTRUIT
0;429 AA 78;;POMPERTUZAT;HAB;Maison Indiv;INTENSIF;DP;0;1;0;0;0;0;0;0;0;0;0;0;1;0;0;;;;;2022_2025;CONSTRUIT
0;429 AD 80;;POMPERTUZAT;HAB;Maison Indiv;INTENSIF;DP;0;1;0;0;0;0;0;0;0;0;0;0;1;0;0;;;;;2022_2025;CONSTRUIT
;;;POMPERTUZAT;HAB;Maison Indiv;INC;INC;1887;1;;;;;;;;;;;;;;;;;;INC;PC
0;;310429;POMPERTUZAT;HAB;Maison Indiv;INTENSIF;DP;1530;1;0;0;0;0;0;0;0;0;0;0;0;0;0;;;;;2009_2022;CONSTRUIT
0;429 AK 133;;POMPERTUZAT;HAB;Maison Indiv;INTENSIF;DP;0;1;0;0;0;0;0;0;0;0;0;0;1;0;0;;;;;2009_2022;CONSTRUIT
0;;310429;POMPERTUZAT;HAB;;Conso ENAF;EXT;14410;61;0;0;0;0;0;12;0;0;49;0;61;33;28;Les jardins de Lucie;oui;Nexity-Foncier Conseil;Immo Midi Pyr;2009_2022;CONSTRUIT
0;;310429;POMPERTUZAT;HAB;;Conso ENAF;EXT;8750;0;0;0;0;0;0;0;0;0;0;0;0;0;0;;oui;;;INC;PC
0;575 AC 186;;VIEILLE-TOULOUSE;HAB;;INTENSIF;DP;0;1;0;0;0;0;0;0;0;0;0;0;2;0;0;;;;;2009_2022;CONSTRUIT
0;575 AC 186;;VIEILLE-TOULOUSE;HAB;;INTENSIF;DP;0;1;0;0;0;0;0;0;0;0;0;0;2;0;0;;;;;2009_2022;CONSTRUIT
0;575 AE 331;;VIEILLE-TOULOUSE;HAB;;INTENSIF;DP;0;1;0;0;0;0;0;0;0;0;0;0;2;0;0;;;;;2009_2022;CONSTRUIT
0;575 AE 175;;VIEILLE-TOULOUSE;HAB;Maison Indiv;INTENSIF;DP;0;1;0;0;0;0;0;0;0;0;0;0;1;0;0;;;;;2009_2022;CONSTRUIT
0;575 AE 264;;VIEILLE-TOULOUSE;HAB;Maison Indiv;Conso ENAF;EXT;0;1;0;0;0;0;0;0;0;0;0;0;1;0;0;;;;;2009_2022;CONSTRUIT
0;575 AE 180;;VIEILLE-TOULOUSE;HAB;Maison Indiv;INTENSIF;DP;0;1;0;0;0;0;0;0;0;0;0;0;1;0;0;;;;;2009_2022;CONSTRUIT
0;575 AE 344;;VIEILLE-TOULOUSE;HAB;Maison Indiv;INTENSIF;DP;0;1;0;0;0;0;0;0;0;0;0;0;1;0;0;;;;;2009_2022;CONSTRUIT
0;575 AD 615;;VIEILLE-TOULOUSE;HAB;Maison Indiv;INTENSIF;DP;0;1;0;0;0;0;0;0;0;0;0;0;1;0;0;;;;;2009_2022;CONSTRUIT
0;575 AD 166;;VIEILLE-TOULOUSE;HAB;Maison Indiv;INTENSIF;DP;0;1;0;0;0;0;0;0;0;0;0;0;1;0;0;;;;;2022_2025;CONSTRUIT
0;575 AE 361;;VIEILLE-TOULOUSE;HAB;Maison Indiv;INTENSIF;DP;0;1;0;0;0;0;0;0;0;0;0;0;1;0;0;;;;;2009_2022;CONSTRUIT
0;575 AD 311;;VIEILLE-TOULOUSE;HAB;Maison Indiv;INTENSIF;DP;0;1;0;0;0;0;0;0;0;0;0;0;1;0;0;;;;;2009_2022;CONSTRUIT
0;575 AD 311;;VIEILLE-TOULOUSE;HAB;Maison Indiv;INTENSIF;DP;0;1;0;0;0;0;0;0;0;0;0;0;1;0;0;;;;;2009_2022;CONSTRUIT
0;;310578;VIGOULET-AUZIL;HAB;;Conso ENAF;EXT;30351;39;0;0;0;0;0;2;0;14;23;0;39;10;29;L'Ecrin Vert;oui;Nexity;COL;2009_2022;CONSTRUIT
0;578 AC 271;;VIGOULET-AUZIL;HAB;;INTENSIF;DP;0;4;0;0;0;0;0;0;0;1;3;0;4;4;0;Carrés Natura;oui;Carrés de l'Habitat;Altéal;2009_2022;CONSTRUIT
0;578 AC 282;;VIGOULET-AUZIL;HAB;;Conso ENAF;EXT;0;1;0;0;0;0;0;0;0;0;1;0;0;0;0;;;;;2009_2022;CONSTRUIT
0;;310578;VIGOULET-AUZIL;HAB;;Conso ENAF;EXT;8992;20;0;0;0;0;0;4;0;0;16;0;0;0;0;Canto Coucut;oui;commune;;2009_2022;CONSTRUIT
0;578 AE 132;;VIGOULET-AUZIL;HAB;Maison Indiv;INTENSIF;DP;0;1;0;0;0;0;0;0;0;0;0;0;1;0;0;;;;;2009_2022;CONSTRUIT
0;578 AE 116;;VIGOULET-AUZIL;HAB;Maison Indiv;INTENSIF;DP;0;1;0;0;0;0;0;0;0;0;0;0;1;0;0;;;;;2009_2022;CONSTRUIT
0;578 AD 270;;VIGOULET-AUZIL;HAB;Maison Indiv;INTENSIF;DP;0;1;0;0;0;0;0;0;0;0;0;0;1;0;0;;;;;2022_2025;CONSTRUIT
0;578 AE 156;;VIGOULET-AUZIL;HAB;Maison Indiv;INTENSIF;DP;0;1;0;0;0;0;0;0;0;0;0;0;1;0;0;;;;;2009_2022;CONSTRUIT
0;578 AD 387;;VIGOULET-AUZIL;HAB;Maison Indiv;INTENSIF;DP;0;1;0;0;0;0;0;0;0;0;0;0;1;0;0;;;;;2009_2022;CONSTRUIT
0;578 AB 224;;VIGOULET-AUZIL;HAB;Maison Indiv;INTENSIF;DP;0;1;0;0;0;0;0;0;0;0;0;0;1;0;0;;;;;2009_2022;CONSTRUIT
0;578 AB 87;;VIGOULET-AUZIL;HAB;Maison Indiv;INTENSIF;DP;0;1;0;0;0;0;0;0;0;0;0;0;1;0;0;;;;;2022_2025;CONSTRUIT
0;578 AD 135;;VIGOULET-AUZIL;HAB;Maison Indiv;INTENSIF;DP;0;1;0;0;0;0;0;0;0;0;0;0;1;0;0;;;;;2009_2022;CONSTRUIT
;;;VIGOULET-AUZIL;HAB;Maison Indiv;INTENSIF;DP;6568;1;;;;;;;;;;;;;;;;;;2009_2022;CONSTRUIT
0;;310578;VIGOULET-AUZIL;HAB;;INTENSIF;DP;1919;12;0;0;0;0;0;4;0;0;8;0;12;12;0;Carrés du val;oui;Carrés de l'Habitat;Altéal;2009_2022;CONSTRUIT
0;;310578;VIGOULET-AUZIL;HAB;;INTENSIF;RU;3429;13;0;0;0;0;0;0;0;0;0;0;0;0;0;;oui;;;2009_2022;CONSTRUIT
0;113 CC 160;;CASTANET-TOLOSAN;HAB;;INTENSIF;DP;0;1;0;0;0;0;0;0;0;0;0;0;1;0;0;;;;;2009_2022;CONSTRUIT
0;113 BZ 16;;CASTANET-TOLOSAN;HAB;Maison Indiv;INTENSIF;DP;0;1;0;0;0;0;0;0;0;0;0;0;1;0;0;;;;;2009_2022;CONSTRUIT
0;113 BZ 17;;CASTANET-TOLOSAN;HAB;Maison Indiv;INTENSIF;DP;0;1;0;0;0;0;0;0;0;0;0;0;1;0;0;;;;;2009_2022;CONSTRUIT
0;113 BZ 17;;CASTANET-TOLOSAN;HAB;Maison Indiv;INTENSIF;DP;0;1;0;0;0;0;0;0;0;0;0;0;1;0;0;;;;;2009_2022;CONSTRUIT
0;113 BP 57;;CASTANET-TOLOSAN;HAB;Maison Indiv;INTENSIF;DP;0;1;0;0;0;0;0;0;0;0;0;0;1;0;0;;;;;2009_2022;CONSTRUIT
0;;310113;CASTANET-TOLOSAN;HAB;;Conso ENAF;EXT;11466;94;0;0;0;0;0;33;0;31;30;94;0;0;0;Clos Pampalheta;oui;Semivalhe;Promologis;2009_2022;CONSTRUIT
0;;310113;CASTANET-TOLOSAN;HAB;;INTENSIF;RU;7084;119;0;0;0;0;0;0;0;0;0;0;0;0;0;;oui;;;2009_2022;CONSTRUIT
0;;310113;CASTANET-TOLOSAN;HAB;;Conso ENAF;EXT;10601;118;0;0;0;0;0;28;0;0;90;88;0;30;0;Grande Borde;oui;LP Promotion;Cité Jardins;2009_2022;CONSTRUIT
0;;310113;CASTANET-TOLOSAN;HAB;Maison Indiv;Conso ENAF;EXT;1198;12;0;0;0;0;0;0;0;0;0;0;0;0;12;;oui;;;2009_2022;CONSTRUIT
0;;310113;CASTANET-TOLOSAN;HAB;Maison Indiv;Conso ENAF;EXT;1210;6;0;0;0;0;0;0;0;0;0;0;0;0;6;;oui;;;2009_2022;CONSTRUIT
0;;310113;CASTANET-TOLOSAN;HAB;Maison Indiv;INTENSIF;DP;1203;4;0;0;0;0;0;0;0;0;0;0;0;0;4;;oui;;;2009_2022;CONSTRUIT
0;254 AV 30;;LABEGE;HAB;;Conso ENAF;EXT;0;2;0;0;0;0;0;0;0;0;0;2;0;0;0;;;;;INC;PC
0;254 AS 7;;LABEGE;HAB;Maison Indiv;INTENSIF;DP;0;1;0;0;0;0;0;0;0;0;0;0;1;0;0;;;;;2009_2022;CONSTRUIT
0;254 AS 16;;LABEGE;HAB;;INTENSIF;DP;0;1;0;0;0;0;0;0;0;0;0;0;0;0;0;;;;;2009_2022;CONSTRUIT
0;254 AP 254;;LABEGE;HAB;;INTENSIF;DP;0;1;0;0;0;0;0;0;0;0;0;0;0;0;0;;;;;2009_2022;CONSTRUIT
0;254 AX 4;;LABEGE;HAB;Maison Indiv;INTENSIF;INC;0;1;0;0;0;0;0;0;0;0;0;0;1;0;0;;;;;INC;PC
0;254 AV 83;;LABEGE;HAB;Maison Indiv;INTENSIF;DP;0;1;0;0;0;0;0;0;0;0;0;0;1;0;0;;;;;2009_2022;CONSTRUIT
0;254 AT 257;;LABEGE;HAB;Maison Indiv;INTENSIF;DP;0;1;0;0;0;0;0;0;0;0;0;0;1;0;0;;;;;2009_2022;CONSTRUIT
0;254 AS 108;;LABEGE;HAB;Maison Indiv;INTENSIF;DP;0;1;0;0;0;0;0;0;0;0;0;0;1;0;0;;;;;2009_2022;CONSTRUIT
0;254 AT 195;;LABEGE;HAB;Maison Indiv;INTENSIF;DP;0;1;0;0;0;0;0;0;0;0;0;0;1;0;0;;;;;2009_2022;CONSTRUIT
0;254 AT 150;;LABEGE;HAB;Maison Indiv;INTENSIF;DP;0;1;0;0;0;0;0;0;0;0;0;0;1;0;0;;;;;2009_2022;CONSTRUIT
0;;310254;LABEGE;HAB;;Conso ENAF;EXT;2033;53;0;0;0;0;0;19;0;0;34;28;0;25;0;Terrasses Grand Ciel;oui;Cogedim;Promologis;2009_2022;CONSTRUIT
0;;310254;LABEGE;HAB;;INTENSIF;DC;721;6;0;0;0;0;0;0;0;0;6;0;0;0;0;;oui;;;2009_2022;CONSTRUIT
;;;RAMONVILLE-ST-AGNE;HAB;;INTENSIF;DP;716;1;;;;;;;;;;;;;;;;;;2009_2022;CONSTRUIT
;;;RAMONVILLE-ST-AGNE;HAB;;INTENSIF;DP;716;1;;;;;;;;;;;;;;;;;;2009_2022;CONSTRUIT
0;;310446;RAMONVILLE-ST-AGNE;HAB;;INTENSIF;RU;18526;174;0;0;0;0;0;33;0;24;46;101;0;0;0;Maragon Floralies;oui;Les Chalets;Les Chalets;2009_2022;CONSTRUIT
0;;310446;RAMONVILLE-ST-AGNE;HAB;;INTENSIF;DP;2797;37;0;0;0;0;0;37;0;0;0;37;0;0;0;Place Marnac;oui;SAIII;Promologis;2009_2022;CONSTRUIT
0;;310446;RAMONVILLE-ST-AGNE;HAB;;INTENSIF;DP;5010;33;0;0;0;0;0;17;0;7;9;33;0;0;0;Résidence Côté Canal 2;oui;Greencity;NLM;2009_2022;CONSTRUIT
0;;310446;RAMONVILLE-ST-AGNE;HAB;;Conso ENAF;EXT;2286;32;0;0;0;0;0;10;0;0;22;0;0;0;0;Résidence Côté Canal;oui;Greencity;Les Chalets;2009_2022;CONSTRUIT
0;;310446;RAMONVILLE-ST-AGNE;HAB;;Conso ENAF;EXT;6596;14;0;0;0;0;0;6;0;0;8;0;14;14;7;Villas du Coteau;oui;SCCV Villas du coteau;;2009_2022;CONSTRUIT
;;310384;MONTLAUR;HAB;;Conso ENAF;EXT;43911;12;;;;;;0;;0;0;0;0;0;0;Bourdette 2;oui;;;2009_2022;CONSTRUIT
0;;310035;AUZEVILLE-TOLOSANE;HAB;Maison Indiv;Conso ENAF;EXT;9590;272;0;0;0;0;0;68;62;0;0;0;0;0;0;;oui;;;2009_2022;CONSTRUIT
;;310384;MONTLAUR;HAB;;INTENSIF;RU;43911;4;;;;;;0;;0;0;0;0;0;0;;;;;2009_2022;CONSTRUIT
0;;310035;AUZEVILLE-TOLOSANE;ACT;;Conso ENAF;EXT;2297;62;0;0;0;0;0;20;0;9;0;0;0;0;0;Negret;oui;;;2009_2022;CONSTRUIT
0;;310446;RAMONVILLE-ST-AGNE;HAB;;Conso ENAF;EXT;45346;28;0;0;0;0;0;33;0;24;46;101;0;0;0;Maragon Floralies;oui;Les Chalets;Les Chalets;2009_2022;CONSTRUIT
0;;310446;RAMONVILLE-ST-AGNE;HAB;;Conso ENAF;EXT;22912;30;0;0;0;0;0;0;0;0;0;0;0;0;0;l'Osmose;oui;;;2022_2025;CONSTRUIT
0;;310446;RAMONVILLE-ST-AGNE;HAB;;Conso ENAF;EXT;45346;29;0;0;0;0;0;33;0;24;46;101;0;0;0;Maragon Floralies;oui;Les Chalets;Les Chalets;2009_2022;CONSTRUIT
0;;310446;RAMONVILLE-ST-AGNE;HAB;;Conso ENAF;EXT;45346;20;0;0;0;0;0;33;0;24;46;101;0;0;0;Maragon Floralies;oui;Les Chalets;Les Chalets;2009_2022;CONSTRUIT
0;446 AR 159;;RAMONVILLE-ST-AGNE;HAB;;Conso ENAF;EXT;0;60;0;0;0;0;0;0;0;0;0;40;0;0;0;;oui;;;2009_2022;CONSTRUIT
0;446 AR 159;;RAMONVILLE-ST-AGNE;HAB;;Conso ENAF;EXT;0;14;0;0;0;0;0;0;0;0;0;40;0;0;0;;oui;;;2009_2022;PC
;;310259;LACROIX-FALGARDE;HAB;;Conso ENAF;EXT;;45;;;;;;;;;;;;;;Serres;oui;;;;AU_OAP
;;310259;LACROIX-FALGARDE;HAB;;Conso ENAF;EXT;;13;;;;;;;;;;;;;;Moulin-Calaria1;oui;;;;AU_OAP
;;310259;LACROIX-FALGARDE;HAB;;Conso ENAF;EXT;;45;;;;;;;;;;;;;;Laques;oui;ID Aménagement;;;AU_OAP
;;310259;LACROIX-FALGARDE;HAB;;Conso ENAF;EXT;;20;;;;;;;;;;;;;;Moulin-Calaria2;oui;;;;AU_OAP
;;310575;VIEILLE-TOULOUSE;HAB;;Conso ENAF;EXT;;0;;;;;;;;;;;;;;;oui;;;;AU0_RIEN
;;310411;PECHBUSQUE;HAB;;Conso ENAF;EXT;;0;;;;;;;;;;;;;;Cazal 2;oui;;;;AU0_OAP
;;;AUREVILLE;HAB;;Conso ENAF;EXT;;0;;;;;;;;;;;;;;;;;;;AU0_RIEN
;;;AUREVILLE;HAB;;Conso ENAF;EXT;;0;;;;;;;;;;;;;;;;;;;AU0_RIEN
;;;AUREVILLE;HAB;;Conso ENAF;EXT;;0;;;;;;;;;;;;;;;;;;;AU_RIEN
;;;AUREVILLE;HAB;;Conso ENAF;EXT;;0;;;;;;;;;;;;;;;;;;;AU0_RIEN
;;;AUREVILLE;HAB;;Conso ENAF;EXT;;0;;;;;;;;;;;;;;;;;;;AU0_RIEN
;;310035;AUZEVILLE-TOLOSANE;;;Conso ENAF;EXT;;65;;;;;;;;;;;;;;Argento;oui;;;;AU0_OAP
;;310035;AUZEVILLE-TOLOSANE;;;Conso ENAF;EXT;;0;;;;;;;;;;;;;;Argento;oui;;;;AU_OAP
;;310035;AUZEVILLE-TOLOSANE;ACT;;Conso ENAF;EXT;;;;;;;;;;;;;;;;Minimes;oui;;;;U_OAP
;;310035;AUZEVILLE-TOLOSANE;HAB;;Conso ENAF;EXT;;;;;;;;;;;;;;;;Minimes;oui;;;;AU_OAP
;;310036;AUZIELLE;HAB;;Conso ENAF;EXT;;15;;;;;;;;;;;;;;Borde Petite;oui;0;0;;AU_OAP
;;310036;AUZIELLE;HAB;;Conso ENAF;EXT;;35;;;;;;;;;;;;;;Centre-Fount Grande;oui;;;;AU_OAP
;;310004;AYGUESVIVES;;;Conso ENAF;EXT;;;;;;;;;;;;;;;;;;;;;AU0_RIEN
;;310004;AYGUESVIVES;;;Conso ENAF;EXT;;;;;;;;;;;;;;;;;;;;;AU0_RIEN
;;310004;AYGUESVIVES;;;Conso ENAF;EXT;;70;;;;;;;;;;;;;;En Turet Nord;oui;;;;AU_OAP
;;310004;AYGUESVIVES;HAB;;Conso ENAF;EXT;1745;40;;;;;;;;;;;;;;St-Felix 2;oui;;;;U_OAP
;;310004;AYGUESVIVES;HAB;;INTENSIF;DP;79;15;;;;;;;;;;;;;;St-Felix 2;oui;;;;U_OAP
;;310004;AYGUESVIVES;HAB;;Conso ENAF;EXT;9597;15;;;;;;;;;;;;;;En Mauran;oui;;;;U_OAP
;;310004;AYGUESVIVES;;;Conso ENAF;EXT;4336;25;;;;;;;;;;;;;;Route de Nailloux;oui;;;;U_AU_OAP
;;310048;BAZIEGE;HAB;;Conso ENAF;EXT;;;;;;;;;;;;;;;;;;;;;AU0_RIEN
;;310048;BAZIEGE;HAB;;Conso ENAF;EXT;;110;;;;;;;;;;;;;;Lespinet A;oui;;;;AU_OAP
;;310048;BAZIEGE;HAB;;Conso ENAF;EXT;;0;;;;;;;;;;;;;;Borde Blanche;oui;;;;AU0_OAP
;;;BELBERAUD;HAB;;Conso ENAF;EXT;;40;;;;;;;;;;;;;;La Tour 2;;0;0;;AU0_OAP
;;;BELBERAUD;HAB;;Conso ENAF;EXT;;15;;;;;;;;;;;;;;Savignol;;;;;AU0_RIEN
;;;BELBERAUD;HAB;;Conso ENAF;EXT;;30;;;;;;;;;;;;;;Le Verger;;;;;AU0_RIEN
;;;CASTANET-TOLOSAN;HAB;;INTENSIF;RU;;135;;;;;;;;;;;;;;Coeur de ville;oui;;;;U_OAP
;;;CASTANET-TOLOSAN;HAB;;Conso ENAF;EXT;;60;;;;;;;;;;;;;;Agri-Parc;oui;;;;AU_OAP
;;;CASTANET-TOLOSAN;HAB;;Conso ENAF;EXT;;15;;;;;;;;;;;;;;Eco_hameau;oui;;;;AU_OAP
;;;CASTANET-TOLOSAN;ACT;;INTENSIF;DP;;;;;;;;;;;;;;;;Lautard;oui;;;;AU_OAP
;;;CLERMONT-LE-FORT;HAB;;Conso ENAF;EXT;;5;;;;;;;;;;;;;;Fraysses;oui;;;;AU_OAP
;;;CLERMONT-LE-FORT;ACT;;Conso ENAF;EXT;;;;;;;;;;;;;;;;Riverotte;;;;;AU_OAP
;;310148;CLERMONT-LE-FORT;HAB;;Conso ENAF;EXT;3562;1;;;;;;;;;;;;;;;oui;;;;U_RIEN
;;310148;CLERMONT-LE-FORT;HAB;;Conso ENAF;EXT;1373;1;;;;;;;;;;;;;;;oui;;;;U_RIEN
;;310148;CLERMONT-LE-FORT;HAB;;Conso ENAF;EXT;1222;1;;;;;;;;;;;;;;;oui;;;;U_RIEN
;;310148;CLERMONT-LE-FORT;HAB;;Conso ENAF;EXT;1459;1;;;;;;;;;;;;;;;oui;;;;U_RIEN
;;310148;CLERMONT-LE-FORT;HAB;;Conso ENAF;EXT;1444;1;;;;;;;;;;;;;;;oui;;;;U_RIEN
;;310148;CLERMONT-LE-FORT;HAB;;Conso ENAF;EXT;1400;1;;;;;;;;;;;;;;;oui;;;;U_RIEN
;;310148;CLERMONT-LE-FORT;HAB;;Conso ENAF;EXT;1001;1;;;;;;;;;;;;;;;oui;;;;U_RIEN
;;310148;CLERMONT-LE-FORT;HAB;;Conso ENAF;EXT;655;1;;;;;;;;;;;;;;;oui;;;;U_RIEN
;;310148;CLERMONT-LE-FORT;HAB;;Conso ENAF;EXT;1442;1;;;;;;;;;;;;;;;oui;;;;U_RIEN
;;310148;CLERMONT-LE-FORT;HAB;;Conso ENAF;EXT;1564;1;;;;;;;;;;;;;;;oui;;;;U_RIEN
;;310148;CLERMONT-LE-FORT;HAB;;Conso ENAF;EXT;1320;1;;;;;;;;;;;;;;;oui;;;;U_RIEN
;;;CLERMONT-LE-FORT;EQUIP;;Conso ENAF;EXT;;;;;;;;;;;;;;;;;;;;;AU_OAP
;;310161;DEYME;ACT;;Conso ENAF;EXT;;;;;;;;;;;;;;;;Monges;;;;;U_OAP
;;310162;DONNEVILLE;HAB;;Conso ENAF;EXT;;10;;;;;;;;;;;;;;Canal;oui;0;0;;AU_OAP
;;310162;DONNEVILLE;HAB;;Conso ENAF;EXT;;3;;;;;;;;;;;;;;Fontbazi 2;oui;;;;AU0_OAP
;;310162;DONNEVILLE;HAB;;INTENSIF;RU;3840;30;;;;;;;;;;;;;;Bataille;oui;0;0;;U_OAP
;;;DONNEVILLE;HAB;;INTENSIF;RU;15255;8;;;;;;;;;;;;;;;oui;;;;PC
;;310162;DONNEVILLE;HAB;;Conso ENAF;EXT;;7;;;;;;;;;;;;;;Moulin;oui;;;;U_OAP
;;;ESCALQUENS;HAB;;Conso ENAF;EXT;;125;;;;;;;;;;;;;;Sauzat;oui;;;;AU0_OAP
;;;ESCALQUENS;EQUIP;;Conso ENAF;EXT;;;;;;;;;;;;;;;;Plaine des Sports;oui;;;;AU_OAP
;;;ESCALQUENS;HAB;;Conso ENAF;EXT;;300;;;;;;;;;;;;;;Capitouls;oui;;;;AU_OAP
;;;ESCALQUENS;HAB;;INTENSIF;RU;;250;;;;;;;;;;;;;;Bourg-Centre;oui;;;;U_OAP
;;310171;ESPANES;HAB;;INTENSIF;RU;;10;;;;;;;;;;;;;;Souleilla A;oui;0;0;;AU_OAP
;;310171;ESPANES;HAB;;Conso ENAF;EXT;;6;;;;;;;;;;;;;;Souleilla C;oui;0;0;;AU_OAP
;;310171;ESPANES;HAB;;Conso ENAF;EXT;;10;;;;;;;;;;;;;;Souleilla A-B;oui;;;;AU_OAP
;;;FOURQUEVAUX;ACT;;Conso ENAF;EXT;;0;;;;;;;;;;;;;;;oui;;;;AU0_RIEN
;;;FOURQUEVAUX;HAB;;Conso ENAF;EXT;;0;;;;;;;;;;;;;;Carbonade 3;oui;;;;AU0_RIEN
;;;FOURQUEVAUX;HAB;;Conso ENAF;EXT;;50;;;;;;;;;;;;;;Restes;;;;;AU_OAP
;;;FOURQUEVAUX;HAB;;Conso ENAF;EXT;;;;;;;;;;;;;;;;;;;;;AU0_RIEN
;;;FOURQUEVAUX;HAB;;Conso ENAF;EXT;;0;;;;;;;;;;;;;;Restes 2;oui;;;;AU0_RIEN
;;310240;ISSUS;HAB;;Conso ENAF;EXT;;;;;;;;;;;;;;;;;;;;;AU0_RIEN
;;310240;ISSUS;HAB;;Conso ENAF;EXT;;;;;;;;;;;;;;;;;;;;;AU0_RIEN
;;310249;LABASTIDE-BEAUVOIR;HAB;;Conso ENAF;EXT;;0;;;;;;;;;;;;;;;;;;;AU0_RIEN
;;310249;LABASTIDE-BEAUVOIR;HAB;;Conso ENAF;EXT;;0;;;;;;;;;;;;;;;;;;;AU0_RIEN
;;;LACROIX-FALGARDE;HAB;;INTENSIF;DP;;30;;;;;;;;;;;;;;Castelviel;oui;;;;AU_OAP
;;;LACROIX-FALGARDE;HAB;;INTENSIF;DP;11740;60;;;;;;;;;;;;;;Av des Pyrénées - seniors;oui;;;;U_OAP
;;310284;LAUZERVILLE;HAB;;Conso ENAF;EXT;;;;;;;;;;;;;;;;;oui;;;;AU0_RIEN
;;310284;LAUZERVILLE;HAB;;Conso ENAF;EXT;;;;;;;;;;;;;;;;;oui;;;;AU0_RIEN
;;310284;LAUZERVILLE;HAB;;Conso ENAF;EXT;;30;;;;;;;;;;;;;;Grezes;oui;;;;U_OAP
;;310284;LAUZERVILLE;HAB;;Conso ENAF;EXT;;;;;;;;;;;;;;;;;oui;;;;AU0_RIEN
;;310284;LAUZERVILLE;HAB;;INTENSIF;RU;32;50;;;;;;;;;;;;;;Centre-Bourg;oui;;;;U_RIEN
;;;MERVILLA;HAB;;Conso ENAF;EXT;;15;;;;;;;;;;;;;;Centralité;oui;;;;AU_OAP
;;;MERVILLA;HAB;;Conso ENAF;EXT;;10;;;;;;;;;;;;;;Centralité;oui;;;;AU0_OAP
;;;MONTBRUN-LAURAGAIS;HAB;;Conso ENAF;EXT;;30;;;;;;;;;;;;;;Lanes;oui;0;0;;AU_OAP
;;;MONTBRUN-LAURAGAIS;HAB;;INTENSIF;RU;;20;;;;;;;;;;;;;;Centre-bourg;oui;;;;AU_OAP
;;;MONTBRUN-LAURAGAIS;HAB;;Conso ENAF;EXT;;24;;;;;;;;;;;;;;Picard;oui;;;;AU_OAP
;;;MONTGISCARD;HAB;;INTENSIF;RU;2097;50;;;;;;;;;;;;;;Ecole;oui;;;;REV_PLU
;;;MONTGISCARD;HAB;;INTENSIF;DC;540;25;;;;;;;;;;;;;;Rue du Vallon;oui;;;;REV_PLU
;;;MONTGISCARD;HAB;;INTENSIF;RU;1573;50;;;;;;;;;;;;;;Bourrel;oui;;;;REV_PLU
;;;MONTGISCARD;HAB;;Conso ENAF;EXT;;105;;;;;;;;;;;;;;Bruxelles;oui;;;;REV_PLU
;;;MONTLAUR;HAB;;Conso ENAF;EXT;;25;;;;;;;;;;;;;;Bourdettes;oui;;;;AU0_OAP
;;;MONTLAUR;HAB;;Conso ENAF;EXT;;80;;;;;;;;;;;;;;En Rudel;oui;;;;AU0_OAP
;;;MONTLAUR;HAB;;INTENSIF;RU;;30;;;;;;;;;;;;;;St-Lautier;oui;;;;U_OAP
;;;NOUEILLES;HAB;;Conso ENAF;EXT;;10;;;;;;;;;;;;;;;;;;;AU0_OAP
;;;NOUEILLES;HAB;;Conso ENAF;EXT;;10;;;;;;;;;;;;;;;;;;;AU0_OAP
;;;NOUEILLES;HAB;;Conso ENAF;EXT;;25;;;;;;;;;;;;;;;;;;;AU0_OAP
;;;NOUEILLES;HAB;;Conso ENAF;EXT;;20;;;;;;;;;;;;;;;;;;;AU0_OAP
;;;ODARS;HAB;;Conso ENAF;EXT;;50;;;;;;;;;;;;;;Pibrac;oui;;;;AU_OAP
;;;ODARS;HAB;;INTENSIF;RU;;30;;;;;;;;;;;;;;Centre;oui;Garoni;Colomiers Habitat;;U_OAP
;;;PECHABOU;HAB;;Conso ENAF;EXT;;200;;;;;;;;;;;;;;Musardieres-Chalet;oui;;;;U_AU_OAP
;;;PECHABOU;HAB;;INTENSIF;RU;3005;18;;;;;;;;;;;;;;;;;;;U_OAP
;;;POMPERTUZAT;HAB;;;;;25;;;;;;;;;;;;;;Clauts;oui;;;;AU_OAP
;;;POMPERTUZAT;HAB;;Conso ENAF;EXT;;0;;;;;;;;;;;;;;;;;;;AU0_RIEN
;;;POMPERTUZAT;HAB;;Conso ENAF;EXT;;0;;;;;;;;;;;;;;;;;;;AU0_RIEN
;;;POMPERTUZAT;HAB;;Conso ENAF;EXT;;40;;;;;;;;;;;;;;Tuileries Sud;oui;;;;AU_OAP
;;;POMPERTUZAT;HAB;;;;;50;;;;;;;;;;;;;;Clauts;oui;;;;AU_OAP
;;;REBIGUE;HAB;;Conso ENAF;EXT;;60;;;;;;;;;;;;;;Foutn Grando;oui;;;;AU_OAP
;;;REBIGUE;EQUIP;;Conso ENAF;EXT;83736;;;;;;;;;;;;;;;Sports;;;;;ER
;;310568;VARENNES;HAB;;Conso ENAF;EXT;;;;;;;;;;;;;;;;;;;;;AU0_RIEN
;;310568;VARENNES;HAB;;Conso ENAF;EXT;;6;;;;;;;;;;;;;;Centre C;oui;;;;AU_OAP
;;310568;VARENNES;HAB;;INTENSIF;RU;3070;3;;;;;;;;;;;;;;Centre B;oui;;;;AU_OAP
;;310568;VARENNES;HAB;;INTENSIF;RU;4934;6;;;;;;;;;;;;;;Centre A;oui;;;;AU_OAP
;;;RAMONVILLE-ST-AGNE;EQUIP;;;;;;;;;;;;;;;;;;;;;;;;AU_OAP
;;;RAMONVILLE-ST-AGNE;ACT;;;;;;;;;;;;;;;;;;;;;;;;AU_OAP
;;;RAMONVILLE-ST-AGNE;EQUIP;;;;;;;;;;;;;;;;;;;;;;;;AU_OAP
;;;LABEGE;HAB;;INTENSIF;RU;;130;;;;;;;;;;;;;;Centre;oui;Garoni;Colomiers Habitat;;U_OAP
;;;LABEGE;HAB;;Conso ENAF;EXT;;200;;;;;;;;;;;;;;Autan;oui;;;;AU_OAP
;;;LABEGE;HAB;;INTENSIF;RU;10486;60;;;;;;;;;;;;;;Chemin Ruisseau;;;;;U_OAP
;;;LABEGE;HAB;;INTENSIF;RU;;1100;;;;;;;;;;;;;;ENOVA;oui;;;;U_OAP
;;;RAMONVILLE-ST-AGNE;HAB;;INTENSIF;RU;;190;;;;;;;;;;;;;;Avenue Tolosane;;;;;U_OAP
;;;RAMONVILLE-ST-AGNE;HAB;;INTENSIF;RU;;115;;;;;;;;;;;;;;Noyau Villageois;;;;;U_OAP
;;;RAMONVILLE-ST-AGNE;HAB;;INTENSIF;RU;;210;;;;;;;;;;;;;;Sanguinettes;;;;;U_OAP
;;;RAMONVILLE-ST-AGNE;HAB;;Conso ENAF;EXT;;20;;;;;;;;;;;;;;Coteaux Sud 1;;;;;U_OAP
;;;RAMONVILLE-ST-AGNE;HAB;;Conso ENAF;EXT;;20;;;;;;;;;;;;;;Coteaux Sud 2;;;;;U_OAP
;;;RAMONVILLE-ST-AGNE;HAB;;Conso ENAF;EXT;;6;;;;;;;;;;;;;;COteaux nord;;;;;U_OAP
;;;RAMONVILLE-ST-AGNE;HAB;;Conso ENAF;EXT;;30;;;;;;;;;;;;;;Coteaux Sud 3;;;;;U_OAP
;;;RAMONVILLE-ST-AGNE;HAB;;INTENSIF;RU;;190;;;;;;;;;;;;;;Avenue Tolosane;;;;;U_OAP
;;;RAMONVILLE-ST-AGNE;HAB;;INTENSIF;RU;;115;;;;;;;;;;;;;;Noyau Villageois;;;;;U_OAP
;;;RAMONVILLE-ST-AGNE;HAB;;INTENSIF;RU;;210;;;;;;;;;;;;;;Sanguinettes;;;;;U_OAP
;;;RAMONVILLE-ST-AGNE;HAB;;Conso ENAF;EXT;;20;;;;;;;;;;;;;;Coteaux Sud 1;;;;;U_OAP
;;;RAMONVILLE-ST-AGNE;HAB;;Conso ENAF;EXT;;20;;;;;;;;;;;;;;Coteaux Sud 2;;;;;U_OAP
;;;RAMONVILLE-ST-AGNE;HAB;;Conso ENAF;EXT;;6;;;;;;;;;;;;;;COteaux nord;;;;;U_OAP
;;;RAMONVILLE-ST-AGNE;HAB;;Conso ENAF;EXT;;30;;;;;;;;;;;;;;Coteaux Sud 3;;;;;U_OAP
0;;;;;;;;;;;;;;;;;;;;;;;;;;;;
0;;;;;;;;;;;;;;;;;;;;;;;;;;;;
0;;;;;;;;0;0;0;0;0;0;0;0;0;0;0;0;0;0;0;;;;;;
